,index,destination_in_x,destination_out_x,block,safe_value_out,rebalance_file_path,fee_and_base_out,fee_and_base_in,destination_in_name,destination_out_name,out_exchange_name,in_exchange_name,pool_in,pool_out,file_name,datetime_generated,autopool_vault_address,chain_id,solver_address,rebalance_type,destination_out_y,token_out,destination_in_y,token_in,move_name,amount_out,amount_out_safe_value,min_amount_in,min_amount_in_safe_value,amount_out_spot_value,out_dest_apr,min_amount_in_spot_value,in_dest_apr,in_dest_adj_apr,apr_delta,swap_offset_period,num_candidate_destinations,candidate_destinations_rank,projected_swap_cost,projected_net_gain,projected_gross_gain,projected_slippage,valid,actual_30_day_fee_and_base_out,actual_60_day_fee_and_base_out,actual_30_day_fee_and_base_in,actual_60_day_fee_and_base_in,start_block,block_30_days,block_60_days,timestamp_30_days,timestamp_60_days
0,0,0x366C094C5563CD12AF27b9AfFF2200B0E0D056E0,0xd7900d87069C815a299bdA7aFDcd7eEe98fe4b6c,24260281,20000.763983842724,rebalance_plan_1768722827_0x1ABD0403591bE494771115d74ED9E120530f356E.json,0.02378315119265402,0.030978474142033023,Balancer Aave GHO/USDT/USDC,Curve Strategic Ethena Reserves,curve,balancerV3,0x85B2b559bC2D21104C4DEFdd6EFcA8A20343361D,0x5B03CcCAb7BA3010fA5CAd23746cbf0794938e96,rebalance_plan_1768722827_0x1ABD0403591bE494771115d74ED9E120530f356E.json,2026-01-18 07:53:47+00:00,0x1ABD0403591bE494771115d74ED9E120530f356E,1,0xcc97cc6B9DeFB70838151711c47f3834b8c97919,Pool2Pool,0xd7900d87069C815a299bdA7aFDcd7eEe98fe4b6c,0x5B03CcCAb7BA3010fA5CAd23746cbf0794938e96,0x366C094C5563CD12AF27b9AfFF2200B0E0D056E0,0x85B2b559bC2D21104C4DEFdd6EFcA8A20343361D,crvUSDe -> Aave GHO/USDT/USDC,19589.32930054341,20000.763983,19282.95986900757,19994.465877,,0.0785926587297148,,0.0907758401335475,0.09073188903382486,0.012139230304110057,20.0,2.0,0.0,6.298106000002008,2.036605548407976,8.334711548409985,0.03148932713447943,False,,,,,,,,,
1,1,0x366C094C5563CD12AF27b9AfFF2200B0E0D056E0,0xd7900d87069C815a299bdA7aFDcd7eEe98fe4b6c,24249518,20000.333002616037,rebalance_plan_1768593227_0x1ABD0403591bE494771115d74ED9E120530f356E.json,0.027008880190118274,0.03054956545036707,Balancer Aave GHO/USDT/USDC,Curve Strategic Ethena Reserves,curve,balancerV3,0x85B2b559bC2D21104C4DEFdd6EFcA8A20343361D,0x5B03CcCAb7BA3010fA5CAd23746cbf0794938e96,rebalance_plan_1768593227_0x1ABD0403591bE494771115d74ED9E120530f356E.json,2026-01-16 19:53:47+00:00,0x1ABD0403591bE494771115d74ED9E120530f356E,1,0xcc97cc6B9DeFB70838151711c47f3834b8c97919,Pool2Pool,0xd7900d87069C815a299bdA7aFDcd7eEe98fe4b6c,0x5B03CcCAb7BA3010fA5CAd23746cbf0794938e96,0x366C094C5563CD12AF27b9AfFF2200B0E0D056E0,0x85B2b559bC2D21104C4DEFdd6EFcA8A20343361D,crvUSDe -> Aave GHO/USDT/USDC,19588.38917819852,20000.333002,19284.17661268806,19992.591354,,0.07613304723289582,,0.09063554012137626,0.09059113798966406,0.014458090756768238,20.0,2.0,0.0,7.741647999999259,2.2146217258569196,9.956269725856178,0.038707595514660215,False,,,,,,,,,
2,2,0x366C094C5563CD12AF27b9AfFF2200B0E0D056E0,0xd7900d87069C815a299bdA7aFDcd7eEe98fe4b6c,24247726,19998.78563524008,rebalance_plan_1768571627_0x1ABD0403591bE494771115d74ED9E120530f356E.json,0.027500671345344722,0.030252970274479415,Balancer Aave GHO/USDT/USDC,Curve Strategic Ethena Reserves,curve,balancerV3,0x85B2b559bC2D21104C4DEFdd6EFcA8A20343361D,0x5B03CcCAb7BA3010fA5CAd23746cbf0794938e96,rebalance_plan_1768571627_0x1ABD0403591bE494771115d74ED9E120530f356E.json,2026-01-16 13:53:47+00:00,0x1ABD0403591bE494771115d74ED9E120530f356E,1,0xcc97cc6B9DeFB70838151711c47f3834b8c97919,Pool2Pool,0xd7900d87069C815a299bdA7aFDcd7eEe98fe4b6c,0x5B03CcCAb7BA3010fA5CAd23746cbf0794938e96,0x366C094C5563CD12AF27b9AfFF2200B0E0D056E0,0x85B2b559bC2D21104C4DEFdd6EFcA8A20343361D,crvUSDe -> Aave GHO/USDT/USDC,19586.528385776262,19998.785635,19282.762703744116,19990.637187,,0.07234673365249474,,0.09046203419329077,0.09041751077133627,0.01807077711884153,20.0,2.0,0.0,8.148447999999917,5.6809436111458345,13.829391611145752,0.04074471394772724,False,,,,,,,,,
3,3,0x3F3565C5A2AA05F76830A5a51c2F32018De856A3,0xC5c95fCad37E466E25e6ecA1977bbF75C0E1004a,24245928,55.36877193127295,rebalance_plan_1768550027_0x1ABD0403591bE494771115d74ED9E120530f356E.json,0.0,0.07961691539069694,Gauntlet USDC Core,Steakhouse USDC,morpho,morpho,0x8eB67A509616cd6A7c1B3c8C21D48FF57df3d458,0xBEEF01735c132Ada46AA9aA4c54623cAA92A64CB,rebalance_plan_1768550027_0x1ABD0403591bE494771115d74ED9E120530f356E.json,2026-01-16 07:53:47+00:00,0x1ABD0403591bE494771115d74ED9E120530f356E,1,0xcc97cc6B9DeFB70838151711c47f3834b8c97919,Pool2Pool,0xC5c95fCad37E466E25e6ecA1977bbF75C0E1004a,0xBEEF01735c132Ada46AA9aA4c54623cAA92A64CB,0x3F3565C5A2AA05F76830A5a51c2F32018De856A3,0x8eB67A509616cd6A7c1B3c8C21D48FF57df3d458,steakUSDC -> gtUSDCcore,49.67167873837503,55.368771,48.61871354394091,55.360496,,0.0028955635994157305,,0.08245507065059725,0.08245506634990965,0.07955950275049392,20.0,0.0,,0.008275000000004695,0.0,0.0,0.014945247746251574,False,,,,,,,,,
4,4,0x366C094C5563CD12AF27b9AfFF2200B0E0D056E0,0xd7900d87069C815a299bdA7aFDcd7eEe98fe4b6c,24244134,22913.722882151458,rebalance_plan_1768528428_0x1ABD0403591bE494771115d74ED9E120530f356E.json,0.01993671323524967,0.02988011558908056,Balancer Aave GHO/USDT/USDC,Curve Strategic Ethena Reserves,curve,balancerV3,0x85B2b559bC2D21104C4DEFdd6EFcA8A20343361D,0x5B03CcCAb7BA3010fA5CAd23746cbf0794938e96,rebalance_plan_1768528428_0x1ABD0403591bE494771115d74ED9E120530f356E.json,2026-01-16 01:53:48+00:00,0x1ABD0403591bE494771115d74ED9E120530f356E,1,0xcc97cc6B9DeFB70838151711c47f3834b8c97919,Pool2Pool,0xd7900d87069C815a299bdA7aFDcd7eEe98fe4b6c,0x5B03CcCAb7BA3010fA5CAd23746cbf0794938e96,0x366C094C5563CD12AF27b9AfFF2200B0E0D056E0,0x85B2b559bC2D21104C4DEFdd6EFcA8A20343361D,crvUSDe -> Aave GHO/USDT/USDC,22438.45398822683,22913.722882,22088.89427229148,22902.042086,,0.06467141743188727,,0.0914914791000311,0.09143805953808902,0.02676664210620175,20.0,2.0,0.0,11.680795999996917,13.77932241547842,25.460118415475335,0.050977294524116076,False,,,,,,,,,
5,5,0x366C094C5563CD12AF27b9AfFF2200B0E0D056E0,0xd7900d87069C815a299bdA7aFDcd7eEe98fe4b6c,24242507,30551.301412210116,rebalance_plan_1768508821_0x1ABD0403591bE494771115d74ED9E120530f356E.json,0.0195656177759364,0.029745217729867712,Balancer Aave GHO/USDT/USDC,Curve Strategic Ethena Reserves,curve,balancerV3,0x85B2b559bC2D21104C4DEFdd6EFcA8A20343361D,0x5B03CcCAb7BA3010fA5CAd23746cbf0794938e96,rebalance_plan_1768508821_0x1ABD0403591bE494771115d74ED9E120530f356E.json,2026-01-15 20:27:01+00:00,0x1ABD0403591bE494771115d74ED9E120530f356E,1,0xcc97cc6B9DeFB70838151711c47f3834b8c97919,Pool2Pool,0xd7900d87069C815a299bdA7aFDcd7eEe98fe4b6c,0x5B03CcCAb7BA3010fA5CAd23746cbf0794938e96,0x366C094C5563CD12AF27b9AfFF2200B0E0D056E0,0x85B2b559bC2D21104C4DEFdd6EFcA8A20343361D,crvUSDe -> Aave GHO/USDT/USDC,29917.938650969103,30551.301412,29452.259403688415,30535.150323,,0.057205728152338,,0.09145768503644876,0.09138625076779312,0.03418052261545512,20.0,3.0,0.0,16.151088999999047,31.382804120895226,47.53389312089428,0.052865469729728734,False,,,,,,,,,
6,6,0x366C094C5563CD12AF27b9AfFF2200B0E0D056E0,0xd7900d87069C815a299bdA7aFDcd7eEe98fe4b6c,24240545,40745.59966401863,rebalance_plan_1768485228_0x1ABD0403591bE494771115d74ED9E120530f356E.json,0.01754250813071355,0.029451649727188313,Balancer Aave GHO/USDT/USDC,Curve Strategic Ethena Reserves,curve,balancerV3,0x85B2b559bC2D21104C4DEFdd6EFcA8A20343361D,0x5B03CcCAb7BA3010fA5CAd23746cbf0794938e96,rebalance_plan_1768485228_0x1ABD0403591bE494771115d74ED9E120530f356E.json,2026-01-15 13:53:48+00:00,0x1ABD0403591bE494771115d74ED9E120530f356E,1,0xcc97cc6B9DeFB70838151711c47f3834b8c97919,Pool2Pool,0xd7900d87069C815a299bdA7aFDcd7eEe98fe4b6c,0x5B03CcCAb7BA3010fA5CAd23746cbf0794938e96,0x366C094C5563CD12AF27b9AfFF2200B0E0D056E0,0x85B2b559bC2D21104C4DEFdd6EFcA8A20343361D,crvUSDe -> Aave GHO/USDT/USDC,39890.5848679588,40745.599664,39262.23559587885,40704.723861,,0.051394105521070085,,0.09143109765861519,0.09133534085235469,0.0399412353312846,20.0,3.0,0.0,40.875803000002634,79.28878561794947,120.1645886179521,0.10031955189536128,False,,,,,,,,,
7,7,0xC5c95fCad37E466E25e6ecA1977bbF75C0E1004a,0x3F3565C5A2AA05F76830A5a51c2F32018De856A3,24236963,55.36154613382923,rebalance_plan_1768442027_0x1ABD0403591bE494771115d74ED9E120530f356E.json,0.03981454421849603,0.08130712150039003,Steakhouse USDC,Gauntlet USDC Core,morpho,morpho,0xBEEF01735c132Ada46AA9aA4c54623cAA92A64CB,0x8eB67A509616cd6A7c1B3c8C21D48FF57df3d458,rebalance_plan_1768442027_0x1ABD0403591bE494771115d74ED9E120530f356E.json,2026-01-15 01:53:47+00:00,0x1ABD0403591bE494771115d74ED9E120530f356E,1,0xcc97cc6B9DeFB70838151711c47f3834b8c97919,Pool2Pool,0x3F3565C5A2AA05F76830A5a51c2F32018De856A3,0x8eB67A509616cd6A7c1B3c8C21D48FF57df3d458,0xC5c95fCad37E466E25e6ecA1977bbF75C0E1004a,0xBEEF01735c132Ada46AA9aA4c54623cAA92A64CB,gtUSDCcore -> steakUSDC,48.646568415963316,55.361594,49.644365107136366,55.353266,,0.042840814975524784,,0.08437648236137124,0.08437648197582223,0.04153566700029745,20.0,0.0,,0.00832799999999878,0.0,0.0,0.01504291946506956,False,,,,,,,,,
8,8,0x366C094C5563CD12AF27b9AfFF2200B0E0D056E0,0xd7900d87069C815a299bdA7aFDcd7eEe98fe4b6c,24234957,54301.829869483045,rebalance_plan_1768417787_0x1ABD0403591bE494771115d74ED9E120530f356E.json,0.01243354227935219,0.02849966211132153,Balancer Aave GHO/USDT/USDC,Curve Strategic Ethena Reserves,curve,balancerV3,0x85B2b559bC2D21104C4DEFdd6EFcA8A20343361D,0x5B03CcCAb7BA3010fA5CAd23746cbf0794938e96,rebalance_plan_1768417787_0x1ABD0403591bE494771115d74ED9E120530f356E.json,2026-01-14 19:09:47+00:00,0x1ABD0403591bE494771115d74ED9E120530f356E,1,0xcc97cc6B9DeFB70838151711c47f3834b8c97919,Pool2Pool,0xd7900d87069C815a299bdA7aFDcd7eEe98fe4b6c,0x5B03CcCAb7BA3010fA5CAd23746cbf0794938e96,0x366C094C5563CD12AF27b9AfFF2200B0E0D056E0,0x85B2b559bC2D21104C4DEFdd6EFcA8A20343361D,crvUSDe -> Aave GHO/USDT/USDC,53187.44649061174,54301.829869,52367.552522038386,54287.413449,,0.040434834450356394,,0.08682525015399974,0.08670429595497807,0.046269461504621676,20.0,3.0,0.0,14.41642000000138,111.4033126496448,125.81973264964618,0.02654868175672929,False,,,,,,,,,
9,9,0xd7900d87069C815a299bdA7aFDcd7eEe98fe4b6c,0x366C094C5563CD12AF27b9AfFF2200B0E0D056E0,24192182,33480.62469931991,rebalance_plan_1767902028_0x1ABD0403591bE494771115d74ED9E120530f356E.json,0.027892830733875197,0.08452964985067504,Curve Strategic Ethena Reserves,Balancer Aave GHO/USDT/USDC,balancerV3,curve,0x5B03CcCAb7BA3010fA5CAd23746cbf0794938e96,0x85B2b559bC2D21104C4DEFdd6EFcA8A20343361D,rebalance_plan_1767902028_0x1ABD0403591bE494771115d74ED9E120530f356E.json,2026-01-08 19:53:48+00:00,0x1ABD0403591bE494771115d74ED9E120530f356E,1,0xcc97cc6B9DeFB70838151711c47f3834b8c97919,Pool2Pool,0x366C094C5563CD12AF27b9AfFF2200B0E0D056E0,0x85B2b559bC2D21104C4DEFdd6EFcA8A20343361D,0xd7900d87069C815a299bdA7aFDcd7eEe98fe4b6c,0x5B03CcCAb7BA3010fA5CAd23746cbf0794938e96,Aave GHO/USDT/USDC -> crvUSDe,32345.52325184298,33480.624699,32801.24263485171,33466.266181,,0.08585927632046553,,0.10470588963092428,0.10323332901215346,0.01737405269168793,20.0,1.0,0.0,14.358518000000913,10.601758214214165,24.960276214215078,0.04288605164655059,False,,,,,,,,,
10,10,0xd7900d87069C815a299bdA7aFDcd7eEe98fe4b6c,0x366C094C5563CD12AF27b9AfFF2200B0E0D056E0,24190390,44639.021583124435,rebalance_plan_1767880427_0x1ABD0403591bE494771115d74ED9E120530f356E.json,0.027791033018614665,0.09172251943906531,Curve Strategic Ethena Reserves,Balancer Aave GHO/USDT/USDC,balancerV3,curve,0x5B03CcCAb7BA3010fA5CAd23746cbf0794938e96,0x85B2b559bC2D21104C4DEFdd6EFcA8A20343361D,rebalance_plan_1767880427_0x1ABD0403591bE494771115d74ED9E120530f356E.json,2026-01-08 13:53:47+00:00,0x1ABD0403591bE494771115d74ED9E120530f356E,1,0xcc97cc6B9DeFB70838151711c47f3834b8c97919,Pool2Pool,0x366C094C5563CD12AF27b9AfFF2200B0E0D056E0,0x85B2b559bC2D21104C4DEFdd6EFcA8A20343361D,0xd7900d87069C815a299bdA7aFDcd7eEe98fe4b6c,0x5B03CcCAb7BA3010fA5CAd23746cbf0794938e96,Aave GHO/USDT/USDC -> crvUSDe,43127.36433579064,44639.021583,43739.67425836225,44626.380619,,0.08553861971343293,,0.11234476640304412,0.110337393268221,0.024798773554788073,20.0,1.0,0.0,12.640963999998348,47.06608695172815,59.7070509517265,0.028318192361125677,False,,,,,,,,,
11,11,0xd7900d87069C815a299bdA7aFDcd7eEe98fe4b6c,0x366C094C5563CD12AF27b9AfFF2200B0E0D056E0,24185031,59530.02356519812,rebalance_plan_1767815627_0x1ABD0403591bE494771115d74ED9E120530f356E.json,0.027847675350444828,0.09143940544144606,Curve Strategic Ethena Reserves,Balancer Aave GHO/USDT/USDC,balancerV3,curve,0x5B03CcCAb7BA3010fA5CAd23746cbf0794938e96,0x85B2b559bC2D21104C4DEFdd6EFcA8A20343361D,rebalance_plan_1767815627_0x1ABD0403591bE494771115d74ED9E120530f356E.json,2026-01-07 19:53:47+00:00,0x1ABD0403591bE494771115d74ED9E120530f356E,1,0xcc97cc6B9DeFB70838151711c47f3834b8c97919,Pool2Pool,0x366C094C5563CD12AF27b9AfFF2200B0E0D056E0,0x85B2b559bC2D21104C4DEFdd6EFcA8A20343361D,0xd7900d87069C815a299bdA7aFDcd7eEe98fe4b6c,0x5B03CcCAb7BA3010fA5CAd23746cbf0794938e96,Aave GHO/USDT/USDC -> crvUSDe,57503.15244772086,59530.023565,58315.61735657767,59507.353392,,0.08526498000480184,,0.112938082225512,0.11019997496538636,0.024934994960584517,20.0,1.0,0.0,22.67017300000589,37.97469901321191,60.6448720132178,0.03808191504451975,False,,,,,,,,,
12,12,0xd7900d87069C815a299bdA7aFDcd7eEe98fe4b6c,0x366C094C5563CD12AF27b9AfFF2200B0E0D056E0,24179654,79391.15239542132,rebalance_plan_1767750828_0x1ABD0403591bE494771115d74ED9E120530f356E.json,0.027534567348003865,0.07762131060852764,Curve Strategic Ethena Reserves,Balancer Aave GHO/USDT/USDC,balancerV3,curve,0x5B03CcCAb7BA3010fA5CAd23746cbf0794938e96,0x85B2b559bC2D21104C4DEFdd6EFcA8A20343361D,rebalance_plan_1767750828_0x1ABD0403591bE494771115d74ED9E120530f356E.json,2026-01-07 01:53:48+00:00,0x1ABD0403591bE494771115d74ED9E120530f356E,1,0xcc97cc6B9DeFB70838151711c47f3834b8c97919,Pool2Pool,0x366C094C5563CD12AF27b9AfFF2200B0E0D056E0,0x85B2b559bC2D21104C4DEFdd6EFcA8A20343361D,0xd7900d87069C815a299bdA7aFDcd7eEe98fe4b6c,0x5B03CcCAb7BA3010fA5CAd23746cbf0794938e96,Aave GHO/USDT/USDC -> crvUSDe,76670.86993029447,79391.152395,77749.23002571374,79361.26165,,0.08646326191410353,,0.11093627882104011,0.10326442675621886,0.01680116484211533,20.0,1.0,0.0,29.89074499999697,28.008349956209106,57.89909495620607,0.03764996992521231,False,,,,,,,,,
13,13,0x3F3565C5A2AA05F76830A5a51c2F32018De856A3,0xC5c95fCad37E466E25e6ecA1977bbF75C0E1004a,24165313,55.28167290083119,rebalance_plan_1767578028_0x1ABD0403591bE494771115d74ED9E120530f356E.json,0.04063661657162343,0.07962980584254462,Gauntlet USDC Core,Steakhouse USDC,morpho,morpho,0x8eB67A509616cd6A7c1B3c8C21D48FF57df3d458,0xBEEF01735c132Ada46AA9aA4c54623cAA92A64CB,rebalance_plan_1767578028_0x1ABD0403591bE494771115d74ED9E120530f356E.json,2026-01-05 01:53:48+00:00,0x1ABD0403591bE494771115d74ED9E120530f356E,1,0xcc97cc6B9DeFB70838151711c47f3834b8c97919,Pool2Pool,0xC5c95fCad37E466E25e6ecA1977bbF75C0E1004a,0xBEEF01735c132Ada46AA9aA4c54623cAA92A64CB,0x3F3565C5A2AA05F76830A5a51c2F32018De856A3,0x8eB67A509616cd6A7c1B3c8C21D48FF57df3d458,steakUSDC -> gtUSDCcore,49.65059977764892,55.281672,48.61980964165548,55.273374,,0.04365195832343277,,0.08311206316097748,0.08311205802930002,0.03946009970586725,20.0,0.0,,0.00829800000000347,0.0,0.0,0.015010399830170601,False,,,,,,,,,
14,14,0xC5c95fCad37E466E25e6ecA1977bbF75C0E1004a,0x0f170e37E5E0C617148517B831A49292c38c363d,24158141,55.27482628020435,rebalance_plan_1767491627_0x1ABD0403591bE494771115d74ED9E120530f356E.json,0.04037121858061168,0.08002050327065664,Steakhouse USDC,Gauntlet USDC Prime,morpho,morpho,0xBEEF01735c132Ada46AA9aA4c54623cAA92A64CB,0xdd0f28e19C1780eb6396170735D45153D261490d,rebalance_plan_1767491627_0x1ABD0403591bE494771115d74ED9E120530f356E.json,2026-01-04 01:53:47+00:00,0x1ABD0403591bE494771115d74ED9E120530f356E,1,0xcc97cc6B9DeFB70838151711c47f3834b8c97919,Pool2Pool,0x0f170e37E5E0C617148517B831A49292c38c363d,0xdd0f28e19C1780eb6396170735D45153D261490d,0xC5c95fCad37E466E25e6ecA1977bbF75C0E1004a,0xBEEF01735c132Ada46AA9aA4c54623cAA92A64CB,gtUSDC -> steakUSDC,50.098544468617824,55.274776,49.623279916100834,55.266502,,0.04365210968531002,,0.08321371932960528,0.08321371887581727,0.03956160919050725,20.0,0.0,,0.008274000000000115,0.0,0.0,0.014968853062380777,False,,,,,,,,,
15,15,0x0f170e37E5E0C617148517B831A49292c38c363d,0x3F3565C5A2AA05F76830A5a51c2F32018De856A3,24150969,55.267608175764344,rebalance_plan_1767405227_0x1ABD0403591bE494771115d74ED9E120530f356E.json,0.03988263699184691,0.08214526934227927,Gauntlet USDC Prime,Gauntlet USDC Core,morpho,morpho,0xdd0f28e19C1780eb6396170735D45153D261490d,0x8eB67A509616cd6A7c1B3c8C21D48FF57df3d458,rebalance_plan_1767405227_0x1ABD0403591bE494771115d74ED9E120530f356E.json,2026-01-03 01:53:47+00:00,0x1ABD0403591bE494771115d74ED9E120530f356E,1,0xcc97cc6B9DeFB70838151711c47f3834b8c97919,Pool2Pool,0x3F3565C5A2AA05F76830A5a51c2F32018De856A3,0x8eB67A509616cd6A7c1B3c8C21D48FF57df3d458,0x0f170e37E5E0C617148517B831A49292c38c363d,0xdd0f28e19C1780eb6396170735D45153D261490d,gtUSDCcore -> gtUSDC,48.64708098347965,55.267608,50.07095911862304,55.259287,,0.043403109435389775,,0.08537543365194503,0.08537543226344893,0.041972322828059155,20.0,0.0,,0.008321000000002243,0.0,0.0,0.015055835237165038,False,,,,,,,,,
16,16,0x3F3565C5A2AA05F76830A5a51c2F32018De856A3,0x1ABD0403591bE494771115d74ED9E120530f356E,24079328,55.193,rebalance_plan_1766541228_0x1ABD0403591bE494771115d74ED9E120530f356E.json,,0.07975859680187088,Gauntlet USDC Core,anchrgUSD,tokemak,morpho,0x8eB67A509616cd6A7c1B3c8C21D48FF57df3d458,0x1ABD0403591bE494771115d74ED9E120530f356E,rebalance_plan_1766541228_0x1ABD0403591bE494771115d74ED9E120530f356E.json,2025-12-24 01:53:48+00:00,0x1ABD0403591bE494771115d74ED9E120530f356E,1,0xcc97cc6B9DeFB70838151711c47f3834b8c97919,FromIdle,0x1ABD0403591bE494771115d74ED9E120530f356E,0xA0b86991c6218b36c1d19D4a2e9Eb0cE3606eB48,0x3F3565C5A2AA05F76830A5a51c2F32018De856A3,0x8eB67A509616cd6A7c1B3c8C21D48FF57df3d458,anchrgUSD -> gtUSDCcore,55.193,55.193,48.620337768055954,55.184721,,,,0.08338505028435513,0.08338504415250741,0.08338504415250741,20.0,3.0,0.0,0.008278999999994596,0.22508517509180612,0.2333641750918007,0.01500009059118837,False,0.0,0.0,,,,,,,
17,17,0x366C094C5563CD12AF27b9AfFF2200B0E0D056E0,0x3F3565C5A2AA05F76830A5a51c2F32018De856A3,24073958,56.728036202676456,rebalance_plan_1766476428_0x1ABD0403591bE494771115d74ED9E120530f356E.json,0.0392083401968238,0.030132515373158433,Balancer Aave GHO/USDT/USDC,Gauntlet USDC Core,morpho,balancerV3,0x85B2b559bC2D21104C4DEFdd6EFcA8A20343361D,0x8eB67A509616cd6A7c1B3c8C21D48FF57df3d458,rebalance_plan_1766476428_0x1ABD0403591bE494771115d74ED9E120530f356E.json,2025-12-23 07:53:48+00:00,0x1ABD0403591bE494771115d74ED9E120530f356E,1,0xcc97cc6B9DeFB70838151711c47f3834b8c97919,Pool2Pool,0x3F3565C5A2AA05F76830A5a51c2F32018De856A3,0x8eB67A509616cd6A7c1B3c8C21D48FF57df3d458,0x366C094C5563CD12AF27b9AfFF2200B0E0D056E0,0x85B2b559bC2D21104C4DEFdd6EFcA8A20343361D,gtUSDCcore -> Aave GHO/USDT/USDC,50.00523270707225,56.728036,54.80552863223788,56.714683,,0.04289055293779094,,0.08868406593805532,0.08868391149472467,0.04579335855693373,20.0,3.0,0.0,0.013353000000002169,0.10104632538325421,0.11439932538325638,0.02353862559247101,False,,,,,,,,,
18,18,0x3F3565C5A2AA05F76830A5a51c2F32018De856A3,0x1ABD0403591bE494771115d74ED9E120530f356E,24072165,56.726,rebalance_plan_1766454827_0x1ABD0403591bE494771115d74ED9E120530f356E.json,,0.07988431729628062,Gauntlet USDC Core,anchrgUSD,tokemak,morpho,0x8eB67A509616cd6A7c1B3c8C21D48FF57df3d458,0x1ABD0403591bE494771115d74ED9E120530f356E,rebalance_plan_1766454827_0x1ABD0403591bE494771115d74ED9E120530f356E.json,2025-12-23 01:53:47+00:00,0x1ABD0403591bE494771115d74ED9E120530f356E,1,0xcc97cc6B9DeFB70838151711c47f3834b8c97919,FromIdle,0x1ABD0403591bE494771115d74ED9E120530f356E,0xA0b86991c6218b36c1d19D4a2e9Eb0cE3606eB48,0x3F3565C5A2AA05F76830A5a51c2F32018De856A3,0x8eB67A509616cd6A7c1B3c8C21D48FF57df3d458,anchrgUSD -> gtUSDCcore,56.726,56.726,49.977768366902616,56.717491,,,,0.08379082618162717,0.08379081939147832,0.08379081939147832,20.0,3.0,0.0,0.008508999999996547,0.24090573336755577,0.24941473336755232,0.01500017628600033,False,0.0,0.0,,,,,,,
19,19,0x366C094C5563CD12AF27b9AfFF2200B0E0D056E0,0x1ABD0403591bE494771115d74ED9E120530f356E,24065003,57.023,rebalance_plan_1766368428_0x1ABD0403591bE494771115d74ED9E120530f356E.json,,0.031431993400544214,Balancer Aave GHO/USDT/USDC,anchrgUSD,tokemak,balancerV3,0x85B2b559bC2D21104C4DEFdd6EFcA8A20343361D,0x1ABD0403591bE494771115d74ED9E120530f356E,rebalance_plan_1766368428_0x1ABD0403591bE494771115d74ED9E120530f356E.json,2025-12-22 01:53:48+00:00,0x1ABD0403591bE494771115d74ED9E120530f356E,1,0xcc97cc6B9DeFB70838151711c47f3834b8c97919,FromIdle,0x1ABD0403591bE494771115d74ED9E120530f356E,0xA0b86991c6218b36c1d19D4a2e9Eb0cE3606eB48,0x366C094C5563CD12AF27b9AfFF2200B0E0D056E0,0x85B2b559bC2D21104C4DEFdd6EFcA8A20343361D,anchrgUSD -> Aave GHO/USDT/USDC,57.023,57.023,55.08771015021777,56.995654,,,,0.0904061705821411,0.09040601345240293,0.09040601345240293,20.0,3.0,0.0,0.027346000000001425,0.24092302448222674,0.26826902448222817,0.04795608789436091,False,0.0,0.0,,,,,,,
20,20,0x366C094C5563CD12AF27b9AfFF2200B0E0D056E0,0x1ABD0403591bE494771115d74ED9E120530f356E,24057827,59.464,rebalance_plan_1766282027_0x1ABD0403591bE494771115d74ED9E120530f356E.json,,0.03177490667671901,Balancer Aave GHO/USDT/USDC,anchrgUSD,tokemak,balancerV3,0x85B2b559bC2D21104C4DEFdd6EFcA8A20343361D,0x1ABD0403591bE494771115d74ED9E120530f356E,rebalance_plan_1766282027_0x1ABD0403591bE494771115d74ED9E120530f356E.json,2025-12-21 01:53:47+00:00,0x1ABD0403591bE494771115d74ED9E120530f356E,1,0xcc97cc6B9DeFB70838151711c47f3834b8c97919,FromIdle,0x1ABD0403591bE494771115d74ED9E120530f356E,0xA0b86991c6218b36c1d19D4a2e9Eb0cE3606eB48,0x366C094C5563CD12AF27b9AfFF2200B0E0D056E0,0x85B2b559bC2D21104C4DEFdd6EFcA8A20343361D,anchrgUSD -> Aave GHO/USDT/USDC,59.464,59.464,57.4516137636066,59.432806,,,,0.09053050239957536,0.0905303395038872,0.0905303395038872,20.0,3.0,0.0,0.031193999999999278,0.24882781213664204,0.28002181213664135,0.052458630431856716,False,0.0,0.0,,,,,,,
21,21,0x366C094C5563CD12AF27b9AfFF2200B0E0D056E0,0x1ABD0403591bE494771115d74ED9E120530f356E,24050658,55.163,rebalance_plan_1766195628_0x1ABD0403591bE494771115d74ED9E120530f356E.json,,0.03371640289045923,Balancer Aave GHO/USDT/USDC,anchrgUSD,tokemak,balancerV3,0x85B2b559bC2D21104C4DEFdd6EFcA8A20343361D,0x1ABD0403591bE494771115d74ED9E120530f356E,rebalance_plan_1766195628_0x1ABD0403591bE494771115d74ED9E120530f356E.json,2025-12-20 01:53:48+00:00,0x1ABD0403591bE494771115d74ED9E120530f356E,1,0xcc97cc6B9DeFB70838151711c47f3834b8c97919,FromIdle,0x1ABD0403591bE494771115d74ED9E120530f356E,0xA0b86991c6218b36c1d19D4a2e9Eb0cE3606eB48,0x366C094C5563CD12AF27b9AfFF2200B0E0D056E0,0x85B2b559bC2D21104C4DEFdd6EFcA8A20343361D,anchrgUSD -> Aave GHO/USDT/USDC,55.163,55.163,53.30278957079097,55.141003,,,,0.09318874900401908,0.0931885942481076,0.0931885942481076,20.0,3.0,0.0,0.021996999999998934,0.24154039462502377,0.2635373946250227,0.03987636640501593,False,0.0,0.0,,,,,,,
22,22,0x366C094C5563CD12AF27b9AfFF2200B0E0D056E0,0x1ABD0403591bE494771115d74ED9E120530f356E,24043502,63.732,rebalance_plan_1766109228_0x1ABD0403591bE494771115d74ED9E120530f356E.json,,0.03325215431498996,Balancer Aave GHO/USDT/USDC,anchrgUSD,tokemak,balancerV3,0x85B2b559bC2D21104C4DEFdd6EFcA8A20343361D,0x1ABD0403591bE494771115d74ED9E120530f356E,rebalance_plan_1766109228_0x1ABD0403591bE494771115d74ED9E120530f356E.json,2025-12-19 01:53:48+00:00,0x1ABD0403591bE494771115d74ED9E120530f356E,1,0xcc97cc6B9DeFB70838151711c47f3834b8c97919,FromIdle,0x1ABD0403591bE494771115d74ED9E120530f356E,0xA0b86991c6218b36c1d19D4a2e9Eb0cE3606eB48,0x366C094C5563CD12AF27b9AfFF2200B0E0D056E0,0x85B2b559bC2D21104C4DEFdd6EFcA8A20343361D,anchrgUSD -> Aave GHO/USDT/USDC,63.732,63.732,61.586588453945645,63.707476,,,,0.10331575305764273,0.10331550344318628,0.10331550344318628,20.0,3.0,0.0,0.024523999999999546,0.3154322373502586,0.33995623735025815,0.038479884516411766,False,0.0,0.0,,,,,,,
23,23,0x366C094C5563CD12AF27b9AfFF2200B0E0D056E0,0x1ABD0403591bE494771115d74ED9E120530f356E,24036345,61.268,rebalance_plan_1766022828_0x1ABD0403591bE494771115d74ED9E120530f356E.json,,0.03524450156696818,Balancer Aave GHO/USDT/USDC,anchrgUSD,tokemak,balancerV3,0x85B2b559bC2D21104C4DEFdd6EFcA8A20343361D,0x1ABD0403591bE494771115d74ED9E120530f356E,rebalance_plan_1766022828_0x1ABD0403591bE494771115d74ED9E120530f356E.json,2025-12-18 01:53:48+00:00,0x1ABD0403591bE494771115d74ED9E120530f356E,1,0xcc97cc6B9DeFB70838151711c47f3834b8c97919,FromIdle,0x1ABD0403591bE494771115d74ED9E120530f356E,0xA0b86991c6218b36c1d19D4a2e9Eb0cE3606eB48,0x366C094C5563CD12AF27b9AfFF2200B0E0D056E0,0x85B2b559bC2D21104C4DEFdd6EFcA8A20343361D,anchrgUSD -> Aave GHO/USDT/USDC,61.268,61.268,59.209136332152674,61.244812,,,,0.11293585539145257,0.11293556671445076,0.11293556671445076,20.0,3.0,0.0,0.023187999999997544,0.33737315127896367,0.3605611512789612,0.03784683684794272,False,0.0,0.0,,,,,,,
24,24,0x366C094C5563CD12AF27b9AfFF2200B0E0D056E0,0x1ABD0403591bE494771115d74ED9E120530f356E,24029185,97.999,rebalance_plan_1765936428_0x1ABD0403591bE494771115d74ED9E120530f356E.json,,0.03577200479071119,Balancer Aave GHO/USDT/USDC,anchrgUSD,tokemak,balancerV3,0x85B2b559bC2D21104C4DEFdd6EFcA8A20343361D,0x1ABD0403591bE494771115d74ED9E120530f356E,rebalance_plan_1765936428_0x1ABD0403591bE494771115d74ED9E120530f356E.json,2025-12-17 01:53:48+00:00,0x1ABD0403591bE494771115d74ED9E120530f356E,1,0xcc97cc6B9DeFB70838151711c47f3834b8c97919,FromIdle,0x1ABD0403591bE494771115d74ED9E120530f356E,0xA0b86991c6218b36c1d19D4a2e9Eb0cE3606eB48,0x366C094C5563CD12AF27b9AfFF2200B0E0D056E0,0x85B2b559bC2D21104C4DEFdd6EFcA8A20343361D,anchrgUSD -> Aave GHO/USDT/USDC,97.999,97.999,94.70770078505731,97.958595,,,,0.10782065167915347,0.10782025549039767,0.10782025549039767,20.0,3.0,0.0,0.0404049999999927,0.515558848523505,0.5559638485234977,0.04123001255114103,False,0.0,0.0,,,,,,,
25,25,0x366C094C5563CD12AF27b9AfFF2200B0E0D056E0,0x1ABD0403591bE494771115d74ED9E120530f356E,24014856,106.844,rebalance_plan_1765763628_0x1ABD0403591bE494771115d74ED9E120530f356E.json,,0.03605964369051411,Balancer Aave GHO/USDT/USDC,anchrgUSD,tokemak,balancerV3,0x85B2b559bC2D21104C4DEFdd6EFcA8A20343361D,0x1ABD0403591bE494771115d74ED9E120530f356E,rebalance_plan_1765763628_0x1ABD0403591bE494771115d74ED9E120530f356E.json,2025-12-15 01:53:48+00:00,0x1ABD0403591bE494771115d74ED9E120530f356E,1,0xcc97cc6B9DeFB70838151711c47f3834b8c97919,FromIdle,0x1ABD0403591bE494771115d74ED9E120530f356E,0xA0b86991c6218b36c1d19D4a2e9Eb0cE3606eB48,0x366C094C5563CD12AF27b9AfFF2200B0E0D056E0,0x85B2b559bC2D21104C4DEFdd6EFcA8A20343361D,anchrgUSD -> Aave GHO/USDT/USDC,106.844,106.844,103.26502913686356,106.802704,,,,0.10205360239420104,0.10205324255083677,0.10205324255083677,20.0,3.0,0.0,0.04129599999998845,0.5304714601662763,0.5717674601662648,0.03865074313951972,False,0.0,0.0,,,,,,,
26,26,0x366C094C5563CD12AF27b9AfFF2200B0E0D056E0,0x1ABD0403591bE494771115d74ED9E120530f356E,24000546,100.383,rebalance_plan_1765590828_0x1ABD0403591bE494771115d74ED9E120530f356E.json,,0.03681544418078764,Balancer Aave GHO/USDT/USDC,anchrgUSD,tokemak,balancerV3,0x85B2b559bC2D21104C4DEFdd6EFcA8A20343361D,0x1ABD0403591bE494771115d74ED9E120530f356E,rebalance_plan_1765590828_0x1ABD0403591bE494771115d74ED9E120530f356E.json,2025-12-13 01:53:48+00:00,0x1ABD0403591bE494771115d74ED9E120530f356E,1,0xcc97cc6B9DeFB70838151711c47f3834b8c97919,FromIdle,0x1ABD0403591bE494771115d74ED9E120530f356E,0xA0b86991c6218b36c1d19D4a2e9Eb0cE3606eB48,0x366C094C5563CD12AF27b9AfFF2200B0E0D056E0,0x85B2b559bC2D21104C4DEFdd6EFcA8A20343361D,anchrgUSD -> Aave GHO/USDT/USDC,100.383,100.383,97.04123569353938,100.343293,,,,0.10522656898347932,0.10522620486594046,0.10522620486594046,20.0,3.0,0.0,0.03970699999999283,0.5162796243572351,0.5559866243572279,0.039555502425702396,False,0.0,0.0,,,,,,,
27,27,0x366C094C5563CD12AF27b9AfFF2200B0E0D056E0,0x1ABD0403591bE494771115d74ED9E120530f356E,23986298,94.009,rebalance_plan_1765418028_0x1ABD0403591bE494771115d74ED9E120530f356E.json,,0.03649217792640323,Balancer Aave GHO/USDT/USDC,anchrgUSD,tokemak,balancerV3,0x85B2b559bC2D21104C4DEFdd6EFcA8A20343361D,0x1ABD0403591bE494771115d74ED9E120530f356E,rebalance_plan_1765418028_0x1ABD0403591bE494771115d74ED9E120530f356E.json,2025-12-11 01:53:48+00:00,0x1ABD0403591bE494771115d74ED9E120530f356E,1,0xcc97cc6B9DeFB70838151711c47f3834b8c97919,FromIdle,0x1ABD0403591bE494771115d74ED9E120530f356E,0xA0b86991c6218b36c1d19D4a2e9Eb0cE3606eB48,0x366C094C5563CD12AF27b9AfFF2200B0E0D056E0,0x85B2b559bC2D21104C4DEFdd6EFcA8A20343361D,anchrgUSD -> Aave GHO/USDT/USDC,94.009,94.009,90.89284679503157,93.969459,,,,0.11225712516324705,0.11225674874670809,0.11225674874670809,20.0,3.0,0.0,0.039540999999999826,0.5178829579992589,0.5574239579992587,0.04206086651278051,False,0.0,0.0,,,,,,,
28,28,0x366C094C5563CD12AF27b9AfFF2200B0E0D056E0,0x7876F91BB22148345b3De16af9448081E9853830,23984521,11.970342224901,rebalance_plan_1765396427_0x1ABD0403591bE494771115d74ED9E120530f356E.json,0.03604878363223882,0.03638322869189152,Balancer Aave GHO/USDT/USDC,Fluid USD Coin,fluid,balancerV3,0x85B2b559bC2D21104C4DEFdd6EFcA8A20343361D,0x9Fb7b4477576Fe5B32be4C1843aFB1e55F251B33,rebalance_plan_1765396427_0x1ABD0403591bE494771115d74ED9E120530f356E.json,2025-12-10 19:53:47+00:00,0x1ABD0403591bE494771115d74ED9E120530f356E,1,0xcc97cc6B9DeFB70838151711c47f3834b8c97919,Pool2Pool,0x7876F91BB22148345b3De16af9448081E9853830,0x9Fb7b4477576Fe5B32be4C1843aFB1e55F251B33,0x366C094C5563CD12AF27b9AfFF2200B0E0D056E0,0x85B2b559bC2D21104C4DEFdd6EFcA8A20343361D,fUSDC -> Aave GHO/USDT/USDC,10.161831,11.970342,11.573819308440097,11.964728,,0.049908783632238815,,0.11245848778695262,0.11245843965520094,0.06254965602296213,20.0,3.0,0.0,0.00561400000000134,0.033566471951218535,0.039180471951219875,0.04689924481690949,False,,,,,,,,,
29,29,0x366C094C5563CD12AF27b9AfFF2200B0E0D056E0,0x3F3565C5A2AA05F76830A5a51c2F32018De856A3,23982743,6.85866421589358,rebalance_plan_1765374828_0x1ABD0403591bE494771115d74ED9E120530f356E.json,0.03994869895806439,0.03735879119067091,Balancer Aave GHO/USDT/USDC,Gauntlet USDC Core,morpho,balancerV3,0x85B2b559bC2D21104C4DEFdd6EFcA8A20343361D,0x8eB67A509616cd6A7c1B3c8C21D48FF57df3d458,rebalance_plan_1765374828_0x1ABD0403591bE494771115d74ED9E120530f356E.json,2025-12-10 13:53:48+00:00,0x1ABD0403591bE494771115d74ED9E120530f356E,1,0xcc97cc6B9DeFB70838151711c47f3834b8c97919,Pool2Pool,0x3F3565C5A2AA05F76830A5a51c2F32018De856A3,0x8eB67A509616cd6A7c1B3c8C21D48FF57df3d458,0x366C094C5563CD12AF27b9AfFF2200B0E0D056E0,0x85B2b559bC2D21104C4DEFdd6EFcA8A20343361D,gtUSDCcore -> Aave GHO/USDT/USDC,6.055750433206085,6.858664,6.631630000286329,6.855464,,0.0429921530615059,,0.11331343358361184,0.11331340602101705,0.07032125295951115,20.0,3.0,0.0,0.0032000000000005357,0.022303713319627147,0.025503713319627683,0.046656316740410896,False,,,,,,,,,
30,30,0x366C094C5563CD12AF27b9AfFF2200B0E0D056E0,0x3F3565C5A2AA05F76830A5a51c2F32018De856A3,23980965,49994.48209860358,rebalance_plan_1765353227_0x1ABD0403591bE494771115d74ED9E120530f356E.json,0.03867375508823656,0.03733568204139667,Balancer Aave GHO/USDT/USDC,Gauntlet USDC Core,morpho,balancerV3,0x85B2b559bC2D21104C4DEFdd6EFcA8A20343361D,0x8eB67A509616cd6A7c1B3c8C21D48FF57df3d458,rebalance_plan_1765353227_0x1ABD0403591bE494771115d74ED9E120530f356E.json,2025-12-10 07:53:47+00:00,0x1ABD0403591bE494771115d74ED9E120530f356E,1,0xcc97cc6B9DeFB70838151711c47f3834b8c97919,Pool2Pool,0x3F3565C5A2AA05F76830A5a51c2F32018De856A3,0x8eB67A509616cd6A7c1B3c8C21D48FF57df3d458,0x366C094C5563CD12AF27b9AfFF2200B0E0D056E0,0x85B2b559bC2D21104C4DEFdd6EFcA8A20343361D,gtUSDCcore -> Aave GHO/USDT/USDC,44143.21117141074,49994.526241,48343.5528550689,49975.636415,,0.04170127224530018,,0.11368021119850158,0.11347781754316268,0.0717765452978625,20.0,3.0,0.0,18.88982599999872,158.75264108434476,177.64246708434348,0.0377837883870322,False,,,,,,,,,
31,31,0x3F3565C5A2AA05F76830A5a51c2F32018De856A3,0x7876F91BB22148345b3De16af9448081E9853830,23979195,49999.74530716327,rebalance_plan_1765331628_0x1ABD0403591bE494771115d74ED9E120530f356E.json,0.0340090881684241,0.07990247741794076,Gauntlet USDC Core,Fluid USD Coin,fluid,morpho,0x8eB67A509616cd6A7c1B3c8C21D48FF57df3d458,0x9Fb7b4477576Fe5B32be4C1843aFB1e55F251B33,rebalance_plan_1765331628_0x1ABD0403591bE494771115d74ED9E120530f356E.json,2025-12-10 01:53:48+00:00,0x1ABD0403591bE494771115d74ED9E120530f356E,1,0xcc97cc6B9DeFB70838151711c47f3834b8c97919,Pool2Pool,0x7876F91BB22148345b3De16af9448081E9853830,0x9Fb7b4477576Fe5B32be4C1843aFB1e55F251B33,0x3F3565C5A2AA05F76830A5a51c2F32018De856A3,0x8eB67A509616cd6A7c1B3c8C21D48FF57df3d458,fUSDC -> gtUSDCcore,42448.749502,49999.745307,44125.012250766646,49992.250038,,0.0469690881684241,,0.08295266426427979,0.0829480728351351,0.035978984666711,20.0,0.0,,7.495268999999098,0.0,0.0,0.01499061436008906,False,,,,,,,,,
32,32,0x366C094C5563CD12AF27b9AfFF2200B0E0D056E0,0x3F3565C5A2AA05F76830A5a51c2F32018De856A3,23977431,27702.585835946837,rebalance_plan_1765310028_0x1ABD0403591bE494771115d74ED9E120530f356E.json,0.039276302633810836,0.03715351029969907,Balancer Aave GHO/USDT/USDC,Gauntlet USDC Core,morpho,balancerV3,0x85B2b559bC2D21104C4DEFdd6EFcA8A20343361D,0x8eB67A509616cd6A7c1B3c8C21D48FF57df3d458,rebalance_plan_1765310028_0x1ABD0403591bE494771115d74ED9E120530f356E.json,2025-12-09 19:53:48+00:00,0x1ABD0403591bE494771115d74ED9E120530f356E,1,0xcc97cc6B9DeFB70838151711c47f3834b8c97919,Pool2Pool,0x3F3565C5A2AA05F76830A5a51c2F32018De856A3,0x8eB67A509616cd6A7c1B3c8C21D48FF57df3d458,0x366C094C5563CD12AF27b9AfFF2200B0E0D056E0,0x85B2b559bC2D21104C4DEFdd6EFcA8A20343361D,gtUSDCcore -> Aave GHO/USDT/USDC,24461.87644457018,27702.585835,26789.293816986272,27692.393924,,0.042322804498557395,,0.11380151709809515,0.11368881020286015,0.07136600570430275,20.0,3.0,0.0,10.19191100000171,92.63984391738691,102.83175491738862,0.03679046808375933,False,,,,,,,,,
33,33,0x7876F91BB22148345b3De16af9448081E9853830,0x3F3565C5A2AA05F76830A5a51c2F32018De856A3,23975651,50009.229524586735,rebalance_plan_1765288428_0x1ABD0403591bE494771115d74ED9E120530f356E.json,0.03862376509398723,0.0384511858218826,Fluid USD Coin,Gauntlet USDC Core,morpho,fluid,0x9Fb7b4477576Fe5B32be4C1843aFB1e55F251B33,0x8eB67A509616cd6A7c1B3c8C21D48FF57df3d458,rebalance_plan_1765288428_0x1ABD0403591bE494771115d74ED9E120530f356E.json,2025-12-09 13:53:48+00:00,0x1ABD0403591bE494771115d74ED9E120530f356E,1,0xcc97cc6B9DeFB70838151711c47f3834b8c97919,Pool2Pool,0x3F3565C5A2AA05F76830A5a51c2F32018De856A3,0x8eB67A509616cd6A7c1B3c8C21D48FF57df3d458,0x7876F91BB22148345b3De16af9448081E9853830,0x9Fb7b4477576Fe5B32be4C1843aFB1e55F251B33,gtUSDCcore -> fUSDC,44160.404721277184,50009.229524,42435.564775,50001.750323,,0.04146955346744914,,0.0516811858218826,0.051678706855218165,0.010209153387769024,20.0,0.0,,7.479201000001922,0.0,0.0,0.014955641330991847,False,,,,,,,,,
34,34,0x366C094C5563CD12AF27b9AfFF2200B0E0D056E0,0x1ABD0403591bE494771115d74ED9E120530f356E,23973865,124.738,rebalance_plan_1765266828_0x1ABD0403591bE494771115d74ED9E120530f356E.json,,0.0371567371044729,Balancer Aave GHO/USDT/USDC,anchrgUSD,tokemak,balancerV3,0x85B2b559bC2D21104C4DEFdd6EFcA8A20343361D,0x1ABD0403591bE494771115d74ED9E120530f356E,rebalance_plan_1765266828_0x1ABD0403591bE494771115d74ED9E120530f356E.json,2025-12-09 07:53:48+00:00,0x1ABD0403591bE494771115d74ED9E120530f356E,1,0xcc97cc6B9DeFB70838151711c47f3834b8c97919,FromIdle,0x1ABD0403591bE494771115d74ED9E120530f356E,0xA0b86991c6218b36c1d19D4a2e9Eb0cE3606eB48,0x366C094C5563CD12AF27b9AfFF2200B0E0D056E0,0x85B2b559bC2D21104C4DEFdd6EFcA8A20343361D,anchrgUSD -> Aave GHO/USDT/USDC,124.738,124.738,120.62598872561087,124.684331,,,,0.12281697326023656,0.12281633266989152,0.12281633266989152,20.0,3.0,0.0,0.0536689999999993,0.7511398471683126,0.8048088471683119,0.04302538119899253,False,0.0,0.0,,,,,,,
35,35,0x366C094C5563CD12AF27b9AfFF2200B0E0D056E0,0x1ABD0403591bE494771115d74ED9E120530f356E,23970303,58.334,rebalance_plan_1765223627_0x1ABD0403591bE494771115d74ED9E120530f356E.json,,0.03704251863944133,Balancer Aave GHO/USDT/USDC,anchrgUSD,tokemak,balancerV3,0x85B2b559bC2D21104C4DEFdd6EFcA8A20343361D,0x1ABD0403591bE494771115d74ED9E120530f356E,rebalance_plan_1765223627_0x1ABD0403591bE494771115d74ED9E120530f356E.json,2025-12-08 19:53:47+00:00,0x1ABD0403591bE494771115d74ED9E120530f356E,1,0xcc97cc6B9DeFB70838151711c47f3834b8c97919,FromIdle,0x1ABD0403591bE494771115d74ED9E120530f356E,0xA0b86991c6218b36c1d19D4a2e9Eb0cE3606eB48,0x366C094C5563CD12AF27b9AfFF2200B0E0D056E0,0x85B2b559bC2D21104C4DEFdd6EFcA8A20343361D,anchrgUSD -> Aave GHO/USDT/USDC,58.334,58.334,56.411627557910705,58.306782,,,,0.12355996565262233,0.12355966037236159,0.12355966037236159,20.0,3.0,0.0,0.02721800000000485,0.35259490923622605,0.3798129092362309,0.04665889532691886,False,0.0,0.0,,,,,,,
36,36,0x366C094C5563CD12AF27b9AfFF2200B0E0D056E0,0x3F3565C5A2AA05F76830A5a51c2F32018De856A3,23948945,49988.16458295611,rebalance_plan_1764964428_0x1ABD0403591bE494771115d74ED9E120530f356E.json,0.03864147450983503,0.03724610906519188,Balancer Aave GHO/USDT/USDC,Gauntlet USDC Core,morpho,balancerV3,0x85B2b559bC2D21104C4DEFdd6EFcA8A20343361D,0x8eB67A509616cd6A7c1B3c8C21D48FF57df3d458,rebalance_plan_1764964428_0x1ABD0403591bE494771115d74ED9E120530f356E.json,2025-12-05 19:53:48+00:00,0x1ABD0403591bE494771115d74ED9E120530f356E,1,0xcc97cc6B9DeFB70838151711c47f3834b8c97919,Pool2Pool,0x3F3565C5A2AA05F76830A5a51c2F32018De856A3,0x8eB67A509616cd6A7c1B3c8C21D48FF57df3d458,0x366C094C5563CD12AF27b9AfFF2200B0E0D056E0,0x85B2b559bC2D21104C4DEFdd6EFcA8A20343361D,gtUSDCcore -> Aave GHO/USDT/USDC,44162.00389508874,49988.164582,48357.65250423791,49968.728388,,0.04183970649208421,,0.12342949308082189,0.12316835187900955,0.08132864538692534,20.0,3.0,0.0,19.43619399999443,177.91700594076917,197.3531999407636,0.03888159159777016,False,,,,,,,,,
37,37,0x366C094C5563CD12AF27b9AfFF2200B0E0D056E0,0x3F3565C5A2AA05F76830A5a51c2F32018De856A3,23947177,49989.26804536216,rebalance_plan_1764942828_0x1ABD0403591bE494771115d74ED9E120530f356E.json,0.03929677552405993,0.03635613188492527,Balancer Aave GHO/USDT/USDC,Gauntlet USDC Core,morpho,balancerV3,0x85B2b559bC2D21104C4DEFdd6EFcA8A20343361D,0x8eB67A509616cd6A7c1B3c8C21D48FF57df3d458,rebalance_plan_1764942828_0x1ABD0403591bE494771115d74ED9E120530f356E.json,2025-12-05 13:53:48+00:00,0x1ABD0403591bE494771115d74ED9E120530f356E,1,0xcc97cc6B9DeFB70838151711c47f3834b8c97919,Pool2Pool,0x3F3565C5A2AA05F76830A5a51c2F32018De856A3,0x8eB67A509616cd6A7c1B3c8C21D48FF57df3d458,0x366C094C5563CD12AF27b9AfFF2200B0E0D056E0,0x85B2b559bC2D21104C4DEFdd6EFcA8A20343361D,gtUSDCcore -> Aave GHO/USDT/USDC,44164.42237793616,49989.268045,48362.495024503354,49972.069937,,0.04255527960066202,,0.12316454572626458,0.12290067640629715,0.08034539680563513,20.0,3.0,0.0,17.198107999996864,178.967483511948,196.16559151194485,0.034403600357811294,False,,,,,,,,,
38,38,0x366C094C5563CD12AF27b9AfFF2200B0E0D056E0,0x3F3565C5A2AA05F76830A5a51c2F32018De856A3,23945411,59214.28845360329,rebalance_plan_1764921228_0x1ABD0403591bE494771115d74ED9E120530f356E.json,0.0799492815912411,0.03611597538072271,Balancer Aave GHO/USDT/USDC,Gauntlet USDC Core,morpho,balancerV3,0x85B2b559bC2D21104C4DEFdd6EFcA8A20343361D,0x8eB67A509616cd6A7c1B3c8C21D48FF57df3d458,rebalance_plan_1764921228_0x1ABD0403591bE494771115d74ED9E120530f356E.json,2025-12-05 07:53:48+00:00,0x1ABD0403591bE494771115d74ED9E120530f356E,1,0xcc97cc6B9DeFB70838151711c47f3834b8c97919,Pool2Pool,0x3F3565C5A2AA05F76830A5a51c2F32018De856A3,0x8eB67A509616cd6A7c1B3c8C21D48FF57df3d458,0x366C094C5563CD12AF27b9AfFF2200B0E0D056E0,0x85B2b559bC2D21104C4DEFdd6EFcA8A20343361D,gtUSDCcore -> Aave GHO/USDT/USDC,52316.23581295741,59214.288453,57286.554891177075,59188.512463,,0.08330970387039173,,0.12366491040657879,0.12334871371263104,0.040039009842239306,20.0,2.0,0.0,25.77599000000191,81.24881000507061,107.02480000507252,0.04353001728706243,False,,,,,,,,,
39,39,0x366C094C5563CD12AF27b9AfFF2200B0E0D056E0,0x3F3565C5A2AA05F76830A5a51c2F32018De856A3,23942573,78948.26906092044,rebalance_plan_1764886644_0x1ABD0403591bE494771115d74ED9E120530f356E.json,0.03997668934383253,0.03634700948221185,Balancer Aave GHO/USDT/USDC,Gauntlet USDC Core,morpho,balancerV3,0x85B2b559bC2D21104C4DEFdd6EFcA8A20343361D,0x8eB67A509616cd6A7c1B3c8C21D48FF57df3d458,rebalance_plan_1764886644_0x1ABD0403591bE494771115d74ED9E120530f356E.json,2025-12-04 22:17:24+00:00,0x1ABD0403591bE494771115d74ED9E120530f356E,1,0xcc97cc6B9DeFB70838151711c47f3834b8c97919,Pool2Pool,0x3F3565C5A2AA05F76830A5a51c2F32018De856A3,0x8eB67A509616cd6A7c1B3c8C21D48FF57df3d458,0x366C094C5563CD12AF27b9AfFF2200B0E0D056E0,0x85B2b559bC2D21104C4DEFdd6EFcA8A20343361D,gtUSDCcore -> Aave GHO/USDT/USDC,69754.98108394323,78948.338815,76380.16404271185,78915.117731,,0.043392732490253064,,0.12414830457363471,0.12372394923089518,0.08033121674064211,20.0,3.0,0.0,33.22108399998979,295.06287158098644,328.2839555809762,0.042079522506277056,False,,,,,,,,,
40,40,0x3F3565C5A2AA05F76830A5a51c2F32018De856A3,0x1ABD0403591bE494771115d74ED9E120530f356E,23935130,1.177,rebalance_plan_1764791628_0x1ABD0403591bE494771115d74ED9E120530f356E.json,,0.03930594319475586,Gauntlet USDC Core,anchrgUSD,tokemak,morpho,0x8eB67A509616cd6A7c1B3c8C21D48FF57df3d458,0x1ABD0403591bE494771115d74ED9E120530f356E,rebalance_plan_1764791628_0x1ABD0403591bE494771115d74ED9E120530f356E.json,2025-12-03 19:53:48+00:00,0x1ABD0403591bE494771115d74ED9E120530f356E,1,0xcc97cc6B9DeFB70838151711c47f3834b8c97919,FromIdle,0x1ABD0403591bE494771115d74ED9E120530f356E,0xA0b86991c6218b36c1d19D4a2e9Eb0cE3606eB48,0x3F3565C5A2AA05F76830A5a51c2F32018De856A3,0x8eB67A509616cd6A7c1B3c8C21D48FF57df3d458,anchrgUSD -> gtUSDCcore,1.177,1.177,1.039523550021739,1.176823,,,,0.04286103232328765,0.04286103219983947,0.04286103219983947,20.0,1.0,0.0,0.00017700000000009375,0.0023933124203870974,0.002570312420387191,0.015038232795250106,False,0.0,0.0,,,,,,,
41,41,0x3F3565C5A2AA05F76830A5a51c2F32018De856A3,0x366C094C5563CD12AF27b9AfFF2200B0E0D056E0,23847812,200.14377913160845,rebalance_plan_1763733227_0x1ABD0403591bE494771115d74ED9E120530f356E.json,0.03679411712120913,0.11829313449327623,Gauntlet USDC Core,Balancer Aave GHO/USDT/USDC,balancerV3,morpho,0x8eB67A509616cd6A7c1B3c8C21D48FF57df3d458,0x85B2b559bC2D21104C4DEFdd6EFcA8A20343361D,rebalance_plan_1763733227_0x1ABD0403591bE494771115d74ED9E120530f356E.json,2025-11-21 13:53:47+00:00,0x1ABD0403591bE494771115d74ED9E120530f356E,1,0xcc97cc6B9DeFB70838151711c47f3834b8c97919,Pool2Pool,0x366C094C5563CD12AF27b9AfFF2200B0E0D056E0,0x85B2b559bC2D21104C4DEFdd6EFcA8A20343361D,0x3F3565C5A2AA05F76830A5a51c2F32018De856A3,0x8eB67A509616cd6A7c1B3c8C21D48FF57df3d458,Aave GHO/USDT/USDC -> gtUSDCcore,194.24645670601387,200.143779,177.01862248992566,200.045508,,0.10003046655427539,,0.12205928076422594,0.12205925857198285,0.022028792017707466,20.0,1.0,0.0,0.09827099999998268,0.06087728104012275,0.15914828104010542,0.049100202110195335,True,0.036304583219811004,0.0327212086728248,0.05010130307067118,0.050663454494711324,23847812.0,24062312.0,24276812.0,2025-12-21 16:54:59+00:00,2026-01-20 15:13:35+00:00
42,42,0x3F3565C5A2AA05F76830A5a51c2F32018De856A3,0x1ABD0403591bE494771115d74ED9E120530f356E,23826437,28029.488,rebalance_plan_1763474028_0x1ABD0403591bE494771115d74ED9E120530f356E.json,,0.07878370865034855,Gauntlet USDC Core,anchrgUSD,tokemak,morpho,0x8eB67A509616cd6A7c1B3c8C21D48FF57df3d458,0x1ABD0403591bE494771115d74ED9E120530f356E,rebalance_plan_1763474028_0x1ABD0403591bE494771115d74ED9E120530f356E.json,2025-11-18 13:53:48+00:00,0x1ABD0403591bE494771115d74ED9E120530f356E,1,0xcc97cc6B9DeFB70838151711c47f3834b8c97919,FromIdle,0x1ABD0403591bE494771115d74ED9E120530f356E,0xA0b86991c6218b36c1d19D4a2e9Eb0cE3606eB48,0x3F3565C5A2AA05F76830A5a51c2F32018De856A3,0x8eB67A509616cd6A7c1B3c8C21D48FF57df3d458,anchrgUSD -> gtUSDCcore,28029.488,28029.488,24809.69724697473,28025.283576,,,,0.08330338630952347,0.08329978605759486,0.08329978605759486,20.0,1.0,0.0,4.2044239999995625,111.86592643514663,116.0703504351462,0.015000002854135481,True,0.0,0.0,0.05065431948609356,0.0507901896095142,23826437.0,24040937.0,24255437.0,2025-12-18 17:19:47+00:00,2026-01-17 15:43:59+00:00
43,43,0x3F3565C5A2AA05F76830A5a51c2F32018De856A3,0x1ABD0403591bE494771115d74ED9E120530f356E,23824653,30000.0,rebalance_plan_1763452428_0x1ABD0403591bE494771115d74ED9E120530f356E.json,,0.08014329354471651,Gauntlet USDC Core,anchrgUSD,tokemak,morpho,0x8eB67A509616cd6A7c1B3c8C21D48FF57df3d458,0x1ABD0403591bE494771115d74ED9E120530f356E,rebalance_plan_1763452428_0x1ABD0403591bE494771115d74ED9E120530f356E.json,2025-11-18 07:53:48+00:00,0x1ABD0403591bE494771115d74ED9E120530f356E,1,0xcc97cc6B9DeFB70838151711c47f3834b8c97919,FromIdle,0x1ABD0403591bE494771115d74ED9E120530f356E,0xA0b86991c6218b36c1d19D4a2e9Eb0cE3606eB48,0x3F3565C5A2AA05F76830A5a51c2F32018De856A3,0x8eB67A509616cd6A7c1B3c8C21D48FF57df3d458,anchrgUSD -> gtUSDCcore,30000.0,30000.0,26554.892770132963,29995.5,,,,0.08449810937214552,0.08449440537300716,0.08449440537300716,20.0,1.0,0.0,4.5,130.36992052294735,134.86992052294735,0.015,True,0.0,0.0,0.050700076471874356,0.050847135749211736,23824653.0,24039153.0,24253653.0,2025-12-18 11:20:35+00:00,2026-01-17 09:45:47+00:00
44,44,0x3F3565C5A2AA05F76830A5a51c2F32018De856A3,0x1ABD0403591bE494771115d74ED9E120530f356E,23822873,30000.0,rebalance_plan_1763430828_0x1ABD0403591bE494771115d74ED9E120530f356E.json,,0.040073208377585025,Gauntlet USDC Core,anchrgUSD,tokemak,morpho,0x8eB67A509616cd6A7c1B3c8C21D48FF57df3d458,0x1ABD0403591bE494771115d74ED9E120530f356E,rebalance_plan_1763430828_0x1ABD0403591bE494771115d74ED9E120530f356E.json,2025-11-18 01:53:48+00:00,0x1ABD0403591bE494771115d74ED9E120530f356E,1,0xcc97cc6B9DeFB70838151711c47f3834b8c97919,FromIdle,0x1ABD0403591bE494771115d74ED9E120530f356E,0xA0b86991c6218b36c1d19D4a2e9Eb0cE3606eB48,0x3F3565C5A2AA05F76830A5a51c2F32018De856A3,0x8eB67A509616cd6A7c1B3c8C21D48FF57df3d458,anchrgUSD -> gtUSDCcore,30000.0,30000.0,26555.975115510962,29995.5,,,,0.044431370053552986,0.044427956331582405,0.044427956331582405,20.0,1.0,0.0,4.5,58.222931661327486,62.722931661327486,0.015,True,0.0,0.0,0.050800707260295175,0.05089270226371467,23822873.0,24037373.0,24251873.0,2025-12-18 05:22:35+00:00,2026-01-17 03:47:59+00:00
45,45,0x3F3565C5A2AA05F76830A5a51c2F32018De856A3,0x1ABD0403591bE494771115d74ED9E120530f356E,23821101,30000.0,rebalance_plan_1763409228_0x1ABD0403591bE494771115d74ED9E120530f356E.json,,0.04007462811642514,Gauntlet USDC Core,anchrgUSD,tokemak,morpho,0x8eB67A509616cd6A7c1B3c8C21D48FF57df3d458,0x1ABD0403591bE494771115d74ED9E120530f356E,rebalance_plan_1763409228_0x1ABD0403591bE494771115d74ED9E120530f356E.json,2025-11-17 19:53:48+00:00,0x1ABD0403591bE494771115d74ED9E120530f356E,1,0xcc97cc6B9DeFB70838151711c47f3834b8c97919,FromIdle,0x1ABD0403591bE494771115d74ED9E120530f356E,0xA0b86991c6218b36c1d19D4a2e9Eb0cE3606eB48,0x3F3565C5A2AA05F76830A5a51c2F32018De856A3,0x8eB67A509616cd6A7c1B3c8C21D48FF57df3d458,anchrgUSD -> gtUSDCcore,30000.0,30000.0,26556.90161793871,29995.5,,,,0.04434385420371823,0.04434074710101989,0.04434074710101989,20.0,1.0,0.0,4.5,61.90116072483025,66.40116072483025,0.015,True,0.0,0.0,0.05086585405129851,0.05092010005600511,23821101.0,24035601.0,24250101.0,2025-12-17 23:26:11+00:00,2026-01-16 21:52:23+00:00
46,46,0x3F3565C5A2AA05F76830A5a51c2F32018De856A3,0x1ABD0403591bE494771115d74ED9E120530f356E,23819323,39343.1625,rebalance_plan_1763387628_0x1ABD0403591bE494771115d74ED9E120530f356E.json,,0.038741689343126745,Gauntlet USDC Core,anchrgUSD,tokemak,morpho,0x8eB67A509616cd6A7c1B3c8C21D48FF57df3d458,0x1ABD0403591bE494771115d74ED9E120530f356E,rebalance_plan_1763387628_0x1ABD0403591bE494771115d74ED9E120530f356E.json,2025-11-17 13:53:48+00:00,0x1ABD0403591bE494771115d74ED9E120530f356E,1,0xcc97cc6B9DeFB70838151711c47f3834b8c97919,FromIdle,0x1ABD0403591bE494771115d74ED9E120530f356E,0xA0b86991c6218b36c1d19D4a2e9Eb0cE3606eB48,0x3F3565C5A2AA05F76830A5a51c2F32018De856A3,0x8eB67A509616cd6A7c1B3c8C21D48FF57df3d458,anchrgUSD -> gtUSDCcore,39343.1625,39343.1625,34828.70612903653,39337.261025,,,,0.043451730619751716,0.04344751759011325,0.04344751759011325,20.0,1.0,0.0,5.901474999998754,79.25418914214694,85.1556641421457,0.015000001588582907,True,0.0,0.0,0.05079725799908741,0.05087992865133817,23819323.0,24033823.0,24248323.0,2025-12-17 17:28:11+00:00,2026-01-16 15:55:59+00:00
47,47,0x3F3565C5A2AA05F76830A5a51c2F32018De856A3,0x1ABD0403591bE494771115d74ED9E120530f356E,23785377,157335.3655,rebalance_plan_1762977377_0x1ABD0403591bE494771115d74ED9E120530f356E.json,,0.12152308938256773,Gauntlet USDC Core,anchrgUSD,tokemak,morpho,0x8eB67A509616cd6A7c1B3c8C21D48FF57df3d458,0x1ABD0403591bE494771115d74ED9E120530f356E,rebalance_plan_1762977377_0x1ABD0403591bE494771115d74ED9E120530f356E.json,2025-11-12 19:56:17+00:00,0x1ABD0403591bE494771115d74ED9E120530f356E,1,0xcc97cc6B9DeFB70838151711c47f3834b8c97919,FromIdle,0x1ABD0403591bE494771115d74ED9E120530f356E,0xA0b86991c6218b36c1d19D4a2e9Eb0cE3606eB48,0x3F3565C5A2AA05F76830A5a51c2F32018De856A3,0x8eB67A509616cd6A7c1B3c8C21D48FF57df3d458,anchrgUSD -> gtUSDCcore,157335.3655,157335.3655,139369.047782606,157311.765195,,,,0.12628678377278973,0.1262728296884316,0.1262728296884316,20.0,0.0,,23.600304999999935,0.0,0.0,0.015000000111227334,True,0.0,0.0,0.05087323476794059,0.050612522625979706,23785377.0,23999877.0,24214377.0,2025-12-12 23:41:11+00:00,2026-01-11 22:11:59+00:00
48,48,0x3F3565C5A2AA05F76830A5a51c2F32018De856A3,0x1ABD0403591bE494771115d74ED9E120530f356E,23779276,10.0,rebalance_plan_1762903701_0x1ABD0403591bE494771115d74ED9E120530f356E.json,,0.04028211284539285,Gauntlet USDC Core,anchrgUSD,tokemak,morpho,0x8eB67A509616cd6A7c1B3c8C21D48FF57df3d458,0x1ABD0403591bE494771115d74ED9E120530f356E,rebalance_plan_1762903701_0x1ABD0403591bE494771115d74ED9E120530f356E.json,2025-11-11 23:28:21+00:00,0x1ABD0403591bE494771115d74ED9E120530f356E,1,0xcc97cc6B9DeFB70838151711c47f3834b8c97919,FromIdle,0x1ABD0403591bE494771115d74ED9E120530f356E,0xA0b86991c6218b36c1d19D4a2e9Eb0cE3606eB48,0x3F3565C5A2AA05F76830A5a51c2F32018De856A3,0x8eB67A509616cd6A7c1B3c8C21D48FF57df3d458,anchrgUSD -> gtUSDCcore,10.0,10.0,8.859830075402435,9.9985,,,,0.04485294792125255,0.04485294703720451,0.04485294703720451,20.0,1.0,0.0,0.0015000000000000568,0.019000415674764872,0.02050041567476493,0.015000000000000568,True,0.0,0.0,0.052028563196763855,0.05108082620398302,23779276.0,23993776.0,24208276.0,2025-12-12 03:04:59+00:00,2026-01-11 01:47:35+00:00
49,49,0x366C094C5563CD12AF27b9AfFF2200B0E0D056E0,0x1ABD0403591bE494771115d74ED9E120530f356E,23777106,200.1,rebalance_plan_1762877465_0x1ABD0403591bE494771115d74ED9E120530f356E.json,,0.04020476946057144,Balancer Aave GHO/USDT/USDC,anchrgUSD,tokemak,balancerV3,0x85B2b559bC2D21104C4DEFdd6EFcA8A20343361D,0x1ABD0403591bE494771115d74ED9E120530f356E,rebalance_plan_1762877465_0x1ABD0403591bE494771115d74ED9E120530f356E.json,2025-11-11 16:11:05+00:00,0x1ABD0403591bE494771115d74ED9E120530f356E,1,0xcc97cc6B9DeFB70838151711c47f3834b8c97919,FromIdle,0x1ABD0403591bE494771115d74ED9E120530f356E,0xA0b86991c6218b36c1d19D4a2e9Eb0cE3606eB48,0x366C094C5563CD12AF27b9AfFF2200B0E0D056E0,0x85B2b559bC2D21104C4DEFdd6EFcA8A20343361D,anchrgUSD -> Aave GHO/USDT/USDC,200.1,200.1,194.07690578926352,199.969802,,,,0.11699707809894841,0.11699642133978179,0.11699642133978179,20.0,3.0,0.0,0.13019800000000714,1.1242125840794492,1.2544105840794564,0.06506646676662026,True,0.0,0.0,0.03681249672007736,0.033449794233616936,23777106.0,23991606.0,24206106.0,2025-12-11 19:45:11+00:00,2026-01-10 18:31:35+00:00
