Date,Capital Gains,Close,Dividends,High,Low,Open,Stock Splits,Volume
2024-10-28,0.0,87.01879119873047,0.0,87.02827756171881,87.01879119873047,87.02827756171881,0.0,5718600
2024-10-29,0.0,87.03775787353516,0.0,87.04724423665263,87.0282787463926,87.03775787353516,0.0,4704800
2024-10-30,0.0,87.04725646972656,0.0,87.05674283417719,87.04725646972656,87.04725646972656,0.0,4965800
2024-10-31,0.0,87.06621551513672,0.0,87.06621551513672,87.05672915217698,87.05672915217698,0.0,12141700
2024-11-01,0.0,87.10334014892578,0.359,87.10334014892578,87.09381654330348,87.10334014892578,0.0,15201500
2024-11-04,0.0,87.12239074707031,0.0,87.12239074707031,87.11286714028368,87.12239074707031,0.0,9477100
2024-11-05,0.0,87.12239074707031,0.0,87.13191435385694,87.12239074707031,87.12239074707031,0.0,4689500
2024-11-06,0.0,87.14143371582031,0.0,87.14143371582031,87.13191737308745,87.13191737308745,0.0,9978200
2024-11-07,0.0,87.15094757080078,0.0,87.15094757080078,87.14142396474983,87.14142396474983,0.0,7827900
2024-11-08,0.0,87.19854736328125,0.0,87.19854736328125,87.17950015357633,87.18902375842879,0.0,8280900
2024-11-11,0.0,87.18904876708984,0.0,87.19857237467399,87.18904876708984,87.18904876708984,0.0,8165700
2024-11-12,0.0,87.19854736328125,0.0,87.20806370375168,87.19854736328125,87.19854736328125,0.0,5526300
2024-11-13,0.0,87.21759796142578,0.0,87.21759796142578,87.2080743554101,87.2080743554101,0.0,4860500
2024-11-14,0.0,87.21759796142578,0.0,87.22712156744146,87.21759796142578,87.22712156744146,0.0,6138400
2024-11-15,0.0,87.24617004394531,0.0,87.25569365089198,87.24617004394531,87.25569365089198,0.0,9715700
2024-11-18,0.0,87.25568389892578,0.0,87.27473111069035,87.25568389892578,87.26520750480806,0.0,7387900
2024-11-19,0.0,87.28424835205078,0.0,87.28424835205078,87.26520840447274,87.2747320104532,0.0,7470700
2024-11-20,0.0,87.29378509521484,0.0,87.29378509521484,87.28426148780113,87.28426148780113,0.0,5538200
2024-11-21,0.0,87.30328369140625,0.0,87.30328369140625,87.29376008672092,87.30328369140625,0.0,5889700
2024-11-22,0.0,87.33187103271484,0.0,87.33187103271484,87.32234742543501,87.32234742543501,0.0,6694300
2024-11-25,0.0,87.34139251708984,0.0,87.34139251708984,87.3318689100415,87.3318689100415,0.0,5107700
2024-11-26,0.0,87.34139251708984,0.0,87.35090885975448,87.34139251708984,87.34139251708984,0.0,6692000
2024-11-27,0.0,87.36994171142578,0.0,87.36994171142578,87.36041810594298,87.36041810594298,0.0,6120700
2024-11-29,0.0,87.38899230957031,0.0,87.40803952285751,87.38899230957031,87.38899230957031,0.0,9410500
2024-12-02,0.0,87.41290283203125,0.335,87.41290283203125,87.40334433470143,87.41290283203125,0.0,12973900
2024-12-03,0.0,87.43199157714844,0.0,87.43199157714844,87.42244037310536,87.42244037310536,0.0,5673500
2024-12-04,0.0,87.4415512084961,0.0,87.45110970365883,87.4415512084961,87.45110970365883,0.0,5963400
2024-12-05,0.0,87.45111083984375,0.0,87.46066204413503,87.45111083984375,87.46066204413503,0.0,5880200
2024-12-06,0.0,87.48933410644531,0.0,87.48933410644531,87.47977561153242,87.48933410644531,0.0,5706600
2024-12-09,0.0,87.49888610839844,0.0,87.50844460339852,87.49888610839844,87.49888610839844,0.0,8793100
2024-12-10,0.0,87.51800537109375,0.0,87.51800537109375,87.50844687584545,87.50844687584545,0.0,5400300
2024-12-11,0.0,87.5275650024414,0.0,87.5275650024414,87.51801379726915,87.51801379726915,0.0,5845900
2024-12-12,0.0,87.54667663574219,0.0,87.54667663574219,87.53711814015873,87.53711814015873,0.0,4770200
2024-12-13,0.0,87.57533264160156,0.0,87.57533264160156,87.56577414734858,87.57533264160156,0.0,6271900
2024-12-16,0.0,87.58489227294922,0.0,87.58489227294922,87.57533377857213,87.58489227294922,0.0,6761700
2024-12-17,0.0,87.59444427490234,0.0,87.59444427490234,87.58488578123372,87.59444427490234,0.0,5827400
2024-12-18,0.0,87.59444427490234,0.0,87.60399547757656,87.59444427490234,87.59444427490234,0.0,9268200
2024-12-19,0.0,87.60692596435547,0.383,87.61652456660589,87.60692596435547,87.61652456660589,0.0,13876400
2024-12-20,0.0,87.64530944824219,0.0,87.64530944824219,87.63571084638642,87.63571084638642,0.0,12690000
2024-12-23,0.0,87.64530944824219,0.0,87.65490072850996,87.64530944824219,87.64530944824219,0.0,6572800
2024-12-24,0.0,87.66451263427734,0.0,87.6741112375898,87.66451263427734,87.66451263427734,0.0,4145600
2024-12-26,0.0,87.6836929321289,0.0,87.6836929321289,87.67409433066743,87.6836929321289,0.0,6192000
2024-12-27,0.0,87.72209167480469,0.0,87.72209167480469,87.71249307206755,87.72209167480469,0.0,6143500
2024-12-30,0.0,87.72209167480469,0.0,87.73168295595316,87.72209167480469,87.72209167480469,0.0,8990100
2024-12-31,0.0,87.74127960205078,0.0,87.75087820457387,87.74127960205078,87.75087820457387,0.0,7301500
2025-01-02,0.0,87.76048278808594,0.0,87.76048278808594,87.75089150569751,87.76048278808594,0.0,10756900
2025-01-03,0.0,87.77005767822266,0.0,87.78925488099199,87.77005767822266,87.78925488099199,0.0,7837900
2025-01-06,0.0,87.77967071533203,0.0,87.78926931829523,87.77967071533203,87.77967071533203,0.0,7827100
2025-01-07,0.0,87.7988510131836,0.0,87.80844961509875,87.78925973285648,87.7988510131836,0.0,6956800
2025-01-08,0.0,87.81805419921875,0.0,87.81805419921875,87.80845559664974,87.81805419921875,0.0,6673100
2025-01-10,0.0,87.84683990478516,0.0,87.85643850705036,87.84683990478516,87.85643850705036,0.0,10112200
2025-01-13,0.0,87.85643768310547,0.0,87.86602896369241,87.85643768310547,87.85643768310547,0.0,7854400
2025-01-14,0.0,87.87562561035156,0.0,87.87562561035156,87.86602700838999,87.86602700838999,0.0,6078300
2025-01-15,0.0,87.88521575927734,0.0,87.88521575927734,87.87561715823898,87.88521575927734,0.0,7253800
2025-01-16,0.0,87.88521575927734,0.0,87.89480703872833,87.88521575927734,87.89480703872833,0.0,6997800
2025-01-17,0.0,87.9332046508789,0.0,87.9332046508789,87.9236133702794,87.9236133702794,0.0,7745500
2025-01-21,0.0,87.9332046508789,0.0,87.94280325306664,87.9332046508789,87.9332046508789,0.0,10266200
2025-01-22,0.0,87.95240783691406,0.0,87.95240783691406,87.94280923407352,87.94280923407352,0.0,6019200
2025-01-23,0.0,87.95240783691406,0.0,87.96200643975462,87.95240783691406,87.96200643975462,0.0,6561500
2025-01-24,0.0,87.99079895019531,0.0,87.99079895019531,87.98120034691586,87.99079895019531,0.0,7242200
2025-01-27,0.0,88.0003890991211,0.0,88.0003890991211,87.99079781755418,87.99079781755418,0.0,7909600
2025-01-28,0.0,88.0003890991211,0.0,88.009987702277,88.0003890991211,88.009987702277,0.0,6485500
2025-01-29,0.0,88.00997924804688,0.0,88.01957785028074,88.00997924804688,88.01957785028074,0.0,5688800
2025-01-30,0.0,88.01958465576172,0.0,88.02918325873772,88.01958465576172,88.02918325873772,0.0,7369900
2025-01-31,0.0,88.04837036132812,0.0,88.05796896400088,88.04837036132812,88.04837036132812,0.0,13634400
2025-02-03,0.0,88.07339477539062,0.326,88.07339477539062,88.06376929506781,88.07339477539062,0.0,17508900
2025-02-04,0.0,88.07339477539062,0.0,88.08302760340834,88.07339477539062,88.08302760340834,0.0,9295900
2025-02-05,0.0,88.0830307006836,0.0,88.09266352904004,88.0830307006836,88.0830307006836,0.0,6249600
2025-02-06,0.0,88.10228729248047,0.0,88.10228729248047,88.09265446511516,88.10228729248047,0.0,8308300
2025-02-07,0.0,88.12155151367188,0.0,88.13118434168368,88.12155151367188,88.13118434168368,0.0,6391100
2025-02-10,0.0,88.13119506835938,0.0,88.14082054984783,88.13119506835938,88.14082054984783,0.0,5466500
2025-02-11,0.0,88.14081573486328,0.0,88.1504485635213,88.14081573486328,88.14081573486328,0.0,6959400
2025-02-12,0.0,88.15045928955078,0.0,88.1600921193809,88.15045928955078,88.15045928955078,0.0,6275700
2025-02-13,0.0,88.16972351074219,0.0,88.16972351074219,88.16009068106922,88.16972351074219,0.0,6340500
2025-02-14,0.0,88.1986083984375,0.0,88.20823387973182,88.1986083984375,88.1986083984375,0.0,6058900
2025-02-18,0.0,88.21786499023438,0.0,88.21786499023438,88.20823216143206,88.20823216143206,0.0,8777200
2025-02-19,0.0,88.2275161743164,0.0,88.2275161743164,88.21788334351002,88.2275161743164,0.0,5685800
2025-02-20,0.0,88.24676513671875,0.0,88.24676513671875,88.23713965462942,88.23713965462942,0.0,5454900
2025-02-21,0.0,88.2756576538086,0.0,88.2756576538086,88.26602482467472,88.26602482467472,0.0,7185900
2025-02-24,0.0,88.28528594970703,0.0,88.28528594970703,88.27566046796206,88.28528594970703,0.0,9061400
2025-02-25,0.0,88.28528594970703,0.0,88.29491877914799,88.28528594970703,88.29491877914799,0.0,8348300
2025-02-26,0.0,88.3045425415039,0.0,88.3045425415039,88.29490971305204,88.3045425415039,0.0,8610600
2025-02-27,0.0,88.3141860961914,0.0,88.3141860961914,88.30456061346487,88.3141860961914,0.0,6620600
2025-02-28,0.0,88.33344268798828,0.0,88.34307551742256,88.33344268798828,88.33344268798828,0.0,13721500
2025-03-03,0.0,88.3517837524414,0.289,88.3517837524414,88.34212784718008,88.3517837524414,0.0,17874400
2025-03-04,0.0,88.3517837524414,0.0,88.36144702862278,88.3517837524414,88.36144702862278,0.0,12187400
2025-03-05,0.0,88.3614501953125,0.0,88.37111347184019,88.3614501953125,88.3614501953125,0.0,11850800
2025-03-06,0.0,88.37112426757812,0.0,88.38078754528631,88.37112426757812,88.38078754528631,0.0,10301700
2025-03-07,0.0,88.4097671508789,0.0,88.4097671508789,88.40010387348295,88.40010387348295,0.0,10375700
2025-03-10,0.0,88.41941833496094,0.0,88.41941833496094,88.40976242900166,88.40976242900166,0.0,29759000
2025-03-11,0.0,88.42909240722656,0.0,88.42909240722656,88.41942912916701,88.41942912916701,0.0,19163000
2025-03-12,0.0,88.4387435913086,0.0,88.4387435913086,88.4290803145705,88.4387435913086,0.0,20095800
2025-03-13,0.0,88.45806884765625,0.0,88.45806884765625,88.43874966377403,88.43874966377403,0.0,14549100
2025-03-14,0.0,88.47738647460938,0.0,88.48704238011567,88.47738647460938,88.47738647460938,0.0,15909000
2025-03-17,0.0,88.4967041015625,0.0,88.4967041015625,88.48704082530577,88.4967041015625,0.0,9386400
2025-03-18,0.0,88.4967041015625,0.0,88.50636737781923,88.4967041015625,88.4967041015625,0.0,8773100
2025-03-19,0.0,88.50638580322266,0.0,88.5160490814911,88.50638580322266,88.50638580322266,0.0,8833200
2025-03-20,0.0,88.52569580078125,0.0,88.52569580078125,88.51603989443663,88.51603989443663,0.0,8491000
2025-03-21,0.0,88.55467987060547,0.0,88.55467987060547,88.54501659396873,88.55467987060547,0.0,6544300
2025-03-24,0.0,88.55467987060547,0.0,88.56433577632181,88.55467987060547,88.56433577632181,0.0,8056300
2025-03-25,0.0,88.56433868408203,0.0,88.57400196103603,88.56433868408203,88.56433868408203,0.0,18837100
2025-03-26,0.0,88.57401275634766,0.0,88.58367603447941,88.57401275634766,88.58367603447941,0.0,7171300
2025-03-27,0.0,88.59333038330078,0.0,88.59333038330078,88.58367447626041,88.58367447626041,0.0,8399300
2025-03-28,0.0,88.622314453125,0.0,88.622314453125,88.61265117579174,88.61265117579174,0.0,10052200
2025-03-31,0.0,88.622314453125,0.0,88.63197035953735,88.622314453125,88.622314453125,0.0,22045800
2025-04-01,0.0,88.64266967773438,0.321,88.64266967773438,88.63297246615186,88.64266967773438,0.0,19110200
2025-04-02,0.0,88.65235900878906,0.0,88.65235900878906,88.64266179806856,88.64266179806856,0.0,9035500
2025-04-03,0.0,88.66205596923828,0.0,88.66205596923828,88.65236615454124,88.66205596923828,0.0,24029500
2025-04-04,0.0,88.6911392211914,0.0,88.70082903497261,88.68144201060578,88.6911392211914,0.0,33920200
2025-04-07,0.0,88.70083618164062,0.0,88.71053339300755,88.6911463670787,88.71053339300755,0.0,37206000
2025-04-08,0.0,88.72022247314453,0.0,88.72991228681838,88.70082805218816,88.70082805218816,0.0,21800900
2025-04-09,0.0,88.72022247314453,0.0,88.72022247314453,88.71052526266635,88.71052526266635,0.0,22907000
2025-04-10,0.0,88.72991943359375,0.0,88.72991943359375,88.72022961913943,88.72022961913943,0.0,23678100
2025-04-11,0.0,88.7686996459961,0.0,88.7686996459961,88.74931262055243,88.75900983167668,0.0,34807600
2025-04-14,0.0,88.7686996459961,0.0,88.7686996459961,88.75900983167668,88.7686996459961,0.0,18027100
2025-04-15,0.0,88.78810119628906,0.0,88.78810119628906,88.76870677248357,88.77840398438632,0.0,10082100
2025-04-16,0.0,88.79779815673828,0.0,88.79779815673828,88.78810834086123,88.78810834086123,0.0,12016200
2025-04-17,0.0,88.8365707397461,0.0,88.84626795146083,88.82688092483664,88.8365707397461,0.0,8243800
2025-04-21,0.0,88.84624481201172,0.0,88.84624481201172,88.83654760282256,88.83654760282256,0.0,10032200
2025-04-22,0.0,88.84624481201172,0.0,88.85594202120087,88.84624481201172,88.84624481201172,0.0,9201200
2025-04-23,0.0,88.86566162109375,0.0,88.86566162109375,88.85596440946128,88.86566162109375,0.0,8478500
2025-04-24,0.0,88.86566162109375,0.0,88.87535143592102,88.86566162109375,88.86566162109375,0.0,20381700
2025-04-25,0.0,88.90443420410156,0.0,88.90443420410156,88.8947443894345,88.8947443894345,0.0,11894100
2025-04-28,0.0,88.91413879394531,0.0,88.91413879394531,88.90444158166846,88.90444158166846,0.0,9934400
2025-04-29,0.0,88.91413879394531,0.0,88.92383600622216,88.91413879394531,88.91413879394531,0.0,19478900
2025-04-30,0.0,88.923828125,0.0,88.9335253364174,88.923828125,88.923828125,0.0,17498400
2025-05-01,0.0,88.94522857666016,0.312,88.94522857666016,88.93549826614606,88.94522857666016,0.0,15747600
2025-05-02,0.0,88.97440338134766,0.0,88.97440338134766,88.96467307178553,88.96467307178553,0.0,14267400
2025-05-05,0.0,88.97440338134766,0.0,88.9841336909098,88.97440338134766,88.9841336909098,0.0,26580800
2025-05-06,0.0,88.99386596679688,0.0,88.99386596679688,88.98413565701973,88.98413565701973,0.0,8429300
2025-05-07,0.0,88.99386596679688,0.0,89.0035888545223,88.99386596679688,88.99386596679688,0.0,6212900
2025-05-08,0.0,89.01333618164062,0.0,89.01333618164062,89.00360587000327,89.00360587000327,0.0,9354600
2025-05-09,0.0,89.0425033569336,0.0,89.0425033569336,89.03277304708158,89.0425033569336,0.0,9062400
2025-05-12,0.0,89.0425033569336,0.0,89.05223366678563,89.0425033569336,89.0425033569336,0.0,14492000
2025-05-13,0.0,89.06195831298828,0.0,89.06195831298828,89.05222800375503,89.06195831298828,0.0,23455700
2025-05-14,0.0,89.06195831298828,0.0,89.07168120017026,89.06195831298828,89.06195831298828,0.0,9141900
2025-05-15,0.0,89.07169342041016,0.0,89.08142373097837,89.07169342041016,89.08142373097837,0.0,6657100
2025-05-16,0.0,89.11060333251953,0.0,89.11060333251953,89.10087302237807,89.11060333251953,0.0,8756000
2025-05-19,0.0,89.11060333251953,0.0,89.120333642661,89.11060333251953,89.11060333251953,0.0,7618200
2025-05-20,0.0,89.13007354736328,0.0,89.13007354736328,89.12034323617438,89.12034323617438,0.0,7925400
2025-05-21,0.0,89.13978576660156,0.0,89.14951607662576,89.13978576660156,89.13978576660156,0.0,12007400
2025-05-22,0.0,89.15924835205078,0.0,89.15924835205078,89.14951804181209,89.14951804181209,0.0,7876500
2025-05-23,0.0,89.19815826416016,0.0,89.19815826416016,89.18842795434763,89.18842795434763,0.0,14805900
2025-05-27,0.0,89.19815826416016,0.0,89.20788115192094,89.19815826416016,89.19815826416016,0.0,8996500
2025-05-28,0.0,89.20789337158203,0.0,89.21762368272739,89.20789337158203,89.20789337158203,0.0,9887600
2025-05-29,0.0,89.21762084960938,0.0,89.22735116044576,89.21762084960938,89.21762084960938,0.0,7477700
2025-05-30,0.0,89.2468032836914,0.0,89.25653359441043,89.2468032836914,89.2468032836914,0.0,19202100
2025-06-02,0.0,89.26241302490234,0.316,89.27216951848666,89.26241302490234,89.27216951848666,0.0,17013900
2025-06-03,0.0,89.28193664550781,0.0,89.28193664550781,89.27217270387007,89.27217270387007,0.0,8454700
2025-06-04,0.0,89.28193664550781,0.0,89.29170058714556,89.28193664550781,89.28193664550781,0.0,14872200
2025-06-05,0.0,89.29170227050781,0.0,89.30146621232963,89.29170227050781,89.29170227050781,0.0,7780200
2025-06-06,0.0,89.32099914550781,0.0,89.33076308869573,89.32099914550781,89.32099914550781,0.0,7582100
2025-06-09,0.0,89.34051513671875,0.0,89.34051513671875,89.330758641723,89.330758641723,0.0,8128000
2025-06-10,0.0,89.35027313232422,0.0,89.35027313232422,89.34050919027224,89.34050919027224,0.0,9514600
2025-06-11,0.0,89.35027313232422,0.0,89.36003707437621,89.35027313232422,89.35027313232422,0.0,7435700
2025-06-12,0.0,89.36003875732422,0.0,89.3698026995601,89.36003875732422,89.36003875732422,0.0,5315900
2025-06-13,0.0,89.39909362792969,0.0,89.39909362792969,89.38932968497852,89.39909362792969,0.0,6221300
2025-06-16,0.0,89.39909362792969,0.0,89.40885012317457,89.39909362792969,89.40885012317457,0.0,8456900
2025-06-17,0.0,89.4186019897461,0.0,89.4186019897461,89.40883804811358,89.40883804811358,0.0,5518300
2025-06-18,0.0,89.43814086914062,0.0,89.43814086914062,89.42837692630766,89.42837692630766,0.0,5063800
2025-06-20,0.0,89.45764923095703,0.0,89.46741317247192,89.45764923095703,89.46741317247192,0.0,6516900
2025-06-23,0.0,89.47718048095703,0.0,89.47718048095703,89.46741653907473,89.46741653907473,0.0,6474200
2025-06-24,0.0,89.47718048095703,0.0,89.48693697513386,89.47718048095703,89.47718048095703,0.0,16266600
2025-06-25,0.0,89.48694610595703,0.0,89.49671004883561,89.48694610595703,89.49671004883561,0.0,7119500
2025-06-26,0.0,89.49671173095703,0.0,89.50647567401911,89.49671173095703,89.49671173095703,0.0,7976100
2025-06-27,0.0,89.53575134277344,0.0,89.5455152848854,89.53575134277344,89.53575134277344,0.0,6878900
2025-06-30,0.0,89.54551696777344,0.0,89.5552734623631,89.54551696777344,89.5552734623631,0.0,16763400
2025-07-01,0.0,89.56118774414062,0.306,89.56118774414062,89.55139112147154,89.56118774414062,0.0,18374200
2025-07-02,0.0,89.57097625732422,0.0,89.57097625732422,89.56118710735835,89.57097625732422,0.0,6569200
2025-07-03,0.0,89.61995697021484,0.0,89.62975359336878,89.61016034706091,89.61016034706091,0.0,4860800
2025-07-07,0.0,89.62975311279297,0.0,89.62975311279297,89.61995648969156,89.61995648969156,0.0,11518400
2025-07-08,0.0,89.62975311279297,0.0,89.63954226326042,89.62975311279297,89.62975311279297,0.0,10532400
2025-07-09,0.0,89.63954162597656,0.0,89.64933824900832,89.63954162597656,89.63954162597656,0.0,10322900
2025-07-10,0.0,89.65913391113281,0.0,89.65913391113281,89.64933728820604,89.64933728820604,0.0,9514400
2025-07-11,0.0,89.6787109375,0.0,89.68850755947125,89.6787109375,89.6787109375,0.0,5713900
2025-07-14,0.0,89.68850708007812,0.0,89.698303701997,89.68850708007812,89.698303701997,0.0,6587100
2025-07-15,0.0,89.69831085205078,0.0,89.70810000211694,89.69831085205078,89.69831085205078,0.0,6166500
2025-07-16,0.0,89.71788787841797,0.0,89.71788787841797,89.70809125667323,89.70809125667323,0.0,6745200
2025-07-17,0.0,89.71788787841797,0.0,89.72768450016271,89.71788787841797,89.72768450016271,0.0,6559900
2025-07-18,0.0,89.75706481933594,0.0,89.76686144085437,89.7472681978175,89.7472681978175,0.0,6681400
2025-07-21,0.0,89.77665710449219,0.0,89.77665710449219,89.76686048307828,89.77665710449219,0.0,6678700
2025-07-22,0.0,89.78646850585938,0.0,89.78646850585938,89.77667935465199,89.78646850585938,0.0,4792100
2025-07-23,0.0,89.79625701904297,0.0,89.79625701904297,89.78646039608593,89.78646039608593,0.0,6437300
2025-07-24,0.0,89.79625701904297,0.0,89.806053642,89.79625701904297,89.79625701904297,0.0,4807700
2025-07-25,0.0,89.82564544677734,0.0,89.83544207039219,89.82564544677734,89.82564544677734,0.0,5153900
2025-07-28,0.0,89.83543395996094,0.0,89.84523058269133,89.83543395996094,89.84523058269133,0.0,6305300
2025-07-29,0.0,89.8452377319336,0.0,89.85502688280928,89.8452377319336,89.8452377319336,0.0,7664300
2025-07-30,0.0,89.85501861572266,0.0,89.86481523833126,89.85501861572266,89.85501861572266,0.0,6895100
2025-07-31,0.0,89.86482238769531,0.0,89.87461901108331,89.86482238769531,89.86482238769531,0.0,11795100
2025-08-01,0.0,89.90315246582031,0.319,89.90315246582031,89.89332166264428,89.90315246582031,0.0,20144800
2025-08-04,0.0,89.91297912597656,0.0,89.91297912597656,89.90314832325352,89.91297912597656,0.0,20328000
2025-08-05,0.0,89.91297912597656,0.0,89.92280242999425,89.91297912597656,89.92280242999425,0.0,8588400
2025-08-06,0.0,89.94245910644531,0.0,89.94245910644531,89.92279750207672,89.93262830426102,0.0,7208800
2025-08-07,0.0,89.94245910644531,0.0,89.95228240992466,89.94245910644531,89.94245910644531,0.0,7157900
2025-08-08,0.0,89.97195434570312,0.0,89.98178514901629,89.97195434570312,89.98178514901629,0.0,6243500
2025-08-11,0.0,89.98178100585938,0.0,89.99160431001442,89.98178100585938,89.98178100585938,0.0,8361400
2025-08-12,0.0,89.99160766601562,0.0,90.00143846924274,89.99160766601562,89.99160766601562,0.0,6571900
2025-08-13,0.0,90.00143432617188,0.0,90.01126512894645,90.00143432617188,90.00143432617188,0.0,6791500
2025-08-14,0.0,90.01126861572266,0.0,90.02109192017237,90.01126861572266,90.02109192017237,0.0,6475800
2025-08-15,0.0,90.05058288574219,0.0,90.05058288574219,90.04075208274442,90.05058288574219,0.0,5354600
2025-08-18,0.0,90.05058288574219,0.0,90.06040619003439,90.05058288574219,90.05058288574219,0.0,15606200
2025-08-19,0.0,90.07022857666016,0.0,90.07022857666016,90.060397774581,90.07022857666016,0.0,11862700
2025-08-20,0.0,90.08989715576172,0.0,90.08989715576172,90.08006635292145,90.08006635292145,0.0,6916000
2025-08-21,0.0,90.08989715576172,0.0,90.09972045989655,90.08989715576172,90.08989715576172,0.0,4656000
2025-08-22,0.0,90.11937713623047,0.0,90.12920043982798,90.11937713623047,90.12920043982798,0.0,7468100
2025-08-25,0.0,90.12921142578125,0.0,90.13904222928208,90.12921142578125,90.12921142578125,0.0,7319800
2025-08-26,0.0,90.13903045654297,0.0,90.14886125875984,90.13903045654297,90.14886125875984,0.0,8729600
2025-08-27,0.0,90.14887237548828,0.0,90.15870317891743,90.14887237548828,90.14887237548828,0.0,4919400
2025-08-28,0.0,90.15869903564453,0.0,90.16852233991635,90.15869903564453,90.15869903564453,0.0,5490300
2025-08-29,0.0,90.19801330566406,0.0,90.20784410930145,90.19801330566406,90.19801330566406,0.0,11546500
2025-09-02,0.0,90.2197036743164,0.322,90.2197036743164,90.20983825664088,90.2197036743164,0.0,13477100
2025-09-03,0.0,90.22956848144531,0.0,90.22956848144531,90.21970306383653,90.22956848144531,0.0,7040700
2025-09-04,0.0,90.24929809570312,0.0,90.24929809570312,90.22957478421664,90.23943267740523,0.0,9180600
2025-09-05,0.0,90.27889251708984,0.0,90.27889251708984,90.26902709816999,90.26902709816999,0.0,10223000
2025-09-08,0.0,90.28874969482422,0.0,90.2986151128436,90.28874969482422,90.28874969482422,0.0,9201200
2025-09-09,0.0,90.29861450195312,0.0,90.29861450195312,90.28874908400049,90.29861450195312,0.0,8740800
2025-09-10,0.0,90.30847930908203,0.0,90.30847930908203,90.29862141548368,90.29862141548368,0.0,9027200
2025-09-11,0.0,90.31834411621094,0.0,90.31834411621094,90.30847869756977,90.31834411621094,0.0,9714300
2025-09-12,0.0,90.34793090820312,0.0,90.34793090820312,90.33806548977367,90.33806548977367,0.0,7154200
2025-09-15,0.0,90.35779571533203,0.0,90.35779571533203,90.34793029696932,90.34793029696932,0.0,8876200
2025-09-16,0.0,90.36766052246094,0.0,90.37751841564763,90.36766052246094,90.36766052246094,0.0,7036400
2025-09-17,0.0,90.37752532958984,0.0,90.38739074864054,90.37752532958984,90.37752532958984,0.0,5395900
2025-09-18,0.0,90.38738250732422,0.0,90.39724792547541,90.38738250732422,90.39724792547541,0.0,6032900
2025-09-19,0.0,90.42684173583984,0.0,90.42684173583984,90.41697631713433,90.42684173583984,0.0,6689800
2025-09-22,0.0,90.43669891357422,0.0,90.43669891357422,90.42683349576768,90.42683349576768,0.0,6255200
2025-09-23,0.0,90.43669891357422,0.0,90.44655680627183,90.43669891357422,90.43669891357422,0.0,7854700
2025-09-24,0.0,90.45642852783203,0.0,90.45642852783203,90.44656310933799,90.44656310933799,0.0,6711500
2025-09-25,0.0,90.45642852783203,0.0,90.46629394632608,90.45642852783203,90.45642852783203,0.0,11455100
2025-09-26,0.0,90.48601531982422,0.0,90.48601531982422,90.4761574266508,90.48601531982422,0.0,7888800
2025-09-29,0.0,90.4958724975586,0.0,90.4958724975586,90.48600708017422,90.48600708017422,0.0,6928500
2025-09-30,0.0,90.4958724975586,0.0,90.50573791494296,90.4958724975586,90.4958724975586,0.0,14165800
2025-10-01,0.0,90.51665496826172,0.311,90.51665496826172,90.50675599687334,90.51665496826172,0.0,15501400
2025-10-02,0.0,90.52655792236328,0.0,90.52655792236328,90.5166589505394,90.52655792236328,0.0,7225200
2025-10-03,0.0,90.54634857177734,0.0,90.55624754362927,90.54634857177734,90.55624754362927,0.0,6177600
2025-10-06,0.0,90.56614685058594,0.0,90.56614685058594,90.55624787869739,90.56614685058594,0.0,7041200
2025-10-07,0.0,90.56614685058594,0.0,90.5760382717713,90.56614685058594,90.56614685058594,0.0,7071900
2025-10-08,0.0,90.5859375,0.0,90.5859375,90.57603852808343,90.5859375,0.0,7236300
2025-10-09,0.0,90.5859375,0.0,90.59583647191657,90.5859375,90.5859375,0.0,9389800
2025-10-10,0.0,90.62552642822266,0.0,90.62552642822266,90.6156274562415,90.6156274562415,0.0,14648000
2025-10-13,0.0,90.63542175292969,0.0,90.63542175292969,90.61562380976409,90.62552278134689,0.0,13286000
2025-10-14,0.0,90.63542175292969,0.0,90.64531317380953,90.63542175292969,90.64531317380953,0.0,8281800
2025-10-15,0.0,90.64531707763672,0.0,90.65521604964584,90.64531707763672,90.65521604964584,0.0,11747900
2025-10-16,0.0,90.65521240234375,0.0,90.65521240234375,90.64531343073288,90.65521240234375,0.0,7811800
2025-10-17,0.0,90.67501831054688,0.0,90.68490973232363,90.67501831054688,90.68490973232363,0.0,10183500
2025-10-20,0.0,90.6948013305664,0.0,90.6948013305664,90.68490235889088,90.6948013305664,0.0,8215400
2025-10-21,0.0,90.6948013305664,0.0,90.70470030224193,90.6948013305664,90.70470030224193,0.0,6989600
2025-10-22,0.0,90.71460723876953,0.0,90.71460723876953,90.70470826622486,90.71460723876953,0.0,13191400
2025-10-23,0.0,90.72449493408203,0.0,90.72449493408203,90.71460351264734,90.71460351264734,0.0,7399500
2025-10-24,0.0,90.75418090820312,0.0,90.75418090820312,90.7442894871381,90.75418090820312,0.0,8743100
2025-10-27,0.0,90.75418090820312,0.0,90.76407987997126,90.75418090820312,90.75418090820312,0.0,11472400
2025-10-28,0.0,90.76408386230469,0.0,90.77398283450715,90.76408386230469,90.77398283450715,0.0,13039400
2025-10-29,0.0,90.79376983642578,0.0,90.79376983642578,90.77397944346362,90.77397944346362,0.0,13416300
2025-10-30,0.0,90.79376983642578,0.0,90.80366880825845,90.79376983642578,90.79376983642578,0.0,7897200
2025-10-31,0.0,90.8135757446289,0.0,90.82346716662592,90.8135757446289,90.8135757446289,0.0,14371000
2025-11-03,0.0,90.82647705078125,0.303,90.82647705078125,90.82647705078125,90.82647705078125,0.0,17922800
2025-11-04,0.0,90.83641052246094,0.0,90.83641052246094,90.82647875464947,90.83641052246094,0.0,12162100
2025-11-05,0.0,90.84632873535156,0.0,90.85626050250934,90.84632873535156,90.85626050250934,0.0,7973200
2025-11-06,0.0,90.85626220703125,0.0,90.86619397437536,90.85626220703125,90.85626220703125,0.0,15915800
2025-11-07,0.0,90.88605499267578,0.0,90.89598676057275,90.88605499267578,90.88605499267578,0.0,11525000
2025-11-10,0.0,90.90591430664062,0.0,90.90591430664062,90.8959825392049,90.90591430664062,0.0,13043700
2025-11-11,0.0,90.89598083496094,0.0,90.90591260221045,90.89598083496094,90.90591260221045,0.0,6181200
2025-11-12,0.0,90.90591430664062,0.0,90.91583849835749,90.90591430664062,90.90591430664062,0.0,6371200
2025-11-13,0.0,90.91584014892578,0.0,90.92577191654182,90.91584014892578,90.91584014892578,0.0,6625900
2025-11-14,0.0,90.95555877685547,0.0,90.95555877685547,90.94562700933409,90.95555877685547,0.0,10192200
2025-11-17,0.0,90.95555877685547,0.0,90.96549054437686,90.95555877685547,90.95555877685547,0.0,9767000
2025-11-18,0.0,90.97542572021484,0.0,90.97542572021484,90.96549395232137,90.97542572021484,0.0,9642600
2025-11-19,0.0,90.97542572021484,0.0,90.9853499123891,90.97542572021484,90.9853499123891,0.0,6206200
2025-11-20,0.0,90.99527740478516,0.0,90.99527740478516,90.97542144565038,90.98534563735834,0.0,10933900
2025-11-21,0.0,91.01514434814453,0.0,91.01514434814453,91.01514434814453,91.01514434814453,0.0,9431800
2025-11-24,0.0,91.01514434814453,0.0,91.02506854022415,91.01514434814453,91.01514434814453,0.0,7347100
2025-11-25,0.0,91.03499603271484,0.0,91.03499603271484,91.02506426538251,91.03499603271484,0.0,8992400
2025-11-26,0.0,91.04492950439453,0.0,91.05485369619386,91.04492950439453,91.05485369619386,0.0,6749500
2025-11-28,0.0,91.07471466064453,0.0,91.08464642788246,91.07471466064453,91.07471466064453,0.0,10775200
2025-12-01,0.0,91.0856704711914,0.281,91.09563276003885,91.0856704711914,91.09563276003885,0.0,16856800
2025-12-02,0.0,91.11556243896484,0.0,91.11556243896484,91.09563786015445,91.10560014955965,0.0,7403400
2025-12-03,0.0,91.1255111694336,0.0,91.1255111694336,91.11555647967978,91.11555647967978,0.0,6530900
2025-12-04,0.0,91.1354751586914,0.0,91.14543744763093,91.1354751586914,91.1354751586914,0.0,7236700
2025-12-05,0.0,91.1553955078125,0.0,91.16535779712035,91.1553955078125,91.16535779712035,0.0,7308400
2025-12-08,0.0,91.16535949707031,0.0,91.17532178656393,91.16535949707031,91.16535949707031,0.0,7579000
2025-12-09,0.0,91.1852798461914,0.0,91.1852798461914,91.17531755715991,91.1852798461914,0.0,9285600
2025-12-10,0.0,91.1852798461914,0.0,91.19523453622287,91.1852798461914,91.1852798461914,0.0,6974200
2025-12-11,0.0,91.19523620605469,0.0,91.20519849526859,91.19523620605469,91.19523620605469,0.0,7144500
2025-12-12,0.0,91.23507690429688,0.0,91.23507690429688,91.22511461517684,91.23507690429688,0.0,6040700
2025-12-15,0.0,91.23507690429688,0.0,91.24503919341691,91.23507690429688,91.23507690429688,0.0,6058100
2025-12-16,0.0,91.24504089355469,0.0,91.25500318286035,91.24504089355469,91.24504089355469,0.0,7212200
2025-12-17,0.0,91.2550048828125,0.0,91.26495957330337,91.2550048828125,91.2550048828125,0.0,9641200
2025-12-18,0.0,91.2699966430664,0.365,91.2699966430664,91.26000213623047,91.2699966430664,0.0,10277300
2025-12-19,0.0,91.30000305175781,0.0,91.30000305175781,91.29000091552734,91.29000091552734,0.0,7581800
2025-12-22,0.0,91.30000305175781,0.0,91.30999755859375,91.30000305175781,91.30000305175781,0.0,11026900
2025-12-23,0.0,91.30000305175781,0.0,91.30999755859375,91.30000305175781,91.30999755859375,0.0,7111200
2025-12-24,0.0,91.33000183105469,0.0,91.33000183105469,91.31999969482422,91.33000183105469,0.0,5073500
2025-12-26,0.0,91.36000061035156,0.0,91.36000061035156,91.3499984741211,91.3499984741211,0.0,5588900
2025-12-29,0.0,91.36000061035156,0.0,91.37000274658203,91.36000061035156,91.36000061035156,0.0,7988900
2025-12-30,0.0,91.37000274658203,0.0,91.37999725341797,91.37000274658203,91.37000274658203,0.0,7852900
2025-12-31,0.0,91.37999725341797,0.0,91.38999938964844,91.37999725341797,91.38999938964844,0.0,11225900
2026-01-02,0.0,91.41999816894531,0.0,91.41999816894531,91.41000366210938,91.41999816894531,0.0,8517900
2026-01-05,0.0,91.41999816894531,0.0,91.43000030517578,91.41999816894531,91.41999816894531,0.0,11770200
2026-01-06,0.0,91.43000030517578,0.0,91.44000244140625,91.43000030517578,91.43000030517578,0.0,9135800
2026-01-07,0.0,91.44999694824219,0.0,91.44999694824219,91.44000244140625,91.44000244140625,0.0,8767200
2026-01-08,0.0,91.44999694824219,0.0,91.44999694824219,91.44999694824219,91.44999694824219,0.0,7116500
2026-01-09,0.0,91.47000122070312,0.0,91.4800033569336,91.47000122070312,91.47000122070312,0.0,7776600
2026-01-12,0.0,91.4800033569336,0.0,91.48999786376953,91.4800033569336,91.4800033569336,0.0,6189700
2026-01-13,0.0,91.48999786376953,0.0,91.5,91.48999786376953,91.48999786376953,0.0,7777400
2026-01-14,0.0,91.5,0.0,91.5,91.48999786376953,91.5,0.0,8005900
2026-01-15,0.0,91.5,0.0,91.51000213623047,91.5,91.51000213623047,0.0,8938400
2026-01-16,0.0,91.54000091552734,0.0,91.54000091552734,91.54000091552734,91.54000091552734,0.0,7648200
2026-01-20,0.0,91.54000091552734,0.0,91.55999755859375,91.54000091552734,91.55000305175781,0.0,9335100
2026-01-21,0.0,91.55000305175781,0.0,91.55999755859375,91.55000305175781,91.55999755859375,0.0,8153800
2026-01-22,0.0,91.55999755859375,0.0,91.56999969482422,91.55999755859375,91.56999969482422,0.0,7679200
2026-01-23,0.0,91.58999633789062,0.0,91.5999984741211,91.58999633789062,91.58999633789062,0.0,8147700
2026-01-26,0.0,91.58999633789062,0.0,91.61000061035156,91.58999633789062,91.5999984741211,0.0,10052800
2026-01-27,0.0,91.5999984741211,0.0,91.61000061035156,91.5999984741211,91.5999984741211,0.0,8178400
2026-01-28,0.0,91.61000061035156,0.0,91.62000274658203,91.61000061035156,91.61000061035156,0.0,6265500
2026-01-29,0.0,91.62999725341797,0.0,91.62999725341797,91.62000274658203,91.62000274658203,0.0,10237300
2026-01-30,0.0,91.6500015258789,0.0,91.6500015258789,91.63999938964844,91.63999938964844,0.0,14527800
2026-02-02,0.0,91.38999938964844,0.0,91.38999938964844,91.37999725341797,91.38999938964844,0.0,20865630
