,buy_amount_price,min_buy_amount_price,buy_symbol,sell_symbol,datetime_received,aggregatorName
0,0.9974513120322682,0.9971022040730568,frxUSD,crvUSD,2025-09-23 18:02:51.610783+00:00,Lifi
1,0.99739557904,0.9970464905900001,USDC,crvUSD,2025-09-23 18:02:51.600037+00:00,Lifi
2,0.9964813836449534,0.9961326151606776,USDe,crvUSD,2025-09-23 18:02:51.580786+00:00,Lifi
3,0.9980128923544784,0.9976635878421544,GHO,crvUSD,2025-09-23 18:02:51.489506+00:00,Lifi
4,0.9969577611200001,0.9966088258999999,USDT,crvUSD,2025-09-23 18:02:51.309396+00:00,Lifi
5,0.9993675394516367,0.9990177608128287,FRAX,crvUSD,2025-09-23 18:02:51.448734+00:00,Lifi
6,0.997235240358766,0.9968862080246406,crvUSD,frxUSD,2025-09-23 18:02:51.684541+00:00,Lifi
7,0.99717915091,0.99683013821,USDC,frxUSD,2025-09-23 18:02:51.457720+00:00,Lifi
8,0.9962589245093482,0.9959102338857698,USDe,frxUSD,2025-09-23 18:02:51.484985+00:00,Lifi
9,0.9977589058387372,0.9974096902216936,GHO,frxUSD,2025-09-23 18:02:51.904258+00:00,Lifi
10,0.9967235033099999,0.99637465008,USDT,frxUSD,2025-09-23 18:02:52.024635+00:00,Lifi
11,0.9989977929329842,0.9986481437054576,FRAX,frxUSD,2025-09-23 18:02:52.419026+00:00,Lifi
12,0.997514172552735,0.9971650425923415,crvUSD,USDC,2025-09-23 18:02:54.271265+00:00,Lifi
13,0.9975976291601288,0.9972484699899229,frxUSD,USDC,2025-09-23 18:02:55.095022+00:00,Lifi
14,0.9965997235286331,0.9962509136253982,USDe,USDC,2025-09-23 18:02:54.568095+00:00,Lifi
15,0.9981020976384739,0.9977527619043004,GHO,USDC,2025-09-23 18:02:54.017034+00:00,Lifi
16,0.9970672393,0.99671826577,USDT,USDC,2025-09-23 18:02:54.371835+00:00,Lifi
17,0.9996180782642333,0.9992682119368408,FRAX,USDC,2025-09-23 18:02:54.598446+00:00,Lifi
18,0.9984213744937842,0.9980719270127114,crvUSD,USDe,2025-09-23 18:02:54.961161+00:00,Lifi
19,0.9985411879266413,0.998191698510867,frxUSD,USDe,2025-09-23 18:02:55.920920+00:00,Lifi
20,0.9983641837499999,0.9980147562899999,USDC,USDe,2025-09-23 18:02:55.804894+00:00,Lifi
21,0.9989723507323973,0.9986227104096411,GHO,USDe,2025-09-23 18:02:56.361950+00:00,Lifi
22,0.9979281783899999,0.99757890353,USDT,USDe,2025-09-23 18:02:56.479197+00:00,Lifi
23,1.00050533532364,1.0001551584562764,FRAX,USDe,2025-09-23 18:02:56.843348+00:00,Lifi
24,0.9968254983070963,0.9964766093826889,crvUSD,GHO,2025-09-23 18:02:57.282134+00:00,Lifi
25,0.9968662967949419,0.9965173935910636,frxUSD,GHO,2025-09-23 18:02:57.590235+00:00,Lifi
26,0.99678507589,0.99643620111,USDC,GHO,2025-09-23 18:02:58.255831+00:00,Lifi
27,0.9959011065956954,0.9955525412083871,USDe,GHO,2025-09-23 18:02:58.338258+00:00,Lifi
28,0.99637940909,0.9960306763000001,USDT,GHO,2025-09-23 18:02:58.802151+00:00,Lifi
29,0.9988282505650921,0.9984786606773942,FRAX,GHO,2025-09-23 18:02:59.989757+00:00,Lifi
30,0.9979775360166766,0.9976282438790708,crvUSD,USDT,2025-09-23 18:02:59.515534+00:00,Lifi
31,0.9980840310831576,0.9977347016722785,frxUSD,USDT,2025-09-23 18:02:59.841272+00:00,Lifi
32,0.99795364278,0.99760435901,USDC,USDT,2025-09-23 18:03:00.306675+00:00,Lifi
33,0.9970479560543926,0.9966989892697734,USDe,USDT,2025-09-23 18:03:01.891567+00:00,Lifi
34,0.9985381716700721,0.9981886833099876,GHO,USDT,2025-09-23 18:03:00.958079+00:00,Lifi
35,1.0000519379617248,0.9997019197834383,FRAX,USDT,2025-09-23 18:03:01.380443+00:00,Lifi
36,0.9953880117024174,0.9950396258983217,crvUSD,FRAX,2025-09-23 18:03:03.810501+00:00,Lifi
37,0.9954712827243113,0.9951228677753579,frxUSD,FRAX,2025-09-23 18:03:02.180277+00:00,Lifi
38,0.9952976600000001,0.99494930582,USDC,FRAX,2025-09-23 18:03:02.480664+00:00,Lifi
39,0.9943928864925127,0.9940448489822402,USDe,FRAX,2025-09-23 18:03:02.977207+00:00,Lifi
40,0.9958777701708788,0.995529212951319,GHO,FRAX,2025-09-23 18:03:04.422417+00:00,Lifi
41,0.99486673815,0.99451853479,USDT,FRAX,2025-09-23 18:03:03.607364+00:00,Lifi
0,0.9974530163736797,0.9971039078179491,frxUSD,crvUSD,2025-09-23 18:04:07.699912+00:00,Lifi
1,0.9973956499100001,0.99704656143,USDC,crvUSD,2025-09-23 18:04:08.069427+00:00,Lifi
2,0.9965024079747266,0.9961536321319353,USDe,crvUSD,2025-09-23 18:04:07.457578+00:00,Lifi
3,0.9978947026489611,0.997545439503034,GHO,crvUSD,2025-09-23 18:04:08.235014+00:00,Lifi
4,0.9969492969999999,0.99660036475,USDT,crvUSD,2025-09-23 18:04:07.598987+00:00,Lifi
5,0.9994091173358876,0.9990593241448201,FRAX,crvUSD,2025-09-23 18:04:07.610120+00:00,Lifi
6,0.9972353099867874,0.9968862776282922,crvUSD,frxUSD,2025-09-23 18:04:07.471375+00:00,Lifi
7,0.99718008344,0.99683107041,USDC,frxUSD,2025-09-23 18:04:07.583654+00:00,Lifi
8,0.9955736360324156,0.9952251852598041,USDe,frxUSD,2025-09-23 18:04:07.830673+00:00,Lifi
9,0.9977584636714424,0.9974092482091573,GHO,frxUSD,2025-09-23 18:04:08.278337+00:00,Lifi
10,0.9967241645999999,0.99637531114,USDT,frxUSD,2025-09-23 18:04:08.563390+00:00,Lifi
11,0.9989977929329842,0.9986481437054576,FRAX,frxUSD,2025-09-23 18:04:08.965987+00:00,Lifi
12,0.9975298387503989,0.9971807033068364,crvUSD,USDC,2025-09-23 18:04:09.327915+00:00,Lifi
13,0.9976134647714365,0.9972643000587665,frxUSD,USDC,2025-09-23 18:04:10.567787+00:00,Lifi
14,0.9966090807583279,0.9962602675800624,USDe,USDC,2025-09-23 18:04:11.737680+00:00,Lifi
15,0.9981413222935682,0.9977919728307655,GHO,USDC,2025-09-23 18:04:10.454270+00:00,Lifi
16,0.99708253722,0.99673355833,USDT,USDC,2025-09-23 18:04:10.751845+00:00,Lifi
17,0.9996232449010743,0.999273376765359,FRAX,USDC,2025-09-23 18:04:11.128317+00:00,Lifi
18,0.9984213744937842,0.9980719270127114,crvUSD,USDe,2025-09-23 18:04:12.086657+00:00,Lifi
19,0.9985411879266413,0.998191698510867,frxUSD,USDe,2025-09-23 18:04:13.286845+00:00,Lifi
20,0.9983738737,0.99802444284,USDC,USDe,2025-09-23 18:04:14.833335+00:00,Lifi
21,0.9989723515239222,0.9986227112008887,GHO,USDe,2025-09-23 18:04:12.650343+00:00,Lifi
22,0.99792141055,0.99757213806,USDT,USDe,2025-09-23 18:04:12.998177+00:00,Lifi
23,1.0005161373283693,1.0001659566803043,FRAX,USDe,2025-09-23 18:04:14.007753+00:00,Lifi
24,0.9968564342241625,0.9965075344721841,crvUSD,GHO,2025-09-23 18:04:15.804365+00:00,Lifi
25,0.996852576098682,0.9965036776970475,frxUSD,GHO,2025-09-23 18:04:14.120141+00:00,Lifi
26,0.9967965756399999,0.99644769684,USDC,GHO,2025-09-23 18:04:14.743584+00:00,Lifi
27,0.9959011065956954,0.9955525412083871,USDe,GHO,2025-09-23 18:04:14.963277+00:00,Lifi
28,0.99637656926,0.99602783746,USDT,GHO,2025-09-23 18:04:15.423035+00:00,Lifi
29,0.9988343714647129,0.9984847794347004,FRAX,GHO,2025-09-23 18:04:15.634375+00:00,Lifi
30,0.997962795858953,0.9976135088804026,crvUSD,USDT,2025-09-23 18:04:16.064104+00:00,Lifi
31,0.998086094429936,0.9977367642968856,frxUSD,USDT,2025-09-23 18:04:16.361871+00:00,Lifi
32,0.99795904628,0.99760976061,USDC,USDT,2025-09-23 18:04:17.489806+00:00,Lifi
33,0.997053109504064,0.9967041409157377,USDe,USDT,2025-09-23 18:04:17.492232+00:00,Lifi
34,0.9985407365950264,0.9981912473372181,GHO,USDT,2025-09-23 18:04:18.762481+00:00,Lifi
35,1.000057106840976,0.9997070868535817,FRAX,USDT,2025-09-23 18:04:17.851864+00:00,Lifi
36,0.9953880117024174,0.9950396258983217,crvUSD,FRAX,2025-09-23 18:04:18.291131+00:00,Lifi
37,0.9954712827243113,0.9951228677753579,frxUSD,FRAX,2025-09-23 18:04:18.638792+00:00,Lifi
38,0.99529762432,0.9949492701499999,USDC,FRAX,2025-09-23 18:04:19.003385+00:00,Lifi
39,0.9943994384894673,0.9940513986859959,USDe,FRAX,2025-09-23 18:04:19.816172+00:00,Lifi
40,0.9958101270713998,0.9954615935269246,GHO,FRAX,2025-09-23 18:04:21.557864+00:00,Lifi
41,0.99486673815,0.99451853479,USDT,FRAX,2025-09-23 18:04:20.223306+00:00,Lifi
0,0.9974521005545341,0.99710299231934,frxUSD,crvUSD,2025-09-23 18:05:24.698125+00:00,Lifi
1,0.9973817615499999,0.99703267793,USDC,crvUSD,2025-09-23 18:05:24.855591+00:00,Lifi
2,0.9964604757447941,0.9961117145782834,USDe,crvUSD,2025-09-23 18:05:24.709879+00:00,Lifi
3,0.9979837625941381,0.9976344682772302,GHO,crvUSD,2025-09-23 18:05:24.850910+00:00,Lifi
4,0.9969729975799999,0.99662405703,USDT,crvUSD,2025-09-23 18:05:24.633880+00:00,Lifi
5,0.9994089093520662,0.9990591162337928,FRAX,crvUSD,2025-09-23 18:05:24.755467+00:00,Lifi
6,0.9972353912195143,0.9968863588325872,crvUSD,frxUSD,2025-09-23 18:05:24.842907+00:00,Lifi
7,0.997140782,0.99679178273,USDC,frxUSD,2025-09-23 18:05:24.627767+00:00,Lifi
8,0.99626150439848,0.9959128128719406,USDe,frxUSD,2025-09-23 18:05:24.981755+00:00,Lifi
9,0.9977041091617468,0.9973549127235402,GHO,frxUSD,2025-09-23 18:05:25.795629+00:00,Lifi
10,0.99670782476,0.99635897702,USDT,frxUSD,2025-09-23 18:05:25.715294+00:00,Lifi
11,0.998998041862307,0.9986483925476551,FRAX,frxUSD,2025-09-23 18:05:28.138784+00:00,Lifi
12,0.9975592304788764,0.9972100847482087,crvUSD,USDC,2025-09-23 18:05:26.493547+00:00,Lifi
13,0.9976092761092652,0.9972601128626268,frxUSD,USDC,2025-09-23 18:05:26.850566+00:00,Lifi
14,0.9966207579945973,0.9962719407292989,USDe,USDC,2025-09-23 18:05:27.170125+00:00,Lifi
15,0.9981413222935682,0.9977919728307655,GHO,USDC,2025-09-23 18:05:27.588553+00:00,Lifi
16,0.99707927675,0.996730299,USDT,USDC,2025-09-23 18:05:27.914762+00:00,Lifi
17,0.9994857579115369,0.999135937896268,FRAX,USDC,2025-09-23 18:05:29.911502+00:00,Lifi
18,0.9984092285519813,0.9980597853219881,crvUSD,USDe,2025-09-23 18:05:28.715013+00:00,Lifi
19,0.9985362340910363,0.9981867464091044,frxUSD,USDe,2025-09-23 18:05:29.033055+00:00,Lifi
20,0.99831986791,0.99797045596,USDC,USDe,2025-09-23 18:05:29.662664+00:00,Lifi
21,0.9989723515239222,0.9986227112008887,GHO,USDe,2025-09-23 18:05:29.741542+00:00,Lifi
22,0.9979292049299999,0.99757992971,USDT,USDe,2025-09-23 18:05:30.121884+00:00,Lifi
23,1.0005172495458738,1.0001670685085327,FRAX,USDe,2025-09-23 18:05:30.576748+00:00,Lifi
24,0.9968506729705643,0.9965017752350246,crvUSD,GHO,2025-09-23 18:05:30.899647+00:00,Lifi
25,0.9968539698434029,0.9965050709539578,frxUSD,GHO,2025-09-23 18:05:31.231473+00:00,Lifi
26,0.9967983206,0.9964494411900001,USDC,GHO,2025-09-23 18:05:31.622158+00:00,Lifi
27,0.9959064693124907,0.9955579020482314,USDe,GHO,2025-09-23 18:05:32.009271+00:00,Lifi
28,0.99637789502,0.9960291627600001,USDT,GHO,2025-09-23 18:05:32.396478+00:00,Lifi
29,0.9988307786455275,0.9984811878730017,FRAX,GHO,2025-09-23 18:05:42.762631+00:00,Lifi
30,0.9979768482896625,0.997627556392761,crvUSD,USDT,2025-09-23 18:05:33.138186+00:00,Lifi
31,0.9980861806732033,0.9977368505099676,frxUSD,USDT,2025-09-23 18:05:33.546679+00:00,Lifi
32,0.99793329705,0.9975840204,USDC,USDT,2025-09-23 18:05:33.967803+00:00,Lifi
33,0.9970533249067013,0.9967043562429839,USDe,USDT,2025-09-23 18:05:34.263002+00:00,Lifi
34,0.9985386105147583,0.9981891220010781,GHO,USDT,2025-09-23 18:05:34.674132+00:00,Lifi
35,1.0000573228885352,0.9997073028255241,FRAX,USDT,2025-09-23 18:05:35.085049+00:00,Lifi
36,0.995388011712422,0.9950396259083227,crvUSD,FRAX,2025-09-23 18:05:35.391291+00:00,Lifi
37,0.9954710999450526,0.9951226850600716,frxUSD,FRAX,2025-09-23 18:05:35.799824+00:00,Lifi
38,0.99529762432,0.9949492701499999,USDC,FRAX,2025-09-23 18:05:36.808216+00:00,Lifi
39,0.9943994384894673,0.9940513986859959,USDe,FRAX,2025-09-23 18:05:36.599370+00:00,Lifi
40,0.9958673651748843,0.9955188115970732,GHO,FRAX,2025-09-23 18:05:37.541704+00:00,Lifi
41,0.9948666965399999,0.9945184932,USDT,FRAX,2025-09-23 18:05:37.237044+00:00,Lifi
0,0.9974521005545341,0.99710299231934,frxUSD,crvUSD,2025-09-23 18:06:45.794210+00:00,Lifi
1,0.99739411792,0.99704502998,USDC,crvUSD,2025-09-23 18:06:45.864592+00:00,Lifi
2,0.996478576539518,0.9961298090377293,USDe,crvUSD,2025-09-23 18:06:47.058596+00:00,Lifi
3,0.9980072065501481,0.9976579040278556,GHO,crvUSD,2025-09-23 18:06:46.032016+00:00,Lifi
4,0.9969569698999999,0.9966080349599999,USDT,crvUSD,2025-09-23 18:06:45.840656+00:00,Lifi
5,0.9993671367232437,0.9990173582253907,FRAX,crvUSD,2025-09-23 18:06:46.976637+00:00,Lifi
6,0.9972354724522787,0.9968864400369204,crvUSD,frxUSD,2025-09-23 18:06:45.793881+00:00,Lifi
7,0.99717291297,0.9968239024500001,USDC,frxUSD,2025-09-23 18:06:45.792404+00:00,Lifi
8,0.99626150439848,0.9959128128719406,USDe,frxUSD,2025-09-23 18:06:46.139646+00:00,Lifi
9,0.9976826346001838,0.9973334456780738,GHO,frxUSD,2025-09-23 18:06:47.227378+00:00,Lifi
10,0.99670782476,0.99635897702,USDT,frxUSD,2025-09-23 18:06:47.078695+00:00,Lifi
11,0.9989959306841579,0.9986462821084185,FRAX,frxUSD,2025-09-23 18:06:47.291441+00:00,Lifi
12,0.9975491446825969,0.9972000024819581,crvUSD,USDC,2025-09-23 18:06:47.676050+00:00,Lifi
13,0.9976057853337987,0.9972566233089318,frxUSD,USDC,2025-09-23 18:06:48.793861+00:00,Lifi
14,0.9966276021351015,0.9962787824743542,USDe,USDC,2025-09-23 18:06:48.420898+00:00,Lifi
15,0.9981020469667924,0.9977527112503539,GHO,USDC,2025-09-23 18:06:48.795062+00:00,Lifi
16,0.9970943001900001,0.99674531718,USDT,USDC,2025-09-23 18:06:50.225255+00:00,Lifi
17,0.9993593546232613,0.9990095788491431,FRAX,USDC,2025-09-23 18:06:50.323973+00:00,Lifi
18,0.9983873523489449,0.9980379167756229,crvUSD,USDe,2025-09-23 18:06:51.781238+00:00,Lifi
19,0.9985362340910363,0.9981867464091044,frxUSD,USDe,2025-09-23 18:06:50.210353+00:00,Lifi
20,0.99840337,0.99805392882,USDC,USDe,2025-09-23 18:06:50.654651+00:00,Lifi
21,0.9989723515239222,0.9986227112008887,GHO,USDe,2025-09-23 18:06:51.044662+00:00,Lifi
22,0.99795913327,0.9976098475699999,USDT,USDe,2025-09-23 18:06:51.359289+00:00,Lifi
23,1.00050533532364,1.0001551584562764,FRAX,USDe,2025-09-23 18:06:51.780781+00:00,Lifi
24,0.9968490020982597,0.9965001049475253,crvUSD,GHO,2025-09-23 18:06:52.174605+00:00,Lifi
25,0.9968663359068779,0.9965174326893105,frxUSD,GHO,2025-09-23 18:06:52.535758+00:00,Lifi
26,0.99678507595,0.99643620117,USDC,GHO,2025-09-23 18:06:52.855674+00:00,Lifi
27,0.995904377594058,0.9955558110619002,USDe,GHO,2025-09-23 18:06:53.215740+00:00,Lifi
28,0.9963480219499999,0.9959993001399999,USDT,GHO,2025-09-23 18:06:53.624313+00:00,Lifi
29,0.9988065206180777,0.9984569383358614,FRAX,GHO,2025-09-23 18:06:54.797248+00:00,Lifi
30,0.9979615124585685,0.9976122259292081,crvUSD,USDT,2025-09-23 18:06:54.342604+00:00,Lifi
31,0.9980861806732033,0.9977368505099676,frxUSD,USDT,2025-09-23 18:06:55.879345+00:00,Lifi
32,0.99793329705,0.9975840204,USDC,USDT,2025-09-23 18:06:55.094420+00:00,Lifi
33,0.9970328667367968,0.9966839052334389,USDe,USDT,2025-09-23 18:06:55.471953+00:00,Lifi
34,0.9985356008499493,0.9981861133896519,GHO,USDT,2025-09-23 18:06:55.878022+00:00,Lifi
35,1.0000573228885352,0.9997073028255241,FRAX,USDT,2025-09-23 18:06:56.435471+00:00,Lifi
36,0.9953847680583122,0.9950363833894916,crvUSD,FRAX,2025-09-23 18:06:56.618116+00:00,Lifi
37,0.9954308708597961,0.9950824700549952,frxUSD,FRAX,2025-09-23 18:06:57.076017+00:00,Lifi
38,0.99529762432,0.9949492701499999,USDC,FRAX,2025-09-23 18:06:57.721331+00:00,Lifi
39,0.994377779516698,0.9940297472938671,USDe,FRAX,2025-09-23 18:06:57.721777+00:00,Lifi
40,0.9958660290716346,0.9955174759614596,GHO,FRAX,2025-09-23 18:06:58.848521+00:00,Lifi
41,0.9948405484,0.99449235421,USDT,FRAX,2025-09-23 18:06:58.481774+00:00,Lifi
0,0.9974562255976442,0.9971071159186851,frxUSD,crvUSD,2025-09-23 18:08:01.881225+00:00,Lifi
1,0.9973817615499999,0.99703267793,USDC,crvUSD,2025-09-23 18:08:01.945265+00:00,Lifi
2,0.9964856203445612,0.9961368503774404,USDe,crvUSD,2025-09-23 18:08:02.004518+00:00,Lifi
3,0.9980105949249052,0.9976612912166816,GHO,crvUSD,2025-09-23 18:08:02.145869+00:00,Lifi
4,0.9969360638100001,0.9965871361900001,USDT,crvUSD,2025-09-23 18:08:05.276354+00:00,Lifi
5,0.9993671367232437,0.9990173582253907,FRAX,crvUSD,2025-09-23 18:08:03.114084+00:00,Lifi
6,0.9972355420803929,0.9968865096406647,crvUSD,frxUSD,2025-09-23 18:08:05.614236+00:00,Lifi
7,0.99717059023,0.99682158052,USDC,frxUSD,2025-09-23 18:08:02.030612+00:00,Lifi
8,0.9962463339570029,0.995897647740118,USDe,frxUSD,2025-09-23 18:08:02.256238+00:00,Lifi
9,0.9977546884139047,0.9974054742729599,GHO,frxUSD,2025-09-23 18:08:02.629017+00:00,Lifi
10,0.99672192965,0.99637307697,USDT,frxUSD,2025-09-23 18:08:05.085576+00:00,Lifi
11,0.9988403185792741,0.9984907244677713,FRAX,frxUSD,2025-09-23 18:08:05.732562+00:00,Lifi
12,0.9975155657724608,0.9971664353244404,crvUSD,USDC,2025-09-23 18:08:04.367130+00:00,Lifi
13,0.9975994953102988,0.9972503354869402,frxUSD,USDC,2025-09-23 18:08:06.089395+00:00,Lifi
14,0.9965873926424752,0.9962385870550503,USDe,USDC,2025-09-23 18:08:04.478104+00:00,Lifi
15,0.9981021674768147,0.9977528317181978,GHO,USDC,2025-09-23 18:08:05.179846+00:00,Lifi
16,0.9970542493900001,0.9967052804000001,USDT,USDC,2025-09-23 18:08:07.942831+00:00,Lifi
17,0.9995899059238379,0.9992400494567646,FRAX,USDC,2025-09-23 18:08:05.615413+00:00,Lifi
18,0.9984056175130555,0.9980561755469259,crvUSD,USDe,2025-09-23 18:08:06.743974+00:00,Lifi
19,0.9985404694650857,0.9981909803007728,frxUSD,USDe,2025-09-23 18:08:06.324673+00:00,Lifi
20,0.99840385083,0.99805440948,USDC,USDe,2025-09-23 18:08:07.000871+00:00,Lifi
21,0.9989723515239222,0.9986227112008887,GHO,USDe,2025-09-23 18:08:07.073374+00:00,Lifi
22,0.9979348081599999,0.99758553098,USDT,USDe,2025-09-23 18:08:07.429556+00:00,Lifi
23,1.0005053353363813,1.0001551584690136,FRAX,USDe,2025-09-23 18:08:08.887907+00:00,Lifi
24,0.9968342203747181,0.9964853283975869,crvUSD,GHO,2025-09-23 18:08:08.200308+00:00,Lifi
25,0.9968526010877601,0.9965037026773793,frxUSD,GHO,2025-09-23 18:08:10.132792+00:00,Lifi
26,0.99678507595,0.99643620117,USDC,GHO,2025-09-23 18:08:12.399704+00:00,Lifi
27,0.995904377594058,0.9955558110619002,USDe,GHO,2025-09-23 18:08:09.339613+00:00,Lifi
28,0.99636312235,0.99601439526,USDT,GHO,2025-09-23 18:08:09.708617+00:00,Lifi
29,0.9988065204210279,0.9984569381388807,FRAX,GHO,2025-09-23 18:08:10.117927+00:00,Lifi
30,0.9979615124585685,0.9976122259292081,crvUSD,USDT,2025-09-23 18:08:10.712213+00:00,Lifi
31,0.9980850673121802,0.9977357375386209,frxUSD,USDT,2025-09-23 18:08:10.789133+00:00,Lifi
32,0.99793329705,0.9975840204,USDC,USDT,2025-09-23 18:08:12.177579+00:00,Lifi
33,0.9970323921616464,0.9966834308243898,USDe,USDT,2025-09-23 18:08:13.623012+00:00,Lifi
34,0.9985357214123156,0.9981862339098214,GHO,USDT,2025-09-23 18:08:12.109368+00:00,Lifi
35,1.0000362377482126,0.9996862250650007,FRAX,USDT,2025-09-23 18:08:13.642310+00:00,Lifi
36,0.9953801080344424,0.9950317249966302,crvUSD,FRAX,2025-09-23 18:08:12.783966+00:00,Lifi
37,0.9953982715481289,0.995049882153087,frxUSD,FRAX,2025-09-23 18:08:13.039558+00:00,Lifi
38,0.99531589584,0.99496753528,USDC,FRAX,2025-09-23 18:08:13.405565+00:00,Lifi
39,0.9943658348350042,0.994017806792812,USDe,FRAX,2025-09-23 18:08:13.835062+00:00,Lifi
40,0.9958776944133847,0.9955291372203399,GHO,FRAX,2025-09-23 18:08:14.161997+00:00,Lifi
41,0.99486536918,0.9945171663,USDT,FRAX,2025-09-23 18:08:14.561641+00:00,Lifi
0,0.997430653892789,0.9970815531639264,frxUSD,crvUSD,2025-09-23 18:09:17.623041+00:00,Lifi
1,0.9973817615499999,0.99703267793,USDC,crvUSD,2025-09-23 18:09:17.697204+00:00,Lifi
2,0.9963992918808495,0.9960505521286912,USDe,crvUSD,2025-09-23 18:09:17.622819+00:00,Lifi
3,0.9979741256154346,0.9976248346714691,GHO,crvUSD,2025-09-23 18:09:18.136203+00:00,Lifi
4,0.99687098515,0.99652208031,USDT,crvUSD,2025-09-23 18:09:17.795178+00:00,Lifi
5,0.9993732623226167,0.9990234816808037,FRAX,crvUSD,2025-09-23 18:09:17.700925+00:00,Lifi
6,0.9972356117085347,0.9968865792444367,crvUSD,frxUSD,2025-09-23 18:09:17.594088+00:00,Lifi
7,0.99712620929,0.9967772151200001,USDC,frxUSD,2025-09-23 18:09:19.624091+00:00,Lifi
8,0.9955736360105806,0.995225185237977,USDe,frxUSD,2025-09-23 18:09:17.946241+00:00,Lifi
9,0.9976641637671533,0.9973149813098346,GHO,frxUSD,2025-09-23 18:09:18.313548+00:00,Lifi
10,0.99662835384,0.9962795339199999,USDT,frxUSD,2025-09-23 18:09:18.920873+00:00,Lifi
11,0.9989964816798568,0.9986468329112689,FRAX,frxUSD,2025-09-23 18:09:19.079626+00:00,Lifi
12,0.9974504507716272,0.9971013431138571,crvUSD,USDC,2025-09-23 18:09:19.459185+00:00,Lifi
13,0.9975789077324586,0.9972297551147522,frxUSD,USDC,2025-09-23 18:09:20.418040+00:00,Lifi
14,0.9965280897152514,0.9961793048838511,USDe,USDC,2025-09-23 18:09:20.223509+00:00,Lifi
15,0.9981075024069668,0.9977581647811243,GHO,USDC,2025-09-23 18:09:20.578336+00:00,Lifi
16,0.9970014321599999,0.9966524816600001,USDT,USDC,2025-09-23 18:09:21.235976+00:00,Lifi
17,0.9995899059238379,0.9992400494567646,FRAX,USDC,2025-09-23 18:09:21.272353+00:00,Lifi
18,0.9983476052461131,0.9979981835842769,crvUSD,USDe,2025-09-23 18:09:21.746680+00:00,Lifi
19,0.9985606318432511,0.998211135622106,frxUSD,USDe,2025-09-23 18:09:22.153525+00:00,Lifi
20,0.99838488284,0.99803544813,USDC,USDe,2025-09-23 18:09:23.316295+00:00,Lifi
21,0.998972352315446,0.9986227119921356,GHO,USDe,2025-09-23 18:09:22.824541+00:00,Lifi
22,0.99788640343,0.9975371431900001,USDT,USDe,2025-09-23 18:09:23.215218+00:00,Lifi
23,1.0005053353363813,1.0001551584690136,FRAX,USDe,2025-09-23 18:09:23.594845+00:00,Lifi
24,0.996761470285249,0.9964126037706491,crvUSD,GHO,2025-09-23 18:09:23.983724+00:00,Lifi
25,0.9968761950365425,0.9965272883682798,frxUSD,GHO,2025-09-23 18:09:24.335124+00:00,Lifi
26,0.996785076,0.99643620122,USDC,GHO,2025-09-23 18:09:26.246748+00:00,Lifi
27,0.995806228805861,0.9954576966257791,USDe,GHO,2025-09-23 18:09:25.109177+00:00,Lifi
28,0.9962967054799999,0.9959480016300001,USDT,GHO,2025-09-23 18:09:25.466961+00:00,Lifi
29,0.9988065202239783,0.9984569379418999,FRAX,GHO,2025-09-23 18:09:27.516052+00:00,Lifi
30,0.9979610320312297,0.9976117456700188,crvUSD,USDT,2025-09-23 18:09:26.128266+00:00,Lifi
31,0.9981305469032605,0.9977812012118443,frxUSD,USDT,2025-09-23 18:09:26.830555+00:00,Lifi
32,0.99801415706,0.9976648521100001,USDC,USDT,2025-09-23 18:09:26.884435+00:00,Lifi
33,0.9970289391616939,0.9966799790329872,USDe,USDT,2025-09-23 18:09:27.272436+00:00,Lifi
34,0.9986112299464748,0.9982617160159934,GHO,USDT,2025-09-23 18:09:27.737752+00:00,Lifi
35,1.0000434322786647,0.9996934170773669,FRAX,USDT,2025-09-23 18:09:27.989718+00:00,Lifi
36,0.9953438474730495,0.9949954771264339,crvUSD,FRAX,2025-09-23 18:09:28.412470+00:00,Lifi
37,0.9954706992885404,0.9951222845437895,frxUSD,FRAX,2025-09-23 18:09:31.016429+00:00,Lifi
38,0.9953148383899999,0.9949664782,USDC,FRAX,2025-09-23 18:09:29.144259+00:00,Lifi
39,0.9943355806445497,0.9939875631913242,USDe,FRAX,2025-09-23 18:09:29.591107+00:00,Lifi
40,0.9958168187148593,0.995468282828309,GHO,FRAX,2025-09-23 18:09:31.328038+00:00,Lifi
41,0.99477456553,0.9944263944299999,USDT,FRAX,2025-09-23 18:09:33.881915+00:00,Lifi
0,0.997455116674045,0.9971060073832091,frxUSD,crvUSD,2025-09-23 18:10:37.096092+00:00,Lifi
1,0.9973821535699999,0.99703306982,USDC,crvUSD,2025-09-23 18:10:36.943181+00:00,Lifi
2,0.9964384180735391,0.9960896646272134,USDe,crvUSD,2025-09-23 18:10:37.088256+00:00,Lifi
3,0.9979745178636371,0.997625226782385,GHO,crvUSD,2025-09-23 18:10:37.199512+00:00,Lifi
4,0.99690827644,0.99655935854,USDT,crvUSD,2025-09-23 18:10:37.147655+00:00,Lifi
5,0.9993736551147199,0.9990238743354297,FRAX,crvUSD,2025-09-23 18:10:37.186433+00:00,Lifi
6,0.9972253606792986,0.996876331803061,crvUSD,frxUSD,2025-09-23 18:10:37.139367+00:00,Lifi
7,0.99709136729,0.9967423853099999,USDC,frxUSD,2025-09-23 18:10:36.946707+00:00,Lifi
8,0.9961498812730718,0.9958012288146261,USDe,frxUSD,2025-09-23 18:10:37.398521+00:00,Lifi
9,0.9975937651211578,0.9972446073033655,GHO,frxUSD,2025-09-23 18:10:37.688603+00:00,Lifi
10,0.99658968967,0.9962408832799999,USDT,frxUSD,2025-09-23 18:10:38.035190+00:00,Lifi
11,0.9989996543311075,0.9986500044520915,FRAX,frxUSD,2025-09-23 18:10:38.412672+00:00,Lifi
12,0.997460384924669,0.9971112737899455,crvUSD,USDC,2025-09-23 18:10:38.768204+00:00,Lifi
13,0.9976168209249199,0.9972676550375961,frxUSD,USDC,2025-09-23 18:10:39.160484+00:00,Lifi
14,0.9965387807164924,0.9961899921432416,USDe,USDC,2025-09-23 18:10:39.537757+00:00,Lifi
15,0.9981067448495076,0.9977574074888101,GHO,USDC,2025-09-23 18:10:39.888096+00:00,Lifi
16,0.9970099693700001,0.99666101588,USDT,USDC,2025-09-23 18:10:42.529179+00:00,Lifi
17,0.999528905496111,0.9991790703791873,FRAX,USDC,2025-09-23 18:10:40.594504+00:00,Lifi
18,0.9984144557230981,0.998065010663595,crvUSD,USDe,2025-09-23 18:10:41.368796+00:00,Lifi
19,0.9985850937959149,0.9982355890130863,frxUSD,USDe,2025-09-23 18:10:41.367629+00:00,Lifi
20,0.9984460418500001,0.99809658574,USDC,USDe,2025-09-23 18:10:41.777573+00:00,Lifi
21,0.998972352315446,0.9986227119921356,GHO,USDe,2025-09-23 18:10:42.161901+00:00,Lifi
22,0.99794469254,0.9975954119,USDT,USDe,2025-09-23 18:10:42.444457+00:00,Lifi
23,1.00051604006184,1.0001658594478184,FRAX,USDe,2025-09-23 18:10:43.450725+00:00,Lifi
24,0.9968058869064483,0.996457004846031,crvUSD,GHO,2025-09-23 18:10:43.288935+00:00,Lifi
25,0.9969017568990827,0.996552841284168,frxUSD,GHO,2025-09-23 18:10:43.657368+00:00,Lifi
26,0.996785076,0.99643620122,USDC,GHO,2025-09-23 18:10:44.026913+00:00,Lifi
27,0.995806228805861,0.9954576966257791,USDe,GHO,2025-09-23 18:10:44.412750+00:00,Lifi
28,0.9962850093700001,0.9959363096199999,USDT,GHO,2025-09-23 18:10:44.764593+00:00,Lifi
29,0.9988360611097074,0.9984864684883191,FRAX,GHO,2025-09-23 18:10:45.153825+00:00,Lifi
30,0.9979610218466042,0.9976117354889578,crvUSD,USDT,2025-09-23 18:10:45.538849+00:00,Lifi
31,0.9981586036558352,0.9978092481445557,frxUSD,USDT,2025-09-23 18:10:46.279814+00:00,Lifi
32,0.998014559,0.9976652538999999,USDC,USDT,2025-09-23 18:10:46.279488+00:00,Lifi
33,0.9970269176196771,0.9966779581985103,USDe,USDT,2025-09-23 18:10:46.613115+00:00,Lifi
34,0.9986176716446712,0.9982681554595956,GHO,USDT,2025-09-23 18:10:47.870854+00:00,Lifi
35,1.0000450219377912,0.9996950061801131,FRAX,USDT,2025-09-23 18:10:47.315307+00:00,Lifi
36,0.9953499556616461,0.9950015831771646,crvUSD,FRAX,2025-09-23 18:10:47.714656+00:00,Lifi
37,0.9954698373843549,0.9951214229412705,frxUSD,FRAX,2025-09-23 18:10:48.080739+00:00,Lifi
38,0.9952978038,0.99494944957,USDC,FRAX,2025-09-23 18:10:48.481549+00:00,Lifi
39,0.9943275628580417,0.9939795482110414,USDe,FRAX,2025-09-23 18:10:48.812937+00:00,Lifi
40,0.9958682357884683,0.9955196819059424,GHO,FRAX,2025-09-23 18:10:49.599765+00:00,Lifi
41,0.99477411386,0.99442594292,USDT,FRAX,2025-09-23 18:10:49.602732+00:00,Lifi
0,0.9974390171648686,0.9970899135088608,frxUSD,crvUSD,2025-09-23 18:11:52.643055+00:00,Lifi
1,0.9973821535699999,0.99703306982,USDC,crvUSD,2025-09-23 18:11:53.787014+00:00,Lifi
2,0.9964384180735391,0.9960896646272134,USDe,crvUSD,2025-09-23 18:11:53.612918+00:00,Lifi
3,0.9979772586407084,0.9976279666001842,GHO,crvUSD,2025-09-23 18:11:54.418300+00:00,Lifi
4,0.99688178552,0.9965328768999999,USDT,crvUSD,2025-09-23 18:11:56.182798+00:00,Lifi
5,0.9993704785876931,0.9990206989201874,FRAX,crvUSD,2025-09-23 18:11:52.688281+00:00,Lifi
6,0.9972254203546891,0.996876391457565,crvUSD,frxUSD,2025-09-23 18:11:52.763072+00:00,Lifi
7,0.99715349769,0.99680449397,USDC,frxUSD,2025-09-23 18:11:52.740189+00:00,Lifi
8,0.9961450674253705,0.9957964166517718,USDe,frxUSD,2025-09-23 18:11:53.672698+00:00,Lifi
9,0.9977203873029593,0.9973711851674032,GHO,frxUSD,2025-09-23 18:11:53.425803+00:00,Lifi
10,0.9965896896499999,0.9962408832599999,USDT,frxUSD,2025-09-23 18:11:53.708674+00:00,Lifi
11,0.9990024386057655,0.9986527877522533,FRAX,frxUSD,2025-09-23 18:11:54.135731+00:00,Lifi
12,0.9974603747449452,0.9971112636137844,crvUSD,USDC,2025-09-23 18:11:54.502424+00:00,Lifi
13,0.9976373877080261,0.9972882146223282,frxUSD,USDC,2025-09-23 18:11:54.960562+00:00,Lifi
14,0.9965398172669949,0.9961910283309515,USDe,USDC,2025-09-23 18:11:56.166722+00:00,Lifi
15,0.9981094619847182,0.9977601236730236,GHO,USDC,2025-09-23 18:11:55.685151+00:00,Lifi
16,0.99701097912,0.9966620252799999,USDT,USDC,2025-09-23 18:11:55.915142+00:00,Lifi
17,0.9995286130707352,0.9991787780561604,FRAX,USDC,2025-09-23 18:11:56.330553+00:00,Lifi
18,0.9984049995256511,0.998055557775817,crvUSD,USDe,2025-09-23 18:11:56.668212+00:00,Lifi
19,0.9985835385079607,0.9982340342694828,frxUSD,USDe,2025-09-23 18:11:57.063843+00:00,Lifi
20,0.9984460418500001,0.99809658574,USDC,USDe,2025-09-23 18:12:00.968511+00:00,Lifi
21,0.998984936749086,0.9986352920212239,GHO,USDe,2025-09-23 18:11:57.841027+00:00,Lifi
22,0.99794377167,0.99759449135,USDT,USDe,2025-09-23 18:11:58.357061+00:00,Lifi
23,1.0005170485384385,1.0001668675714501,FRAX,USDe,2025-09-23 18:12:00.165127+00:00,Lifi
24,0.9968060456462711,0.9964571635302948,crvUSD,GHO,2025-09-23 18:11:59.152818+00:00,Lifi
25,0.9969491780761202,0.9966002458637937,frxUSD,GHO,2025-09-23 18:12:00.679556+00:00,Lifi
26,0.99680032568,0.9964514455700001,USDC,GHO,2025-09-23 18:11:59.660471+00:00,Lifi
27,0.995854772835001,0.9955062236645087,USDe,GHO,2025-09-23 18:12:00.111298+00:00,Lifi
28,0.99628500979,0.9959363100399999,USDT,GHO,2025-09-23 18:12:00.511746+00:00,Lifi
29,0.998832137290615,0.9984825460425634,FRAX,GHO,2025-09-23 18:12:01.240764+00:00,Lifi
30,0.9979730829159243,0.9976237923369037,crvUSD,USDT,2025-09-23 18:12:01.971853+00:00,Lifi
31,0.9981601858111864,0.9978108297461524,frxUSD,USDT,2025-09-23 18:12:01.631835+00:00,Lifi
32,0.99801187981,0.99766257565,USDC,USDT,2025-09-23 18:12:01.946220+00:00,Lifi
33,0.9970291935109823,0.9966802332932534,USDe,USDT,2025-09-23 18:12:02.458409+00:00,Lifi
34,0.9986125596001376,0.9982630452042776,GHO,USDT,2025-09-23 18:12:02.684107+00:00,Lifi
35,1.000042976824782,0.9996929617828932,FRAX,USDT,2025-09-23 18:12:03.148777+00:00,Lifi
36,0.9953502369765679,0.9950018643936261,crvUSD,FRAX,2025-09-23 18:12:03.490494+00:00,Lifi
37,0.9954711916109723,0.9951227766939084,frxUSD,FRAX,2025-09-23 18:12:03.902669+00:00,Lifi
38,0.99529982442,0.9949514694799999,USDC,FRAX,2025-09-23 18:12:04.207049+00:00,Lifi
39,0.9943287095381014,0.9939806944897631,USDe,FRAX,2025-09-23 18:12:04.617658+00:00,Lifi
40,0.9958715378841646,0.995522982845905,GHO,FRAX,2025-09-23 18:12:04.933164+00:00,Lifi
41,0.9947745875,0.99442641639,USDT,FRAX,2025-09-23 18:12:05.335296+00:00,Lifi
0,0.9974561042266338,0.9971069945901545,frxUSD,crvUSD,2025-09-23 18:13:08.812022+00:00,Lifi
1,0.9973816551000001,0.99703257152,USDC,crvUSD,2025-09-23 18:13:08.580616+00:00,Lifi
2,0.9964092248865783,0.996060481657868,USDe,crvUSD,2025-09-23 18:13:08.459475+00:00,Lifi
3,0.9979767329124957,0.9976274410559763,GHO,crvUSD,2025-09-23 18:13:08.566299+00:00,Lifi
4,0.9968812872999999,0.9965323788499999,USDT,crvUSD,2025-09-23 18:13:08.957491+00:00,Lifi
5,0.9994021881874684,0.9990523974216029,FRAX,crvUSD,2025-09-23 18:13:08.448378+00:00,Lifi
6,0.9972254899760081,0.9968764610545164,crvUSD,frxUSD,2025-09-23 18:13:08.759771+00:00,Lifi
7,0.99715349769,0.99680449397,USDC,frxUSD,2025-09-23 18:13:09.904108+00:00,Lifi
8,0.9961467077649518,0.9957980564172341,USDe,frxUSD,2025-09-23 18:13:08.700642+00:00,Lifi
9,0.9975932643967986,0.9972441067542597,GHO,frxUSD,2025-09-23 18:13:09.123960+00:00,Lifi
10,0.9966452988200001,0.99629647297,USDT,frxUSD,2025-09-23 18:13:10.980076+00:00,Lifi
11,0.9990024386057655,0.9986527877522533,FRAX,frxUSD,2025-09-23 18:13:09.888407+00:00,Lifi
12,0.9974603747449452,0.9971112636137844,crvUSD,USDC,2025-09-23 18:13:10.703829+00:00,Lifi
13,0.9975975027671176,0.9972483436411491,frxUSD,USDC,2025-09-23 18:13:10.623720+00:00,Lifi
14,0.9965274029408823,0.9961786183498531,USDe,USDC,2025-09-23 18:13:11.584207+00:00,Lifi
15,0.998095147158077,0.9977458138565716,GHO,USDC,2025-09-23 18:13:11.536138+00:00,Lifi
16,0.99701175149,0.99666279738,USDT,USDC,2025-09-23 18:13:11.686616+00:00,Lifi
17,0.9995282943583708,0.9991784594553453,FRAX,USDC,2025-09-23 18:13:12.055765+00:00,Lifi
18,0.9984143556286933,0.9980649106042233,crvUSD,USDe,2025-09-23 18:13:12.412340+00:00,Lifi
19,0.9985843808448639,0.9982348763115683,frxUSD,USDe,2025-09-23 18:13:12.814824+00:00,Lifi
20,0.9984413035999999,0.9980918491399999,USDC,USDe,2025-09-23 18:13:13.866827+00:00,Lifi
21,0.9989875229130263,0.9986378772800067,GHO,USDe,2025-09-23 18:13:13.569761+00:00,Lifi
22,0.99794513598,0.99759585518,USDT,USDe,2025-09-23 18:13:16.307124+00:00,Lifi
23,1.0005038353556412,1.0001536590132667,FRAX,USDe,2025-09-23 18:13:14.350567+00:00,Lifi
24,0.9968060456462711,0.9964571635302948,crvUSD,GHO,2025-09-23 18:13:16.423641+00:00,Lifi
25,0.9969491780761202,0.9966002458637937,frxUSD,GHO,2025-09-23 18:13:15.061225+00:00,Lifi
26,0.99680032568,0.9964514455700001,USDC,GHO,2025-09-23 18:13:15.454232+00:00,Lifi
27,0.9958502463447712,0.9955016987585504,USDe,GHO,2025-09-23 18:13:15.776566+00:00,Lifi
28,0.9963114427299999,0.99596273373,USDT,GHO,2025-09-23 18:13:16.194196+00:00,Lifi
29,0.9988323783026031,0.9984827869701971,FRAX,GHO,2025-09-23 18:13:18.755515+00:00,Lifi
30,0.9979610218466042,0.9976117354889578,crvUSD,USDT,2025-09-23 18:13:16.996678+00:00,Lifi
31,0.9981261057057719,0.9977767615687748,frxUSD,USDT,2025-09-23 18:13:18.754685+00:00,Lifi
32,0.9979960065,0.9976467079,USDC,USDT,2025-09-23 18:13:17.729596+00:00,Lifi
33,0.9970266998194871,0.9966777404745504,USDe,USDT,2025-09-23 18:13:19.388747+00:00,Lifi
34,0.9986125596001376,0.9982630452042776,GHO,USDT,2025-09-23 18:13:18.452422+00:00,Lifi
35,1.000042976824782,0.9996929617828932,FRAX,USDT,2025-09-23 18:13:20.187851+00:00,Lifi
36,0.9953502369765679,0.9950018643936261,crvUSD,FRAX,2025-09-23 18:13:19.294595+00:00,Lifi
37,0.9954727558375034,0.9951243403729603,frxUSD,FRAX,2025-09-23 18:13:19.524840+00:00,Lifi
38,0.9953168541,0.9949684931999999,USDC,FRAX,2025-09-23 18:13:19.911098+00:00,Lifi
39,0.994327937400943,0.9939799226228527,USDe,FRAX,2025-09-23 18:13:20.290721+00:00,Lifi
40,0.9958107484435667,0.9954622146816116,GHO,FRAX,2025-09-23 18:13:20.655319+00:00,Lifi
41,0.99477468755,0.99442651641,USDT,FRAX,2025-09-23 18:13:21.206976+00:00,Lifi
0,0.9974546875661454,0.9971055784254972,frxUSD,crvUSD,2025-09-23 18:14:25.151121+00:00,Lifi
1,0.99738165431,0.99703257073,USDC,crvUSD,2025-09-23 18:14:24.253456+00:00,Lifi
2,0.9964078958786003,0.9960591531150429,USDe,crvUSD,2025-09-23 18:14:24.248775+00:00,Lifi
3,0.9979977546374483,0.9976484554233253,GHO,crvUSD,2025-09-23 18:14:24.310175+00:00,Lifi
4,0.9968812865100001,0.9965323780600001,USDT,crvUSD,2025-09-23 18:14:24.610296+00:00,Lifi
5,0.9993940694200161,0.999044281495719,FRAX,crvUSD,2025-09-23 18:14:24.276876+00:00,Lifi
6,0.9972255496514502,0.9968765207090721,crvUSD,frxUSD,2025-09-23 18:14:24.827724+00:00,Lifi
7,0.99708491569,0.99673593597,USDC,frxUSD,2025-09-23 18:14:24.518254+00:00,Lifi
8,0.9961512099240005,0.9958025570005271,USDe,frxUSD,2025-09-23 18:14:24.606815+00:00,Lifi
9,0.9977134011263626,0.9973642014359684,GHO,frxUSD,2025-09-23 18:14:25.286816+00:00,Lifi
10,0.99658968981,0.9962408834200001,USDT,frxUSD,2025-09-23 18:14:26.306252+00:00,Lifi
11,0.9988556866512809,0.9985060871609529,FRAX,frxUSD,2025-09-23 18:14:25.763255+00:00,Lifi
12,0.9974854958790645,0.9971363759555069,crvUSD,USDC,2025-09-23 18:14:26.143596+00:00,Lifi
13,0.9976359772174441,0.997286804625418,frxUSD,USDC,2025-09-23 18:14:26.460221+00:00,Lifi
14,0.9965423761977923,0.9961935863661231,USDe,USDC,2025-09-23 18:14:26.888351+00:00,Lifi
15,0.998095147158077,0.9977458138565716,GHO,USDC,2025-09-23 18:14:27.257531+00:00,Lifi
16,0.9969995728000001,0.99665062295,USDT,USDC,2025-09-23 18:14:27.615408+00:00,Lifi
17,0.9995282943583708,0.9991784594553453,FRAX,USDC,2025-09-23 18:14:29.743925+00:00,Lifi
18,0.998408411804263,0.9980589688601315,crvUSD,USDe,2025-09-23 18:14:29.126623+00:00,Lifi
19,0.9985857610190432,0.9982362560026864,frxUSD,USDe,2025-09-23 18:14:31.156952+00:00,Lifi
20,0.99844309385,0.99809363877,USDC,USDe,2025-09-23 18:14:29.103342+00:00,Lifi
21,0.9989723530939255,0.9986227127703424,GHO,USDe,2025-09-23 18:14:30.232109+00:00,Lifi
22,0.9979454288599999,0.99759614796,USDT,USDe,2025-09-23 18:14:29.825820+00:00,Lifi
23,1.0005170355497066,1.0001668545872644,FRAX,USDe,2025-09-23 18:14:30.231833+00:00,Lifi
24,0.9968063631172918,0.9964574808902007,crvUSD,GHO,2025-09-23 18:14:30.621762+00:00,Lifi
25,0.99689303929101,0.9965441267272581,frxUSD,GHO,2025-09-23 18:14:30.991331+00:00,Lifi
26,0.9967965784099999,0.99644769961,USDC,GHO,2025-09-23 18:14:31.279059+00:00,Lifi
27,0.9958223577658912,0.9954738199406731,USDe,GHO,2025-09-23 18:14:31.684465+00:00,Lifi
28,0.99628500982,0.99593631007,USDT,GHO,2025-09-23 18:14:32.054776+00:00,Lifi
29,0.9988303256330191,0.9984807350190474,FRAX,GHO,2025-09-23 18:14:32.569897+00:00,Lifi
30,0.997973311120686,0.9976240204617939,crvUSD,USDT,2025-09-23 18:14:32.866545+00:00,Lifi
31,0.9981595524801171,0.9978101966367492,frxUSD,USDT,2025-09-23 18:14:33.297273+00:00,Lifi
32,0.99799567695,0.9976463784599999,USDC,USDT,2025-09-23 18:14:33.609023+00:00,Lifi
33,0.9970266998194871,0.9966777404745504,USDe,USDT,2025-09-23 18:14:33.989040+00:00,Lifi
34,0.9985911110903661,0.9982416042014844,GHO,USDT,2025-09-23 18:14:34.327031+00:00,Lifi
35,1.0000444931289392,0.9996944775563438,FRAX,USDT,2025-09-23 18:14:36.886986+00:00,Lifi
36,0.9953478462632719,0.9949994745170798,crvUSD,FRAX,2025-09-23 18:14:35.145606+00:00,Lifi
37,0.9954677060864067,0.9951192923892764,frxUSD,FRAX,2025-09-23 18:14:35.455471+00:00,Lifi
38,0.99529985576,0.99495150081,USDC,FRAX,2025-09-23 18:14:35.864346+00:00,Lifi
39,0.9942977878025846,0.9939497835768537,USDe,FRAX,2025-09-23 18:14:36.273070+00:00,Lifi
40,0.9958610625402685,0.9955125111683795,GHO,FRAX,2025-09-23 18:14:36.560913+00:00,Lifi
41,0.99478529874,0.9944371238899999,USDT,FRAX,2025-09-23 18:14:36.904321+00:00,Lifi
