Unnamed: 0.1,Unnamed: 0,buyAmount,minBuyAmount,aggregatorName,datetime_received,3rd_party_response_success,chainId,systemName,slippageBps,taker,sellToken,buyToken,sellAmount,includeSources,excludeSources,sellAll,timeoutMS,method,url,buy_amount_norm,min_buy_amount_norm,sell_amount_norm,buy_amount_price,min_buy_amount_price,buy_symbol,sell_symbol,label,batch_id,unix_timestamp,buy_token_price,sell_token_price,block,found_timestamp
200,50,249345508777,249258237849,Lifi,2025-09-23 19:05:24.563617+00:00,True,1,gen3,3.5,0x000000000000000000000000000000000000dEaD,0xf939E0A03FB07F59A73314E73794Be0E57ac1b4E,0xA0b86991c6218b36c1d19D4a2e9Eb0cE3606eB48,250000000000000000000000,,Bebop,True,20000,POST,https://swaps-pricing.tokemaklabs.com/swap-quote-v2,249345.508777,249258.237849,250000.0,0.997382035108,0.997032951396,USDC,crvUSD,crvUSD -> USDC,,1758654324,1.0,0.999628,23427708,1758654335
201,51,149939371209771150475264,149886892429847730572598,Lifi,2025-09-23 19:05:25.836559+00:00,True,1,gen3,3.5,0x000000000000000000000000000000000000dEaD,0xA0b86991c6218b36c1d19D4a2e9Eb0cE3606eB48,0x853d955aCEf822Db058eb8505911ED77F175b99e,150000000000,,Bebop,True,20000,POST,https://swaps-pricing.tokemaklabs.com/swap-quote-v2,149939.37120977114,149886.89242984774,150000.0,0.9995958080651408,0.9992459495323184,FRAX,USDC,USDC -> FRAX,,1758654325,0.997628,1.0,23427708,1758654335
202,52,249595278540,249507920193,Lifi,2025-09-23 19:05:27.070354+00:00,True,1,gen3,3.5,0x000000000000000000000000000000000000dEaD,0x4c9EDD5852cd905f086C759E8383e09bff1E68B3,0xA0b86991c6218b36c1d19D4a2e9Eb0cE3606eB48,250000000000000000000000,,Bebop,True,20000,POST,https://swaps-pricing.tokemaklabs.com/swap-quote-v2,249595.27854,249507.920193,250000.0,0.99838111416,0.998031680772,USDC,USDe,USDe -> USDC,,1758654327,1.0,1.001408,23427708,1758654335
203,53,149527257522,149474922982,Lifi,2025-09-23 19:05:28.322472+00:00,True,1,gen3,3.5,0x000000000000000000000000000000000000dEaD,0x40D16FC0246aD3160Ccc09B8D0D3A2cD28aE6C2f,0xA0b86991c6218b36c1d19D4a2e9Eb0cE3606eB48,150000000000000000000000,,Bebop,True,20000,POST,https://swaps-pricing.tokemaklabs.com/swap-quote-v2,149527.257522,149474.922982,150000.0,0.99684838348,0.9964994865466666,USDC,GHO,GHO -> USDC,,1758654328,1.0,0.999873,23427708,1758654335
204,54,99699627725,99664732855,Lifi,2025-09-23 19:05:30.564047+00:00,True,1,gen3,3.5,0x000000000000000000000000000000000000dEaD,0xf939E0A03FB07F59A73314E73794Be0E57ac1b4E,0xdAC17F958D2ee523a2206206994597C13D831ec7,100000000000000000000000,,Bebop,True,20000,POST,https://swaps-pricing.tokemaklabs.com/swap-quote-v2,99699.627725,99664.732855,100000.0,0.99699627725,0.99664732855,USDT,crvUSD,crvUSD -> USDT,,1758654330,1.000798,0.999628,23427708,1758654335
205,55,249246570666,249159334366,Lifi,2025-09-23 19:05:31.372115+00:00,True,1,gen3,3.5,0x000000000000000000000000000000000000dEaD,0xf939E0A03FB07F59A73314E73794Be0E57ac1b4E,0xdAC17F958D2ee523a2206206994597C13D831ec7,250000000000000000000000,,Bebop,True,20000,POST,https://swaps-pricing.tokemaklabs.com/swap-quote-v2,249246.570666,249159.334366,250000.0,0.996986282664,0.996637337464,USDT,crvUSD,crvUSD -> USDT,,1758654331,1.000798,0.999628,23427708,1758654335
206,56,249605732116172380307456,249518370109931719974348,Lifi,2025-09-23 19:05:32.161907+00:00,True,1,gen3,3.5,0x000000000000000000000000000000000000dEaD,0xdAC17F958D2ee523a2206206994597C13D831ec7,0x40D16FC0246aD3160Ccc09B8D0D3A2cD28aE6C2f,250000000000,,Bebop,True,20000,POST,https://swaps-pricing.tokemaklabs.com/swap-quote-v2,249605.7321161724,249518.3701099317,250000.0,0.9984229284646896,0.9980734804397268,GHO,USDT,USDT -> GHO,,1758654332,0.999873,1.000798,23427708,1758654335
207,57,99749161195975024312320,99714248989556433053811,Lifi,2025-09-23 19:05:33.319754+00:00,True,1,gen3,3.5,0x000000000000000000000000000000000000dEaD,0xA0b86991c6218b36c1d19D4a2e9Eb0cE3606eB48,0xf939E0A03FB07F59A73314E73794Be0E57ac1b4E,100000000000,,Bebop,True,20000,POST,https://swaps-pricing.tokemaklabs.com/swap-quote-v2,99749.16119597504,99714.24898955644,100000.0,0.9974916119597504,0.9971424898955644,crvUSD,USDC,USDC -> crvUSD,,1758654333,0.999628,1.0,23427708,1758654335
208,58,249120016066644309000000,249032824061020983491850,Lifi,2025-09-23 19:05:34.577825+00:00,True,1,gen3,3.5,0x000000000000000000000000000000000000dEaD,0xf939E0A03FB07F59A73314E73794Be0E57ac1b4E,0x4c9EDD5852cd905f086C759E8383e09bff1E68B3,250000000000000000000000,,Bebop,True,20000,POST,https://swaps-pricing.tokemaklabs.com/swap-quote-v2,249120.0160666443,249032.824061021,250000.0,0.9964800642665772,0.996131296244084,USDe,crvUSD,crvUSD -> USDe,,1758654334,1.001408,0.999628,23427708,1758654335
209,59,249589438950756000000000,249502082647123235400000,Lifi,2025-09-23 19:05:35.867058+00:00,True,1,gen3,3.5,0x000000000000000000000000000000000000dEaD,0x4c9EDD5852cd905f086C759E8383e09bff1E68B3,0xf939E0A03FB07F59A73314E73794Be0E57ac1b4E,250000000000000000000000,,Bebop,True,20000,POST,https://swaps-pricing.tokemaklabs.com/swap-quote-v2,249589.438950756,249502.08264712323,250000.0,0.998357755803024,0.9980083305884928,crvUSD,USDe,USDe -> crvUSD,,1758654335,0.999628,1.001408,23427708,1758654335
210,60,250013274992033334000000,249925770345786122333100,Lifi,2025-09-23 19:05:37.094704+00:00,True,1,gen3,3.5,0x000000000000000000000000000000000000dEaD,0xdAC17F958D2ee523a2206206994597C13D831ec7,0x853d955aCEf822Db058eb8505911ED77F175b99e,250000000000,,Bebop,True,20000,POST,https://swaps-pricing.tokemaklabs.com/swap-quote-v2,250013.27499203337,249925.77034578612,250000.0,1.0000530999681334,0.9997030813831445,FRAX,USDT,USDT -> FRAX,,1758654337,0.997628,1.000798,23427709,1758654347
211,61,248994929478566536019968,248907781253249037732361,Lifi,2025-09-23 19:05:40.828683+00:00,True,1,gen3,3.5,0x000000000000000000000000000000000000dEaD,0x40D16FC0246aD3160Ccc09B8D0D3A2cD28aE6C2f,0x4c9EDD5852cd905f086C759E8383e09bff1E68B3,250000000000000000000000,,Bebop,True,20000,POST,https://swaps-pricing.tokemaklabs.com/swap-quote-v2,248994.92947856657,248907.78125324904,250000.0,0.9959797179142662,0.995631125012996,USDe,GHO,GHO -> USDe,,1758654340,1.001408,0.999873,23427709,1758654347
212,62,49850571408146490720256,49833123708153639448504,Lifi,2025-09-23 19:05:40.803352+00:00,True,1,gen3,3.5,0x000000000000000000000000000000000000dEaD,0xdAC17F958D2ee523a2206206994597C13D831ec7,0x4c9EDD5852cd905f086C759E8383e09bff1E68B3,50000000000,,Bebop,True,20000,POST,https://swaps-pricing.tokemaklabs.com/swap-quote-v2,49850.57140814649,49833.12370815364,50000.0,0.9970114281629298,0.9966624741630729,USDe,USDT,USDT -> USDe,,1758654340,1.001408,1.000798,23427709,1758654347
213,63,49897383787069676978176,49879919702744202591234,Lifi,2025-09-23 19:05:40.852952+00:00,True,1,gen3,3.5,0x000000000000000000000000000000000000dEaD,0xf939E0A03FB07F59A73314E73794Be0E57ac1b4E,0x40D16FC0246aD3160Ccc09B8D0D3A2cD28aE6C2f,50000000000000000000000,,Bebop,True,20000,POST,https://swaps-pricing.tokemaklabs.com/swap-quote-v2,49897.38378706967,49879.9197027442,50000.0,0.9979476757413934,0.997598394054884,GHO,crvUSD,crvUSD -> GHO,,1758654340,0.999873,0.999628,23427709,1758654347
214,64,150066590538926070431744,150014067232237446307093,Lifi,2025-09-23 19:05:42.085578+00:00,True,1,gen3,3.5,0x000000000000000000000000000000000000dEaD,0x4c9EDD5852cd905f086C759E8383e09bff1E68B3,0x853d955aCEf822Db058eb8505911ED77F175b99e,150000000000000000000000,,Bebop,True,20000,POST,https://swaps-pricing.tokemaklabs.com/swap-quote-v2,150066.59053892607,150014.06723223746,150000.0,1.0004439369261735,1.0000937815482498,FRAX,USDe,USDe -> FRAX,,1758654342,0.997628,1.001408,23427709,1758654347
215,65,249473551597455302000000,249386235854396192644300,Lifi,2025-09-23 19:05:43.326379+00:00,True,1,gen3,3.5,0x000000000000000000000000000000000000dEaD,0xf939E0A03FB07F59A73314E73794Be0E57ac1b4E,0x40D16FC0246aD3160Ccc09B8D0D3A2cD28aE6C2f,250000000000000000000000,,Bebop,True,20000,POST,https://swaps-pricing.tokemaklabs.com/swap-quote-v2,249473.5515974553,249386.2358543962,250000.0,0.9978942063898212,0.9975449434175848,GHO,crvUSD,crvUSD -> GHO,,1758654343,0.999873,0.999628,23427709,1758654347
216,66,149680211157488760782848,149627823083583639716574,Lifi,2025-09-23 19:05:47.969748+00:00,True,1,gen3,3.5,0x000000000000000000000000000000000000dEaD,0xdAC17F958D2ee523a2206206994597C13D831ec7,0xf939E0A03FB07F59A73314E73794Be0E57ac1b4E,150000000000,,Bebop,True,20000,POST,https://swaps-pricing.tokemaklabs.com/swap-quote-v2,149680.21115748875,149627.82308358364,150000.0,0.9978680743832584,0.9975188205572244,crvUSD,USDT,USDT -> crvUSD,,1758654347,0.999628,1.000798,23427709,1758654347
217,67,248786496253381534000000,248699420979692850463100,Lifi,2025-09-23 19:05:45.829541+00:00,True,1,gen3,3.5,0x000000000000000000000000000000000000dEaD,0x853d955aCEf822Db058eb8505911ED77F175b99e,0xf939E0A03FB07F59A73314E73794Be0E57ac1b4E,250000000000000000000000,,Bebop,True,20000,POST,https://swaps-pricing.tokemaklabs.com/swap-quote-v2,248786.4962533815,248699.4209796929,250000.0,0.995145985013526,0.9947976839187714,crvUSD,FRAX,FRAX -> crvUSD,,1758654345,0.999628,0.997628,23427709,1758654347
218,68,249504267195,249416940701,Lifi,2025-09-23 19:05:47.113110+00:00,True,1,gen3,3.5,0x000000000000000000000000000000000000dEaD,0x4c9EDD5852cd905f086C759E8383e09bff1E68B3,0xdAC17F958D2ee523a2206206994597C13D831ec7,250000000000000000000000,,Bebop,True,20000,POST,https://swaps-pricing.tokemaklabs.com/swap-quote-v2,249504.267195,249416.940701,250000.0,0.99801706878,0.997667762804,USDT,USDe,USDe -> USDT,,1758654347,1.000798,1.001408,23427709,1758654347
219,69,199571736481689455558656,199501886373920864249210,Lifi,2025-09-23 19:05:48.343336+00:00,True,1,gen3,3.5,0x000000000000000000000000000000000000dEaD,0xdAC17F958D2ee523a2206206994597C13D831ec7,0xf939E0A03FB07F59A73314E73794Be0E57ac1b4E,200000000000,,Bebop,True,20000,POST,https://swaps-pricing.tokemaklabs.com/swap-quote-v2,199571.73648168947,199501.8863739209,200000.0,0.9978586824084472,0.9975094318696044,crvUSD,USDT,USDT -> crvUSD,,1758654348,0.999628,1.000798,23427710,1758654359
220,70,149834126097406718000000,149781684153272625648700,Lifi,2025-09-23 19:05:49.581621+00:00,True,1,gen3,3.5,0x000000000000000000000000000000000000dEaD,0x4c9EDD5852cd905f086C759E8383e09bff1E68B3,0x40D16FC0246aD3160Ccc09B8D0D3A2cD28aE6C2f,150000000000000000000000,,Bebop,True,20000,POST,https://swaps-pricing.tokemaklabs.com/swap-quote-v2,149834.12609740673,149781.68415327262,150000.0,0.9988941739827116,0.9985445610218175,GHO,USDe,USDe -> GHO,,1758654349,0.999873,1.001408,23427710,1758654359
221,71,49822464290,49805026427,Lifi,2025-09-23 19:05:51.125995+00:00,True,1,gen3,3.5,0x000000000000000000000000000000000000dEaD,0x40D16FC0246aD3160Ccc09B8D0D3A2cD28aE6C2f,0xdAC17F958D2ee523a2206206994597C13D831ec7,50000000000000000000000,,Bebop,True,20000,POST,https://swaps-pricing.tokemaklabs.com/swap-quote-v2,49822.46429,49805.026427,50000.0,0.9964492858,0.99610052854,USDT,GHO,GHO -> USDT,,1758654351,1.000798,0.999873,23427710,1758654359
222,72,149756488350283960000000,149704073579361360614000,Lifi,2025-09-23 19:05:52.726949+00:00,True,1,gen3,3.5,0x000000000000000000000000000000000000dEaD,0x4c9EDD5852cd905f086C759E8383e09bff1E68B3,0xf939E0A03FB07F59A73314E73794Be0E57ac1b4E,150000000000000000000000,,Bebop,True,20000,POST,https://swaps-pricing.tokemaklabs.com/swap-quote-v2,149756.48835028397,149704.07357936137,150000.0,0.9983765890018932,0.9980271571957424,crvUSD,USDe,USDe -> crvUSD,,1758654352,0.999628,1.001408,23427710,1758654359
223,73,49715590564016918888448,49698190107319512966837,Lifi,2025-09-23 19:05:53.378778+00:00,True,1,gen3,3.5,0x000000000000000000000000000000000000dEaD,0x853d955aCEf822Db058eb8505911ED77F175b99e,0x4c9EDD5852cd905f086C759E8383e09bff1E68B3,50000000000000000000000,,Bebop,True,20000,POST,https://swaps-pricing.tokemaklabs.com/swap-quote-v2,49715.59056401692,49698.19010731951,50000.0,0.9943118112803384,0.9939638021463902,USDe,FRAX,FRAX -> USDe,,1758654353,1.001408,0.997628,23427710,1758654359
224,74,99838622067822360000000,99803678550098622174000,Lifi,2025-09-23 19:05:54.579121+00:00,True,1,gen3,3.5,0x000000000000000000000000000000000000dEaD,0x4c9EDD5852cd905f086C759E8383e09bff1E68B3,0xf939E0A03FB07F59A73314E73794Be0E57ac1b4E,100000000000000000000000,,Bebop,True,20000,POST,https://swaps-pricing.tokemaklabs.com/swap-quote-v2,99838.62206782236,99803.67855009862,100000.0,0.9983862206782236,0.9980367855009862,crvUSD,USDe,USDe -> crvUSD,,1758654354,0.999628,1.001408,23427710,1758654359
225,75,248574287393908877950976,248487286393321009843693,Lifi,2025-09-23 19:05:55.837029+00:00,True,1,gen3,3.5,0x000000000000000000000000000000000000dEaD,0x853d955aCEf822Db058eb8505911ED77F175b99e,0x4c9EDD5852cd905f086C759E8383e09bff1E68B3,250000000000000000000000,,Bebop,True,20000,POST,https://swaps-pricing.tokemaklabs.com/swap-quote-v2,248574.2873939089,248487.28639332103,250000.0,0.9942971495756356,0.9939491455732842,USDe,FRAX,FRAX -> USDe,,1758654355,1.001408,0.997628,23427710,1758654359
226,76,49948849677012914143232,49931367579625959623282,Lifi,2025-09-23 19:05:57.086264+00:00,True,1,gen3,3.5,0x000000000000000000000000000000000000dEaD,0x40D16FC0246aD3160Ccc09B8D0D3A2cD28aE6C2f,0x853d955aCEf822Db058eb8505911ED77F175b99e,50000000000000000000000,,Bebop,True,20000,POST,https://swaps-pricing.tokemaklabs.com/swap-quote-v2,49948.84967701291,49931.36757962596,50000.0,0.9989769935402584,0.9986273515925193,FRAX,GHO,GHO -> FRAX,,1758654357,0.997628,0.999873,23427710,1758654359
227,77,149549243191097106000000,149496900955980222012900,Lifi,2025-09-23 19:05:58.351726+00:00,True,1,gen3,3.5,0x000000000000000000000000000000000000dEaD,0xdAC17F958D2ee523a2206206994597C13D831ec7,0x4c9EDD5852cd905f086C759E8383e09bff1E68B3,150000000000,,Bebop,True,20000,POST,https://swaps-pricing.tokemaklabs.com/swap-quote-v2,149549.2431910971,149496.9009559802,150000.0,0.996994954607314,0.9966460063732012,USDe,USDT,USDT -> USDe,,1758654358,1.001408,1.000798,23427710,1758654359
228,78,149219972821,149167745831,Lifi,2025-09-23 19:05:59.582492+00:00,True,1,gen3,3.5,0x000000000000000000000000000000000000dEaD,0x853d955aCEf822Db058eb8505911ED77F175b99e,0xdAC17F958D2ee523a2206206994597C13D831ec7,150000000000000000000000,,Bebop,True,20000,POST,https://swaps-pricing.tokemaklabs.com/swap-quote-v2,149219.972821,149167.745831,150000.0,0.9947998188066668,0.9944516388733334,USDT,FRAX,FRAX -> USDT,,1758654359,1.000798,0.997628,23427710,1758654359
229,79,199499465041351930806272,199429640228587457630490,Lifi,2025-09-23 19:06:00.837176+00:00,True,1,gen3,3.5,0x000000000000000000000000000000000000dEaD,0xA0b86991c6218b36c1d19D4a2e9Eb0cE3606eB48,0xf939E0A03FB07F59A73314E73794Be0E57ac1b4E,200000000000,,Bebop,True,20000,POST,https://swaps-pricing.tokemaklabs.com/swap-quote-v2,199499.4650413519,199429.64022858744,200000.0,0.9974973252067596,0.9971482011429372,crvUSD,USDC,USDC -> crvUSD,,1758654360,0.999628,1.0,23427711,1758654371
230,80,99803640329226598025778,99768709055111368716469,Lifi,2025-09-23 19:06:02.329720+00:00,True,1,gen3,3.5,0x000000000000000000000000000000000000dEaD,0xA0b86991c6218b36c1d19D4a2e9Eb0cE3606eB48,0x40D16FC0246aD3160Ccc09B8D0D3A2cD28aE6C2f,100000000000,,Bebop,True,20000,POST,https://swaps-pricing.tokemaklabs.com/swap-quote-v2,99803.6403292266,99768.70905511137,100000.0,0.998036403292266,0.9976870905511136,GHO,USDC,USDC -> GHO,,1758654362,0.999873,1.0,23427711,1758654371
231,81,248789959389,248702882903,Lifi,2025-09-23 19:06:03.667499+00:00,True,1,gen3,3.5,0x000000000000000000000000000000000000dEaD,0x853d955aCEf822Db058eb8505911ED77F175b99e,0xA0b86991c6218b36c1d19D4a2e9Eb0cE3606eB48,250000000000000000000000,,Bebop,True,20000,POST,https://swaps-pricing.tokemaklabs.com/swap-quote-v2,248789.959389,248702.882903,250000.0,0.995159837556,0.994811531612,USDC,FRAX,FRAX -> USDC,,1758654363,1.0,0.997628,23427711,1758654371
232,82,49919357072898984509440,49901885297923469864862,Lifi,2025-09-23 19:06:04.605395+00:00,True,1,gen3,3.5,0x000000000000000000000000000000000000dEaD,0xdAC17F958D2ee523a2206206994597C13D831ec7,0x40D16FC0246aD3160Ccc09B8D0D3A2cD28aE6C2f,50000000000,,Bebop,True,20000,POST,https://swaps-pricing.tokemaklabs.com/swap-quote-v2,49919.35707289899,49901.88529792347,50000.0,0.9983871414579796,0.9980377059584694,GHO,USDT,USDT -> GHO,,1758654364,0.999873,1.000798,23427711,1758654371
233,83,99430247584457532899328,99395446997802972762813,Lifi,2025-09-23 19:06:06.085056+00:00,True,1,gen3,3.5,0x000000000000000000000000000000000000dEaD,0x853d955aCEf822Db058eb8505911ED77F175b99e,0x4c9EDD5852cd905f086C759E8383e09bff1E68B3,100000000000000000000000,,Bebop,True,20000,POST,https://swaps-pricing.tokemaklabs.com/swap-quote-v2,99430.24758445754,99395.44699780298,100000.0,0.9943024758445754,0.9939544699780298,USDe,FRAX,FRAX -> USDe,,1758654366,1.001408,0.997628,23427711,1758654371
234,84,249723491791345094000000,249636088569218123217100,Lifi,2025-09-23 19:06:08.813485+00:00,True,1,gen3,3.5,0x000000000000000000000000000000000000dEaD,0x4c9EDD5852cd905f086C759E8383e09bff1E68B3,0x40D16FC0246aD3160Ccc09B8D0D3A2cD28aE6C2f,250000000000000000000000,,Bebop,True,20000,POST,https://swaps-pricing.tokemaklabs.com/swap-quote-v2,249723.4917913451,249636.08856921812,250000.0,0.9988939671653804,0.9985443542768724,GHO,USDe,USDe -> GHO,,1758654368,0.999873,1.001408,23427711,1758654371
235,85,49843238210,49825793077,Lifi,2025-09-23 19:06:08.317768+00:00,True,1,gen3,3.5,0x000000000000000000000000000000000000dEaD,0x40D16FC0246aD3160Ccc09B8D0D3A2cD28aE6C2f,0xA0b86991c6218b36c1d19D4a2e9Eb0cE3606eB48,50000000000000000000000,,Bebop,True,20000,POST,https://swaps-pricing.tokemaklabs.com/swap-quote-v2,49843.23821,49825.793077,50000.0,0.9968647642,0.99651586154,USDC,GHO,GHO -> USDC,,1758654368,1.0,0.999873,23427711,1758654371
236,86,149468943196,149416629066,Lifi,2025-09-23 19:06:09.604543+00:00,True,1,gen3,3.5,0x000000000000000000000000000000000000dEaD,0x40D16FC0246aD3160Ccc09B8D0D3A2cD28aE6C2f,0xdAC17F958D2ee523a2206206994597C13D831ec7,150000000000000000000000,,Bebop,True,20000,POST,https://swaps-pricing.tokemaklabs.com/swap-quote-v2,149468.943196,149416.629066,150000.0,0.9964596213066668,0.99611086044,USDT,GHO,GHO -> USDT,,1758654369,1.000798,0.999873,23427711,1758654371
237,87,199915479218019884859392,199845508800293577899691,Lifi,2025-09-23 19:06:10.889376+00:00,True,1,gen3,3.5,0x000000000000000000000000000000000000dEaD,0xA0b86991c6218b36c1d19D4a2e9Eb0cE3606eB48,0x853d955aCEf822Db058eb8505911ED77F175b99e,200000000000,,Bebop,True,20000,POST,https://swaps-pricing.tokemaklabs.com/swap-quote-v2,199915.47921801987,199845.5088002936,200000.0,0.9995773960900992,0.9992275440014678,FRAX,USDC,USDC -> FRAX,,1758654370,0.997628,1.0,23427711,1758654371
238,88,149278057494,149225810174,Lifi,2025-09-23 19:06:12.127501+00:00,True,1,gen3,3.5,0x000000000000000000000000000000000000dEaD,0x853d955aCEf822Db058eb8505911ED77F175b99e,0xA0b86991c6218b36c1d19D4a2e9Eb0cE3606eB48,150000000000000000000000,,Bebop,True,20000,POST,https://swaps-pricing.tokemaklabs.com/swap-quote-v2,149278.057494,149225.810174,150000.0,0.99518704996,0.9948387344933334,USDC,FRAX,FRAX -> USDC,,1758654372,1.0,0.997628,23427712,1758654383
239,89,99600698074211842785280,99565837829885868640305,Lifi,2025-09-23 19:06:13.354586+00:00,True,1,gen3,3.5,0x000000000000000000000000000000000000dEaD,0x40D16FC0246aD3160Ccc09B8D0D3A2cD28aE6C2f,0x4c9EDD5852cd905f086C759E8383e09bff1E68B3,100000000000000000000000,,Bebop,True,20000,POST,https://swaps-pricing.tokemaklabs.com/swap-quote-v2,99600.69807421185,99565.83782988587,100000.0,0.9960069807421184,0.9956583782988588,USDe,GHO,GHO -> USDe,,1758654373,1.001408,0.999873,23427712,1758654383
240,90,249892948427876978642308,249805485895927221699783,Lifi,2025-09-23 19:06:14.578136+00:00,True,1,gen3,3.5,0x000000000000000000000000000000000000dEaD,0xA0b86991c6218b36c1d19D4a2e9Eb0cE3606eB48,0x853d955aCEf822Db058eb8505911ED77F175b99e,250000000000,,Bebop,True,20000,POST,https://swaps-pricing.tokemaklabs.com/swap-quote-v2,249892.94842787695,249805.4858959272,250000.0,0.999571793711508,0.9992219435837087,FRAX,USDC,USDC -> FRAX,,1758654374,0.997628,1.0,23427712,1758654383
241,91,99480913035,99446094715,Lifi,2025-09-23 19:06:15.836963+00:00,True,1,gen3,3.5,0x000000000000000000000000000000000000dEaD,0x853d955aCEf822Db058eb8505911ED77F175b99e,0xdAC17F958D2ee523a2206206994597C13D831ec7,100000000000000000000000,,Bebop,True,20000,POST,https://swaps-pricing.tokemaklabs.com/swap-quote-v2,99480.913035,99446.094715,100000.0,0.99480913035,0.99446094715,USDT,FRAX,FRAX -> USDT,,1758654375,1.000798,0.997628,23427712,1758654383
242,92,249116191268,249029000601,Lifi,2025-09-23 19:06:17.066016+00:00,True,1,gen3,3.5,0x000000000000000000000000000000000000dEaD,0x40D16FC0246aD3160Ccc09B8D0D3A2cD28aE6C2f,0xdAC17F958D2ee523a2206206994597C13D831ec7,250000000000000000000000,,Bebop,True,20000,POST,https://swaps-pricing.tokemaklabs.com/swap-quote-v2,249116.191268,249029.000601,250000.0,0.996464765072,0.996116002404,USDT,GHO,GHO -> USDT,,1758654377,1.000798,0.999873,23427712,1758654383
243,93,199672915111451640000000,199603029591162631926000,Lifi,2025-09-23 19:06:19.773127+00:00,True,1,gen3,3.5,0x000000000000000000000000000000000000dEaD,0x4c9EDD5852cd905f086C759E8383e09bff1E68B3,0xf939E0A03FB07F59A73314E73794Be0E57ac1b4E,200000000000000000000000,,Bebop,True,20000,POST,https://swaps-pricing.tokemaklabs.com/swap-quote-v2,199672.91511145164,199603.02959116263,200000.0,0.9983645755572582,0.9980151479558133,crvUSD,USDe,USDe -> crvUSD,,1758654379,0.999628,1.001408,23427712,1758654383
244,94,249371653844507442342385,249284373765661864737565,Lifi,2025-09-23 19:06:19.630285+00:00,True,1,gen3,3.5,0x000000000000000000000000000000000000dEaD,0xA0b86991c6218b36c1d19D4a2e9Eb0cE3606eB48,0xf939E0A03FB07F59A73314E73794Be0E57ac1b4E,250000000000,,Bebop,True,20000,POST,https://swaps-pricing.tokemaklabs.com/swap-quote-v2,249371.65384450744,249284.37376566188,250000.0,0.9974866153780296,0.9971374950626476,crvUSD,USDC,USDC -> crvUSD,,1758654379,0.999628,1.0,23427712,1758654383
245,95,49919674069416520000000,49902202183492224218000,Lifi,2025-09-23 19:06:20.824734+00:00,True,1,gen3,3.5,0x000000000000000000000000000000000000dEaD,0x4c9EDD5852cd905f086C759E8383e09bff1E68B3,0xf939E0A03FB07F59A73314E73794Be0E57ac1b4E,50000000000000000000000,,Bebop,True,20000,POST,https://swaps-pricing.tokemaklabs.com/swap-quote-v2,49919.67406941652,49902.20218349223,50000.0,0.9983934813883304,0.9980440436698446,crvUSD,USDe,USDe -> crvUSD,,1758654380,0.999628,1.001408,23427712,1758654383
246,96,198856743560242540000000,198787143699996455111000,Lifi,2025-09-23 19:06:22.097234+00:00,True,1,gen3,3.5,0x000000000000000000000000000000000000dEaD,0x853d955aCEf822Db058eb8505911ED77F175b99e,0x4c9EDD5852cd905f086C759E8383e09bff1E68B3,200000000000000000000000,,Bebop,True,20000,POST,https://swaps-pricing.tokemaklabs.com/swap-quote-v2,198856.74356024255,198787.1436999965,200000.0,0.9942837178012128,0.9939357184999824,USDe,FRAX,FRAX -> USDe,,1758654382,1.001408,0.997628,23427712,1758654383
247,97,49945408746316195000000,49927927853254984331750,Lifi,2025-09-23 19:06:23.349449+00:00,True,1,gen3,3.5,0x000000000000000000000000000000000000dEaD,0x4c9EDD5852cd905f086C759E8383e09bff1E68B3,0x40D16FC0246aD3160Ccc09B8D0D3A2cD28aE6C2f,50000000000000000000000,,Bebop,True,20000,POST,https://swaps-pricing.tokemaklabs.com/swap-quote-v2,49945.40874631619,49927.92785325499,50000.0,0.998908174926324,0.9985585570650998,GHO,USDe,USDe -> GHO,,1758654383,0.999873,1.001408,23427712,1758654383
248,98,149392929445401235292160,149340641920095344859808,Lifi,2025-09-23 19:06:24.579949+00:00,True,1,gen3,3.5,0x000000000000000000000000000000000000dEaD,0x40D16FC0246aD3160Ccc09B8D0D3A2cD28aE6C2f,0x4c9EDD5852cd905f086C759E8383e09bff1E68B3,150000000000000000000000,,Bebop,True,20000,POST,https://swaps-pricing.tokemaklabs.com/swap-quote-v2,149392.92944540124,149340.64192009534,150000.0,0.9959528629693416,0.9956042794673022,USDe,GHO,GHO -> USDe,,1758654384,1.001408,0.999873,23427713,1758654395
249,99,199032232412602671000000,198962571131258260065150,Lifi,2025-09-23 19:06:25.850250+00:00,True,1,gen3,3.5,0x000000000000000000000000000000000000dEaD,0x853d955aCEf822Db058eb8505911ED77F175b99e,0xf939E0A03FB07F59A73314E73794Be0E57ac1b4E,200000000000000000000000,,Bebop,True,20000,POST,https://swaps-pricing.tokemaklabs.com/swap-quote-v2,199032.2324126027,198962.57113125824,200000.0,0.9951611620630132,0.9948128556562912,crvUSD,FRAX,FRAX -> crvUSD,,1758654385,0.999628,0.997628,23427713,1758654395
250,100,99741260628,99706351187,Lifi,2025-09-23 19:06:27.158158+00:00,True,1,gen3,3.5,0x000000000000000000000000000000000000dEaD,0xf939E0A03FB07F59A73314E73794Be0E57ac1b4E,0xA0b86991c6218b36c1d19D4a2e9Eb0cE3606eB48,100000000000000000000000,,Bebop,True,20000,POST,https://swaps-pricing.tokemaklabs.com/swap-quote-v2,99741.260628,99706.351187,100000.0,0.99741260628,0.99706351187,USDC,crvUSD,crvUSD -> USDC,,1758654387,1.0,0.999628,23427713,1758654395
251,101,149830338352204780000000,149777897733781508327000,Lifi,2025-09-23 19:06:29.268222+00:00,True,1,gen3,3.5,0x000000000000000000000000000000000000dEaD,0x40D16FC0246aD3160Ccc09B8D0D3A2cD28aE6C2f,0x853d955aCEf822Db058eb8505911ED77F175b99e,150000000000000000000000,,Bebop,True,20000,POST,https://swaps-pricing.tokemaklabs.com/swap-quote-v2,149830.33835220477,149777.89773378152,150000.0,0.9988689223480318,0.99851931822521,FRAX,GHO,GHO -> FRAX,,1758654389,0.997628,0.999873,23427713,1758654395
252,102,99659648662724379934720,99624767785692426401743,Lifi,2025-09-23 19:06:29.592481+00:00,True,1,gen3,3.5,0x000000000000000000000000000000000000dEaD,0xA0b86991c6218b36c1d19D4a2e9Eb0cE3606eB48,0x4c9EDD5852cd905f086C759E8383e09bff1E68B3,100000000000,,Bebop,True,20000,POST,https://swaps-pricing.tokemaklabs.com/swap-quote-v2,99659.6486627244,99624.76778569244,100000.0,0.996596486627244,0.9962476778569244,USDe,USDC,USDC -> USDe,,1758654389,1.001408,1.0,23427713,1758654395
253,103,199194162413695884328960,199124444456851090769445,Lifi,2025-09-23 19:06:30.867711+00:00,True,1,gen3,3.5,0x000000000000000000000000000000000000dEaD,0x40D16FC0246aD3160Ccc09B8D0D3A2cD28aE6C2f,0x4c9EDD5852cd905f086C759E8383e09bff1E68B3,200000000000000000000000,,Bebop,True,20000,POST,https://swaps-pricing.tokemaklabs.com/swap-quote-v2,199194.16241369589,199124.44445685108,200000.0,0.9959708120684794,0.9956222222842556,USDe,GHO,GHO -> USDe,,1758654390,1.001408,0.999873,23427713,1758654395
254,104,49823800230681621000000,49806361900600882432650,Lifi,2025-09-23 19:06:32.132133+00:00,True,1,gen3,3.5,0x000000000000000000000000000000000000dEaD,0xf939E0A03FB07F59A73314E73794Be0E57ac1b4E,0x4c9EDD5852cd905f086C759E8383e09bff1E68B3,50000000000000000000000,,Bebop,True,20000,POST,https://swaps-pricing.tokemaklabs.com/swap-quote-v2,49823.80023068162,49806.36190060088,50000.0,0.9964760046136324,0.9961272380120176,USDe,crvUSD,crvUSD -> USDe,,1758654392,1.001408,0.999628,23427713,1758654395
255,105,199135933623678390140501,199066236046910102703952,Lifi,2025-09-23 19:06:33.349133+00:00,True,1,gen3,3.5,0x000000000000000000000000000000000000dEaD,0x853d955aCEf822Db058eb8505911ED77F175b99e,0x40D16FC0246aD3160Ccc09B8D0D3A2cD28aE6C2f,200000000000000000000000,,Bebop,True,20000,POST,https://swaps-pricing.tokemaklabs.com/swap-quote-v2,199135.9336236784,199066.2360469101,200000.0,0.995679668118392,0.9953311802345506,GHO,FRAX,FRAX -> GHO,,1758654393,0.999873,0.997628,23427713,1758654395
256,106,99958819171811121430528,99923833585100987538027,Lifi,2025-09-23 19:06:34.622538+00:00,True,1,gen3,3.5,0x000000000000000000000000000000000000dEaD,0xA0b86991c6218b36c1d19D4a2e9Eb0cE3606eB48,0x853d955aCEf822Db058eb8505911ED77F175b99e,100000000000,,Bebop,True,20000,POST,https://swaps-pricing.tokemaklabs.com/swap-quote-v2,99958.81917181112,99923.833585101,100000.0,0.9995881917181112,0.99923833585101,FRAX,USDC,USDC -> FRAX,,1758654394,0.997628,1.0,23427713,1758654395
257,107,99894638506401427619840,99859675382924187120173,Lifi,2025-09-23 19:06:36.268584+00:00,True,1,gen3,3.5,0x000000000000000000000000000000000000dEaD,0x40D16FC0246aD3160Ccc09B8D0D3A2cD28aE6C2f,0x853d955aCEf822Db058eb8505911ED77F175b99e,100000000000000000000000,,Bebop,True,20000,POST,https://swaps-pricing.tokemaklabs.com/swap-quote-v2,99894.63850640145,99859.6753829242,100000.0,0.9989463850640145,0.998596753829242,FRAX,GHO,GHO -> FRAX,,1758654396,0.997628,0.999873,23427714,1758654407
258,108,149476142034057074573312,149423825384345154597211,Lifi,2025-09-23 19:06:37.119492+00:00,True,1,gen3,3.5,0x000000000000000000000000000000000000dEaD,0xf939E0A03FB07F59A73314E73794Be0E57ac1b4E,0x4c9EDD5852cd905f086C759E8383e09bff1E68B3,150000000000000000000000,,Bebop,True,20000,POST,https://swaps-pricing.tokemaklabs.com/swap-quote-v2,149476.14203405706,149423.82538434514,150000.0,0.9965076135603804,0.9961588358956344,USDe,crvUSD,crvUSD -> USDe,,1758654397,1.001408,0.999628,23427714,1758654407
259,109,199781360112459459000000,199711436636420098189350,Lifi,2025-09-23 19:06:39.275351+00:00,True,1,gen3,3.5,0x000000000000000000000000000000000000dEaD,0x4c9EDD5852cd905f086C759E8383e09bff1E68B3,0x40D16FC0246aD3160Ccc09B8D0D3A2cD28aE6C2f,200000000000000000000000,,Bebop,True,20000,POST,https://swaps-pricing.tokemaklabs.com/swap-quote-v2,199781.36011245943,199711.4366364201,200000.0,0.9989068005622972,0.9985571831821004,GHO,USDe,USDe -> GHO,,1758654399,0.999873,1.001408,23427714,1758654407
260,110,50023855784217421021184,50006347434692944923827,Lifi,2025-09-23 19:06:39.571326+00:00,True,1,gen3,3.5,0x000000000000000000000000000000000000dEaD,0x4c9EDD5852cd905f086C759E8383e09bff1E68B3,0x853d955aCEf822Db058eb8505911ED77F175b99e,50000000000000000000000,,Bebop,True,20000,POST,https://swaps-pricing.tokemaklabs.com/swap-quote-v2,50023.85578421742,50006.34743469294,50000.0,1.0004771156843484,1.0001269486938589,FRAX,USDe,USDe -> FRAX,,1758654399,0.997628,1.001408,23427714,1758654407
261,111,199367249846106882834432,199297471308660745425440,Lifi,2025-09-23 19:06:40.872820+00:00,True,1,gen3,3.5,0x000000000000000000000000000000000000dEaD,0x40D16FC0246aD3160Ccc09B8D0D3A2cD28aE6C2f,0xf939E0A03FB07F59A73314E73794Be0E57ac1b4E,200000000000000000000000,,Bebop,True,20000,POST,https://swaps-pricing.tokemaklabs.com/swap-quote-v2,199367.2498461069,199297.47130866072,200000.0,0.9968362492305344,0.9964873565433036,crvUSD,GHO,GHO -> crvUSD,,1758654400,0.999628,0.999873,23427714,1758654407
262,112,249313089156741542354163,249225829575536682814339,Lifi,2025-09-23 19:06:42.466607+00:00,True,1,gen3,3.5,0x000000000000000000000000000000000000dEaD,0xdAC17F958D2ee523a2206206994597C13D831ec7,0x4c9EDD5852cd905f086C759E8383e09bff1E68B3,250000000000,,Bebop,True,20000,POST,https://swaps-pricing.tokemaklabs.com/swap-quote-v2,249313.0891567415,249225.82957553663,250000.0,0.9972523566269662,0.9969033183021466,USDe,USDT,USDT -> USDe,,1758654402,1.001408,1.000798,23427714,1758654407
263,113,49786776908902648774656,49769351536984532847585,Lifi,2025-09-23 19:06:44.317479+00:00,True,1,gen3,3.5,0x000000000000000000000000000000000000dEaD,0x853d955aCEf822Db058eb8505911ED77F175b99e,0x40D16FC0246aD3160Ccc09B8D0D3A2cD28aE6C2f,50000000000000000000000,,Bebop,True,20000,POST,https://swaps-pricing.tokemaklabs.com/swap-quote-v2,49786.77690890265,49769.35153698453,50000.0,0.9957355381780528,0.9953870307396908,GHO,FRAX,FRAX -> GHO,,1758654404,0.999873,0.997628,23427714,1758654407
264,114,49855682994,49838233505,Lifi,2025-09-23 19:06:44.610086+00:00,True,1,gen3,3.5,0x000000000000000000000000000000000000dEaD,0xA0b86991c6218b36c1d19D4a2e9Eb0cE3606eB48,0xdAC17F958D2ee523a2206206994597C13D831ec7,50000000000,,Bebop,True,20000,POST,https://swaps-pricing.tokemaklabs.com/swap-quote-v2,49855.682994,49838.233505,50000.0,0.99711365988,0.9967646701,USDT,USDC,USDC -> USDT,,1758654404,1.000798,1.0,23427714,1758654407
265,115,99940748568796366000000,99905769306797287271900,Lifi,2025-09-23 19:06:45.865862+00:00,True,1,gen3,3.5,0x000000000000000000000000000000000000dEaD,0xf939E0A03FB07F59A73314E73794Be0E57ac1b4E,0x853d955aCEf822Db058eb8505911ED77F175b99e,100000000000000000000000,,Bebop,True,20000,POST,https://swaps-pricing.tokemaklabs.com/swap-quote-v2,99940.74856879636,99905.76930679729,100000.0,0.9994074856879636,0.9990576930679728,FRAX,crvUSD,crvUSD -> FRAX,,1758654405,0.997628,0.999628,23427714,1758654407
266,116,249502179242976194000000,249414853480241152332100,Lifi,2025-09-23 19:06:47.137702+00:00,True,1,gen3,3.5,0x000000000000000000000000000000000000dEaD,0xA0b86991c6218b36c1d19D4a2e9Eb0cE3606eB48,0x40D16FC0246aD3160Ccc09B8D0D3A2cD28aE6C2f,250000000000,,Bebop,True,20000,POST,https://swaps-pricing.tokemaklabs.com/swap-quote-v2,249502.17924297616,249414.85348024117,250000.0,0.9980087169719049,0.9976594139209646,GHO,USDC,USDC -> GHO,,1758654407,0.999873,1.0,23427714,1758654407
267,117,249153514913500604923904,249066311183280879712181,Lifi,2025-09-23 19:06:51.197986+00:00,True,1,gen3,3.5,0x000000000000000000000000000000000000dEaD,0xA0b86991c6218b36c1d19D4a2e9Eb0cE3606eB48,0x4c9EDD5852cd905f086C759E8383e09bff1E68B3,250000000000,,Bebop,True,20000,POST,https://swaps-pricing.tokemaklabs.com/swap-quote-v2,249153.5149135006,249066.3111832809,250000.0,0.9966140596540024,0.9962652447331236,USDe,USDC,USDC -> USDe,,1758654411,1.001408,1.0,23427715,1758654419
268,118,49762348255,49744931433,Lifi,2025-09-23 19:06:49.654537+00:00,True,1,gen3,3.5,0x000000000000000000000000000000000000dEaD,0x853d955aCEf822Db058eb8505911ED77F175b99e,0xA0b86991c6218b36c1d19D4a2e9Eb0cE3606eB48,50000000000000000000000,,Bebop,True,20000,POST,https://swaps-pricing.tokemaklabs.com/swap-quote-v2,49762.348255,49744.931433,50000.0,0.9952469651,0.99489862866,USDC,FRAX,FRAX -> USDC,,1758654409,1.0,0.997628,23427715,1758654419
269,119,99687163106,99652272599,Lifi,2025-09-23 19:06:52.290446+00:00,True,1,gen3,3.5,0x000000000000000000000000000000000000dEaD,0x40D16FC0246aD3160Ccc09B8D0D3A2cD28aE6C2f,0xA0b86991c6218b36c1d19D4a2e9Eb0cE3606eB48,100000000000000000000000,,Bebop,True,20000,POST,https://swaps-pricing.tokemaklabs.com/swap-quote-v2,99687.163106,99652.272599,100000.0,0.99687163106,0.99652272599,USDC,GHO,GHO -> USDC,,1758654412,1.0,0.999873,23427715,1758654419
270,120,49850441306,49832993652,Lifi,2025-09-23 19:06:52.083437+00:00,True,1,gen3,3.5,0x000000000000000000000000000000000000dEaD,0xf939E0A03FB07F59A73314E73794Be0E57ac1b4E,0xdAC17F958D2ee523a2206206994597C13D831ec7,50000000000000000000000,,Bebop,True,20000,POST,https://swaps-pricing.tokemaklabs.com/swap-quote-v2,49850.441306,49832.993652,50000.0,0.99700882612,0.99665987304,USDT,crvUSD,crvUSD -> USDT,,1758654412,1.000798,0.999628,23427715,1758654419
271,121,149765229245,149712811415,Lifi,2025-09-23 19:06:53.340360+00:00,True,1,gen3,3.5,0x000000000000000000000000000000000000dEaD,0x4c9EDD5852cd905f086C759E8383e09bff1E68B3,0xA0b86991c6218b36c1d19D4a2e9Eb0cE3606eB48,150000000000000000000000,,Bebop,True,20000,POST,https://swaps-pricing.tokemaklabs.com/swap-quote-v2,149765.229245,149712.811415,150000.0,0.9984348616333332,0.9980854094333332,USDC,USDe,USDe -> USDC,,1758654413,1.0,1.001408,23427715,1758654419
272,122,149565838835,149513490791,Lifi,2025-09-23 19:06:55.803072+00:00,True,1,gen3,3.5,0x000000000000000000000000000000000000dEaD,0xA0b86991c6218b36c1d19D4a2e9Eb0cE3606eB48,0xdAC17F958D2ee523a2206206994597C13D831ec7,150000000000,,Bebop,True,20000,POST,https://swaps-pricing.tokemaklabs.com/swap-quote-v2,149565.838835,149513.490791,150000.0,0.9971055922333334,0.9967566052733332,USDT,USDC,USDC -> USDT,,1758654415,1.000798,1.0,23427715,1758654419
273,123,199400904810330178191360,199331114493646562628993,Lifi,2025-09-23 19:06:55.833123+00:00,True,1,gen3,3.5,0x000000000000000000000000000000000000dEaD,0xdAC17F958D2ee523a2206206994597C13D831ec7,0x4c9EDD5852cd905f086C759E8383e09bff1E68B3,200000000000,,Bebop,True,20000,POST,https://swaps-pricing.tokemaklabs.com/swap-quote-v2,199400.9048103302,199331.11449364657,200000.0,0.997004524051651,0.9966555724682328,USDe,USDT,USDT -> USDe,,1758654415,1.001408,1.000798,23427715,1758654419
274,124,149691457433,149639065423,Lifi,2025-09-23 19:06:57.104128+00:00,True,1,gen3,3.5,0x000000000000000000000000000000000000dEaD,0xdAC17F958D2ee523a2206206994597C13D831ec7,0xA0b86991c6218b36c1d19D4a2e9Eb0cE3606eB48,150000000000,,Bebop,True,20000,POST,https://swaps-pricing.tokemaklabs.com/swap-quote-v2,149691.457433,149639.065423,150000.0,0.9979430495533334,0.9975937694866668,USDC,USDT,USDT -> USDC,,1758654417,1.0,1.000798,23427715,1758654419
275,125,199589398369,199519542080,Lifi,2025-09-23 19:06:58.380227+00:00,True,1,gen3,3.5,0x000000000000000000000000000000000000dEaD,0xdAC17F958D2ee523a2206206994597C13D831ec7,0xA0b86991c6218b36c1d19D4a2e9Eb0cE3606eB48,200000000000,,Bebop,True,20000,POST,https://swaps-pricing.tokemaklabs.com/swap-quote-v2,199589.398369,199519.54208,200000.0,0.997946991845,0.9975977104,USDC,USDT,USDT -> USDC,,1758654418,1.0,1.000798,23427715,1758654419
276,126,49895200525,49877737205,Lifi,2025-09-23 19:07:00.414360+00:00,True,1,gen3,3.5,0x000000000000000000000000000000000000dEaD,0x4c9EDD5852cd905f086C759E8383e09bff1E68B3,0xdAC17F958D2ee523a2206206994597C13D831ec7,50000000000000000000000,,Bebop,True,20000,POST,https://swaps-pricing.tokemaklabs.com/swap-quote-v2,49895.200525,49877.737205,50000.0,0.9979040105,0.9975547441,USDT,USDe,USDe -> USDT,,1758654420,1.000798,1.001408,23427716,1758654431
277,127,49869690834,49852236442,Lifi,2025-09-23 19:07:01.201062+00:00,True,1,gen3,3.5,0x000000000000000000000000000000000000dEaD,0xf939E0A03FB07F59A73314E73794Be0E57ac1b4E,0xA0b86991c6218b36c1d19D4a2e9Eb0cE3606eB48,50000000000000000000000,,Bebop,True,20000,POST,https://swaps-pricing.tokemaklabs.com/swap-quote-v2,49869.690834,49852.236442,50000.0,0.99739381668,0.99704472884,USDC,crvUSD,crvUSD -> USDC,,1758654421,1.0,0.999628,23427716,1758654431
278,128,149700284448,149647889348,Lifi,2025-09-23 19:07:02.219680+00:00,True,1,gen3,3.5,0x000000000000000000000000000000000000dEaD,0x4c9EDD5852cd905f086C759E8383e09bff1E68B3,0xdAC17F958D2ee523a2206206994597C13D831ec7,150000000000000000000000,,Bebop,True,20000,POST,https://swaps-pricing.tokemaklabs.com/swap-quote-v2,149700.284448,149647.889348,150000.0,0.99800189632,0.9976525956533332,USDT,USDe,USDe -> USDT,,1758654422,1.000798,1.001408,23427716,1758654431
279,129,149275417144662846000000,149223170748662214003900,Lifi,2025-09-23 19:07:03.419370+00:00,True,1,gen3,3.5,0x000000000000000000000000000000000000dEaD,0x853d955aCEf822Db058eb8505911ED77F175b99e,0xf939E0A03FB07F59A73314E73794Be0E57ac1b4E,150000000000000000000000,,Bebop,True,20000,POST,https://swaps-pricing.tokemaklabs.com/swap-quote-v2,149275.41714466285,149223.1707486622,150000.0,0.9951694476310856,0.9948211383244148,crvUSD,FRAX,FRAX -> crvUSD,,1758654423,0.999628,0.997628,23427716,1758654431
280,130,49872617294356402929664,49855161878303378188639,Lifi,2025-09-23 19:07:04.744824+00:00,True,1,gen3,3.5,0x000000000000000000000000000000000000dEaD,0xA0b86991c6218b36c1d19D4a2e9Eb0cE3606eB48,0xf939E0A03FB07F59A73314E73794Be0E57ac1b4E,50000000000,,Bebop,True,20000,POST,https://swaps-pricing.tokemaklabs.com/swap-quote-v2,49872.6172943564,49855.161878303385,50000.0,0.997452345887128,0.9971032375660676,crvUSD,USDC,USDC -> crvUSD,,1758654424,0.999628,1.0,23427716,1758654431
281,131,149686042437221080000000,149633652322368052622000,Lifi,2025-09-23 19:07:05.831009+00:00,True,1,gen3,3.5,0x000000000000000000000000000000000000dEaD,0xf939E0A03FB07F59A73314E73794Be0E57ac1b4E,0x40D16FC0246aD3160Ccc09B8D0D3A2cD28aE6C2f,150000000000000000000000,,Bebop,True,20000,POST,https://swaps-pricing.tokemaklabs.com/swap-quote-v2,149686.04243722107,149633.65232236806,150000.0,0.9979069495814736,0.9975576821491204,GHO,crvUSD,crvUSD -> GHO,,1758654425,0.999873,0.999628,23427716,1758654431
282,132,149486819493255938310144,149434499106433298731735,Lifi,2025-09-23 19:07:07.095150+00:00,True,1,gen3,3.5,0x000000000000000000000000000000000000dEaD,0xA0b86991c6218b36c1d19D4a2e9Eb0cE3606eB48,0x4c9EDD5852cd905f086C759E8383e09bff1E68B3,150000000000,,Bebop,True,20000,POST,https://swaps-pricing.tokemaklabs.com/swap-quote-v2,149486.81949325593,149434.4991064333,150000.0,0.9965787966217062,0.9962299940428888,USDe,USDC,USDC -> USDe,,1758654427,1.001408,1.0,23427716,1758654431
283,133,99791832709715017000000,99756905568266616744050,Lifi,2025-09-23 19:07:08.311448+00:00,True,1,gen3,3.5,0x000000000000000000000000000000000000dEaD,0xf939E0A03FB07F59A73314E73794Be0E57ac1b4E,0x40D16FC0246aD3160Ccc09B8D0D3A2cD28aE6C2f,100000000000000000000000,,Bebop,True,20000,POST,https://swaps-pricing.tokemaklabs.com/swap-quote-v2,99791.83270971502,99756.90556826662,100000.0,0.9979183270971502,0.9975690556826662,GHO,crvUSD,crvUSD -> GHO,,1758654428,0.999873,0.999628,23427716,1758654431
284,134,199387469958,199317684344,Lifi,2025-09-23 19:07:09.724301+00:00,True,1,gen3,3.5,0x000000000000000000000000000000000000dEaD,0xf939E0A03FB07F59A73314E73794Be0E57ac1b4E,0xdAC17F958D2ee523a2206206994597C13D831ec7,200000000000000000000000,,Bebop,True,20000,POST,https://swaps-pricing.tokemaklabs.com/swap-quote-v2,199387.469958,199317.684344,200000.0,0.99693734979,0.99658842172,USDT,crvUSD,crvUSD -> USDT,,1758654429,1.000798,0.999628,23427716,1758654431
285,135,199373211583,199303430959,Lifi,2025-09-23 19:07:11.763360+00:00,True,1,gen3,3.5,0x000000000000000000000000000000000000dEaD,0x40D16FC0246aD3160Ccc09B8D0D3A2cD28aE6C2f,0xA0b86991c6218b36c1d19D4a2e9Eb0cE3606eB48,200000000000000000000000,,Bebop,True,20000,POST,https://swaps-pricing.tokemaklabs.com/swap-quote-v2,199373.211583,199303.430959,200000.0,0.996866057915,0.996517154795,USDC,GHO,GHO -> USDC,,1758654431,1.0,0.999873,23427716,1758654431
286,136,199772648531280820000000,199702728104294871713000,Lifi,2025-09-23 19:07:12.120387+00:00,True,1,gen3,3.5,0x000000000000000000000000000000000000dEaD,0x40D16FC0246aD3160Ccc09B8D0D3A2cD28aE6C2f,0x853d955aCEf822Db058eb8505911ED77F175b99e,200000000000000000000000,,Bebop,True,20000,POST,https://swaps-pricing.tokemaklabs.com/swap-quote-v2,199772.6485312808,199702.7281042949,200000.0,0.998863242656404,0.9985136405214744,FRAX,GHO,GHO -> FRAX,,1758654432,0.997628,0.999873,23427717,1758654443
287,137,149701536026806121000000,149649140489196738857650,Lifi,2025-09-23 19:07:13.362830+00:00,True,1,gen3,3.5,0x000000000000000000000000000000000000dEaD,0xA0b86991c6218b36c1d19D4a2e9Eb0cE3606eB48,0x40D16FC0246aD3160Ccc09B8D0D3A2cD28aE6C2f,150000000000,,Bebop,True,20000,POST,https://swaps-pricing.tokemaklabs.com/swap-quote-v2,149701.53602680613,149649.14048919672,150000.0,0.9980102401787077,0.9976609365946448,GHO,USDC,USDC -> GHO,,1758654433,0.999873,1.0,23427717,1758654443
288,138,249847167001313616936576,249759720492863157170648,Lifi,2025-09-23 19:07:15.660496+00:00,True,1,gen3,3.5,0x000000000000000000000000000000000000dEaD,0xf939E0A03FB07F59A73314E73794Be0E57ac1b4E,0x853d955aCEf822Db058eb8505911ED77F175b99e,250000000000000000000000,,Bebop,True,20000,POST,https://swaps-pricing.tokemaklabs.com/swap-quote-v2,249847.1670013136,249759.72049286315,250000.0,0.9993886680052544,0.9990388819714526,FRAX,crvUSD,crvUSD -> FRAX,,1758654435,0.997628,0.999628,23427717,1758654443
289,139,49844865295075208331264,49827419592221932008348,Lifi,2025-09-23 19:07:16.175847+00:00,True,1,gen3,3.5,0x000000000000000000000000000000000000dEaD,0x40D16FC0246aD3160Ccc09B8D0D3A2cD28aE6C2f,0xf939E0A03FB07F59A73314E73794Be0E57ac1b4E,50000000000000000000000,,Bebop,True,20000,POST,https://swaps-pricing.tokemaklabs.com/swap-quote-v2,49844.86529507521,49827.41959222193,50000.0,0.9968973059015042,0.9965483918444386,crvUSD,GHO,GHO -> crvUSD,,1758654436,0.999628,0.999873,23427717,1758654443
290,140,99793902906,99758975040,Lifi,2025-09-23 19:07:17.085210+00:00,True,1,gen3,3.5,0x000000000000000000000000000000000000dEaD,0xdAC17F958D2ee523a2206206994597C13D831ec7,0xA0b86991c6218b36c1d19D4a2e9Eb0cE3606eB48,100000000000,,Bebop,True,20000,POST,https://swaps-pricing.tokemaklabs.com/swap-quote-v2,99793.902906,99758.97504,100000.0,0.99793902906,0.9975897504,USDC,USDT,USDT -> USDC,,1758654437,1.0,1.000798,23427717,1758654443
291,141,100048636598533385000000,100013619575723898315250,Lifi,2025-09-23 19:07:18.325539+00:00,True,1,gen3,3.5,0x000000000000000000000000000000000000dEaD,0x4c9EDD5852cd905f086C759E8383e09bff1E68B3,0x853d955aCEf822Db058eb8505911ED77F175b99e,100000000000000000000000,,Bebop,True,20000,POST,https://swaps-pricing.tokemaklabs.com/swap-quote-v2,100048.63659853338,100013.6195757239,100000.0,1.0004863659853338,1.000136195757239,FRAX,USDe,USDe -> FRAX,,1758654438,0.997628,1.001408,23427717,1758654443
292,142,249728668797582289403904,249641263763503135602613,Lifi,2025-09-23 19:07:19.733665+00:00,True,1,gen3,3.5,0x000000000000000000000000000000000000dEaD,0x40D16FC0246aD3160Ccc09B8D0D3A2cD28aE6C2f,0x853d955aCEf822Db058eb8505911ED77F175b99e,250000000000000000000000,,Bebop,True,20000,POST,https://swaps-pricing.tokemaklabs.com/swap-quote-v2,249728.6687975823,249641.2637635031,250000.0,0.9989146751903292,0.9985650550540126,FRAX,GHO,GHO -> FRAX,,1758654439,0.997628,0.999873,23427717,1758654443
293,143,199696264571894173270016,199626370879294010309371,Lifi,2025-09-23 19:07:21.422438+00:00,True,1,gen3,3.5,0x000000000000000000000000000000000000dEaD,0xdAC17F958D2ee523a2206206994597C13D831ec7,0x40D16FC0246aD3160Ccc09B8D0D3A2cD28aE6C2f,200000000000,,Bebop,True,20000,POST,https://swaps-pricing.tokemaklabs.com/swap-quote-v2,199696.26457189416,199626.370879294,200000.0,0.9984813228594708,0.99813185439647,GHO,USDT,USDT -> GHO,,1758654441,0.999873,1.000798,23427717,1758654443
294,144,49798797089458962300928,49781367510477651664123,Lifi,2025-09-23 19:07:22.346513+00:00,True,1,gen3,3.5,0x000000000000000000000000000000000000dEaD,0x40D16FC0246aD3160Ccc09B8D0D3A2cD28aE6C2f,0x4c9EDD5852cd905f086C759E8383e09bff1E68B3,50000000000000000000000,,Bebop,True,20000,POST,https://swaps-pricing.tokemaklabs.com/swap-quote-v2,49798.79708945896,49781.367510477656,50000.0,0.9959759417891793,0.9956273502095532,USDe,GHO,GHO -> USDe,,1758654442,1.001408,0.999873,23427717,1758654443
295,145,249216036922,249128811309,Lifi,2025-09-23 19:07:23.346866+00:00,True,1,gen3,3.5,0x000000000000000000000000000000000000dEaD,0x40D16FC0246aD3160Ccc09B8D0D3A2cD28aE6C2f,0xA0b86991c6218b36c1d19D4a2e9Eb0cE3606eB48,250000000000000000000000,,Bebop,True,20000,POST,https://swaps-pricing.tokemaklabs.com/swap-quote-v2,249216.036922,249128.811309,250000.0,0.996864147688,0.996515245236,USDC,GHO,GHO -> USDC,,1758654443,1.0,0.999873,23427717,1758654443
296,146,49901362356897844297728,49883896880072930052224,Lifi,2025-09-23 19:07:24.623060+00:00,True,1,gen3,3.5,0x000000000000000000000000000000000000dEaD,0xA0b86991c6218b36c1d19D4a2e9Eb0cE3606eB48,0x40D16FC0246aD3160Ccc09B8D0D3A2cD28aE6C2f,50000000000,,Bebop,True,20000,POST,https://swaps-pricing.tokemaklabs.com/swap-quote-v2,49901.36235689784,49883.89688007293,50000.0,0.9980272471379568,0.9976779376014584,GHO,USDC,USDC -> GHO,,1758654444,0.999873,1.0,23427718,1758654455
297,147,99791797337231423000000,99756870208163392001950,Lifi,2025-09-23 19:07:25.866307+00:00,True,1,gen3,3.5,0x000000000000000000000000000000000000dEaD,0xdAC17F958D2ee523a2206206994597C13D831ec7,0xf939E0A03FB07F59A73314E73794Be0E57ac1b4E,100000000000,,Bebop,True,20000,POST,https://swaps-pricing.tokemaklabs.com/swap-quote-v2,99791.79733723144,99756.8702081634,100000.0,0.9979179733723142,0.997568702081634,crvUSD,USDT,USDT -> crvUSD,,1758654445,0.999628,1.000798,23427718,1758654455
298,148,49760338089210286178304,49742921970879062578142,Lifi,2025-09-23 19:07:27.060980+00:00,True,1,gen3,3.5,0x000000000000000000000000000000000000dEaD,0x853d955aCEf822Db058eb8505911ED77F175b99e,0xf939E0A03FB07F59A73314E73794Be0E57ac1b4E,50000000000000000000000,,Bebop,True,20000,POST,https://swaps-pricing.tokemaklabs.com/swap-quote-v2,49760.33808921029,49742.921970879055,50000.0,0.9952067617842058,0.9948584394175812,crvUSD,FRAX,FRAX -> crvUSD,,1758654447,0.999628,0.997628,23427718,1758654455
299,149,149772814357732073144320,149720393872706866918719,Lifi,2025-09-23 19:07:29.693453+00:00,True,1,gen3,3.5,0x000000000000000000000000000000000000dEaD,0xdAC17F958D2ee523a2206206994597C13D831ec7,0x40D16FC0246aD3160Ccc09B8D0D3A2cD28aE6C2f,150000000000,,Bebop,True,20000,POST,https://swaps-pricing.tokemaklabs.com/swap-quote-v2,149772.81435773207,149720.39387270686,150000.0,0.9984854290515472,0.9981359591513792,GHO,USDT,USDT -> GHO,,1758654449,0.999873,1.000798,23427718,1758654455
