event,hash,autopool,timestamp,normalized_assets,bucket
Deposit,0xff433845aad0d897641eeab0c199ca5a6d104bc93577c7f72cf526e5fedbf27c,autoUSD,2025-03-12 18:40:47+00:00,0.1,0-100
Deposit,0x368be3632d92ad752b75fc7091cd7e16a38a9390eec88c656d07dc4859a52740,autoUSD,2025-03-12 20:45:35+00:00,1.0,0-100
Deposit,0xcd153b0ef9c82c3a7a45d0d5f24d418f5e7b70d86af48371c99795456843f6c5,autoUSD,2025-03-12 20:49:11+00:00,21.147637,0-100
Deposit,0xdd79ef91d54c55626570612cf11843bf6593051176c646bd4f72b0595a376e6f,autoUSD,2025-03-13 18:08:35+00:00,1.835915,0-100
Deposit,0x38f947dfd8f7df23570abb1931f65d97a0caad0891a623aeace4cee97fe7f4be,autoUSD,2025-03-17 18:22:35+00:00,1.936826,0-100
Deposit,0x0830f68c502e019308493ea5cf1439cc27b291821eec91e87a519b16584d3706,autoUSD,2025-03-17 19:04:59+00:00,1.0,0-100
Deposit,0x64406a4dbdbe037a6998acdda32ec6e6d2ac4f2a56a619e545d9cc1b7d9cf825,autoUSD,2025-03-17 19:21:47+00:00,1.0,0-100
Deposit,0x229108264b290aaa76dd2d9009d3d0c667b59455200412b04f337840d7237226,autoUSD,2025-03-17 19:24:47+00:00,2.182951,0-100
Deposit,0xd64c4ed1eda9b2ddbde8b7a9b347aa611209233ebc3c7423f5df60bd951634bc,autoUSD,2025-03-17 21:02:35+00:00,1.93509,0-100
Deposit,0x9942f32740a2263df9cb162e19b58e94a59ca0fd311809e4763322af5c264996,autoUSD,2025-03-17 21:03:11+00:00,1.0,0-100
Deposit,0x0f10201002692457e24a2f82671d133ab003ca8c2dbdb0b84160469a7a182f52,autoUSD,2025-03-18 22:48:59+00:00,1.0,0-100
Deposit,0x331e5a7aaec869e1b7e436cff8bd8e71ec7eb34934ddf23254c368768a8ce0ef,autoUSD,2025-03-19 16:17:35+00:00,3.660751,0-100
Deposit,0xa0fcb7d3d49927fc624a6df437df1fc6284295c5cda94a958eeb561984e972ed,autoUSD,2025-03-19 16:18:23+00:00,1.0,0-100
Deposit,0x98d4912a8eafbb691a126c51c420b9538e3ace6815885d06f168215a98bb4ce6,autoUSD,2025-03-21 23:55:11+00:00,1.0,0-100
Deposit,0x3a0cbbae40be916f810e0917fef04fce7dd937dcf9c0f53fa04b07a09ee1a2be,autoUSD,2025-03-22 14:02:23+00:00,10.0,0-100
Deposit,0x7f6819d0e727cf818d4abab0740cbb500fe3c8d0908a7f25eb4dc643a6c2dfbe,autoUSD,2025-03-22 14:35:35+00:00,5.0,0-100
Deposit,0x974c0d2b91726f3247fb78526e2e469197131738e6cf96b6d42b7bfc676c1546,autoUSD,2025-03-24 17:41:59+00:00,3.0,0-100
Deposit,0x02322ee9e9e464db91cb3c29145468d35f12f486a8c346521836061f0d6574c6,autoUSD,2025-03-24 21:03:59+00:00,1.012346,0-100
Deposit,0x2d323c1017fae675661f4ec92032605470584d57435476a14c9b154f77f78910,autoUSD,2025-03-24 21:42:35+00:00,0.69697,0-100
Deposit,0xad8dcfab75e8c1170a2e6f71654a25133ddabebafbc0c84d7c6cca2fcab1bfe3,autoUSD,2025-03-24 21:45:59+00:00,0.123457,0-100
Deposit,0x7566743925d62dfb042cf6236e1aa07364038c929c7cfc123fa25c239571ddd8,autoUSD,2025-03-25 02:53:11+00:00,0.961858,0-100
Deposit,0x80a92ada232b8811dd91a6a9bdcd91e4452456844832fd2e1df0f81cda7059a7,autoUSD,2025-03-25 02:56:11+00:00,4.83375,0-100
Deposit,0xa5f72e871c2d504a1c430b05b5fe4b244011153551d5e90d0e6b58ce41926483,autoUSD,2025-03-25 03:21:59+00:00,5.0,0-100
Deposit,0xa957e9c549016a5164937488a47cec3c79d20a58fccbad538cf1b50dd471b45e,autoUSD,2025-03-30 18:52:35+00:00,1931.813653,1000-10000
Deposit,0x69aff3f5e6e58c2bb7111fc48126a19ba80f49f63dbdea984372bf826044dd66,autoUSD,2025-04-01 20:07:59+00:00,1000.0,1000-10000
Deposit,0x7db61c784013b46462446c79a79768d355dcb1f90a2a7eb07956f24f83243c58,autoUSD,2025-04-01 20:15:35+00:00,99000.0,10000-100000
Deposit,0xa95aa0201b0b48b1ad565d038efedba1b1ace3f2d00dd5bd5248c031892b4e09,autoUSD,2025-04-02 20:31:23+00:00,1.0,0-100
Deposit,0xd31dcc46b2f698b9ad6d8c8a7039dedb8a1b274208d03da8917995cb52a66c18,autoUSD,2025-04-02 20:33:47+00:00,1.0,0-100
Deposit,0xbaea88d5ece6fc4d597495231390e3338a74db2d1c340636994e465e48f0059e,autoUSD,2025-04-02 20:34:23+00:00,0.999925,0-100
Deposit,0x241cbba5695c0fd6dff1d0179650382f686fa8fe708812b4a2ada63a1a65db7c,autoUSD,2025-04-02 21:08:11+00:00,18.793041,0-100
Deposit,0x75b5a829702111c3541e8d76dc79614eae7a6a243ee125aedf3d71ad28157c47,autoUSD,2025-04-02 21:08:23+00:00,18.767766,0-100
Deposit,0xdef50da89856ba79d2812062316ef6f08650ef49b53d486324ed56f745fa54e7,autoUSD,2025-04-02 21:09:35+00:00,5.0,0-100
Deposit,0xbe67b85eeda58234427c6ac98ea1612b4aff222f9d7ab227bf4ddd28f2834b2a,autoUSD,2025-04-02 21:23:47+00:00,1.0,0-100
Deposit,0x06ec033dd545c3f31c5d2d5f53392dfed1e48e784c88d7e2a199894287adb7dd,autoUSD,2025-04-08 16:27:47+00:00,1.0,0-100
Deposit,0xaaa91b95a1050e76da80659320671d699b534baef2c6cb53909e220516924ecb,autoUSD,2025-04-09 03:29:47+00:00,1.0,0-100
Deposit,0x26542f99a21b1da22e6c48524ad66e9e104a7fd913b74f919bb1252755865fac,autoUSD,2025-04-09 03:31:11+00:00,1.42812,0-100
Deposit,0x545a51d65eb48dd9a91e4615c5055fa8fe417ea6c90fab3c9e0afdcb2a7b9c71,autoUSD,2025-04-09 03:31:47+00:00,1.663502,0-100
Deposit,0xc667954fc1b85e1074d078ec15166d8141ace73ad1e1094bf8adc0891686a74f,autoUSD,2025-04-09 15:44:23+00:00,1.669365,0-100
Deposit,0xea9720c3ceb5b4779115d7db964701d524bd4a623613f050a60c857de8b93ce4,autoUSD,2025-04-09 15:59:35+00:00,1.482286,0-100
Deposit,0x927d27d303689632c4ddeab15a031a3256fc12652c17a1d19e82ef64a2eab59d,autoUSD,2025-04-09 16:00:23+00:00,16.708194,0-100
Deposit,0xe8ee2987b7c8260126d187f5a0181afe2ba6cb8fb72b684119ba351677111171,autoUSD,2025-04-09 16:01:35+00:00,0.15534,0-100
Deposit,0x559488f097ba7035eba45166718d328aab5d40e90b1afdfb4df3fcb84bab6cb4,autoUSD,2025-04-09 16:10:23+00:00,0.010294,0-100
Deposit,0xc4545e161335306e4b5b0683521b891ac0f7ef5db4f095cef4aab2cf43490480,autoUSD,2025-04-09 16:28:23+00:00,0.999139,0-100
Deposit,0x550adff117d67d1a7bdd90832ceb847425506aa27fe4a18bbdabf3e621a443e1,autoUSD,2025-04-09 19:14:47+00:00,2.028004,0-100
Deposit,0x6a1dafe8b75bc1f58a2dfec93ed41afcc26f08504bb3ea6949a86e61117d3d11,autoUSD,2025-04-09 19:20:59+00:00,1.0,0-100
Deposit,0xd857d399d60a543488fe63f4600e82716600e5ccf300fa68f34a51908477b8fa,autoUSD,2025-04-09 19:22:59+00:00,0.999403,0-100
Deposit,0xf559c27a376c76d81a2fba6520b3a659c0c94a6dc5f1bf6dbaa678d4a2911789,autoUSD,2025-04-09 19:31:47+00:00,0.999404,0-100
Deposit,0xc341ae3f67fa9111e79fba0fa2e1c99a1f31e32201cd6de78145828c3ce8555d,autoUSD,2025-04-09 19:33:23+00:00,0.999405,0-100
Deposit,0x6b3079131a9028d164b56a54c3c4a81a73ec33e298f92481946f0c8ccecec1c2,autoUSD,2025-04-09 19:40:11+00:00,0.689589,0-100
Deposit,0x980f1c257776c4f5154dda0659f81a2d6f955a27eecfc749494c3f882372d662,autoUSD,2025-04-09 19:43:35+00:00,4.118349,0-100
Deposit,0xf2af2b73987c1d9e48c30672d67c86fa67df6db83e38a68a18bfea07c0a7f6d6,autoUSD,2025-04-09 19:43:47+00:00,10.368101,0-100
Deposit,0x41dd0885169881c864ea71a76b2fd88d54bc04c68fedf07c522cce900a8cc1ae,autoUSD,2025-04-09 19:44:47+00:00,4.997025,0-100
Deposit,0x86fd2115b7a70589b0788117683f30259e97907095ecaa3c37c64a5f5799155f,autoUSD,2025-04-09 19:47:59+00:00,9.99405,0-100
Deposit,0x225d04514d42750fb3877faacf8d29eed302a4215dc1d094bddeefe354609984,autoUSD,2025-04-09 20:20:23+00:00,163.742491,100-1000
Deposit,0x43fc2ae1e7f3d88299ee301a4d9fd403161db91210392d02c293ad8ec957702d,autoUSD,2025-04-09 20:20:23+00:00,1.0,0-100
Deposit,0x0c48b8f43fe980cd9e097e74bd4539184bad88b538a83258ca769d75f85bceb4,autoUSD,2025-04-09 20:21:35+00:00,165.053573,100-1000
Deposit,0x3917c5616cc252932a068658d25e7ff55082a8129afc897656070ce47b87a0aa,autoUSD,2025-04-09 20:27:35+00:00,59841.843737,10000-100000
Deposit,0xbb3f0a4cda0ca91e92183c9ffab7fd8d7f42574a0ddac696a0cacdc624548e08,autoUSD,2025-04-09 20:28:23+00:00,6098.61815,1000-10000
Deposit,0xa5bd961ca275c97d15772b147271c9da97743bd4f1e4d6fdb5ec0e615122af3b,autoUSD,2025-04-09 20:28:35+00:00,49997.412248,10000-100000
Deposit,0x380f0940dec4423fe6c6efeebfc7294f2466556fb0e7ad67ae19fd21771f1ded,autoUSD,2025-04-09 20:33:47+00:00,21886.452505,10000-100000
Deposit,0x19d9102b45323416dcd28832726549ae36ff796f784bd1c32b9d97a72a798676,autoUSD,2025-04-09 20:45:35+00:00,1838.96992,1000-10000
Deposit,0x682cbe2257de05f6b4679add380e65b146f8124fbac90c08dc2763eddcae5d08,autoUSD,2025-04-09 20:47:35+00:00,11957.191,10000-100000
Deposit,0x621c845b20c709bbca8e1eef95d679806e294fe7e3e812c50f1263cf6c375a37,autoUSD,2025-04-09 20:53:35+00:00,75000.0,10000-100000
Deposit,0x1d248235f0b6fdc9655200462598f302ccf84a7cd5a5d62e5ab869fb4a0f26d2,autoUSD,2025-04-09 21:04:23+00:00,100000.0,100000-1000000
Deposit,0x9d433975499b32861deb5c0799a97c7809e7230d2c91110912bef2dd94b46e5c,autoUSD,2025-04-09 21:37:47+00:00,50000.0,10000-100000
Deposit,0xdeb0936272d21f4a48bc6c6e7bcfe71faa2730244d03f50e4f570d411d44bdba,autoUSD,2025-04-09 21:41:47+00:00,50000.0,10000-100000
Deposit,0xaf0d9687c632c4b436c33f2356ca396bb9535fd583d50ca68531ac48c84ce948,autoUSD,2025-04-09 21:50:35+00:00,100000.0,100000-1000000
Deposit,0xe5d5fb9ed67a73ce28b782cca0004ab480a7d8b9235c6c4cca3c3e427b908a71,autoUSD,2025-04-09 22:13:35+00:00,698.892814,100-1000
Deposit,0x1b421c32a9ecffe52bf6e0acf5afed13dbe1203a541f6113a5237b02f0efe8a7,autoUSD,2025-04-09 22:19:11+00:00,521158.122946,100000-1000000
Deposit,0xeba1546ce60f0514f9528fc3e28fd02be68d158ef1536f83d7cdbedaae595b1d,autoUSD,2025-04-09 22:22:59+00:00,1999.945462,1000-10000
Deposit,0xb7e606703832dc91c34ddc9ebae32bccd6142ea3c98d6fc65758c0124a497f45,autoUSD,2025-04-09 22:33:59+00:00,22000.0,10000-100000
Deposit,0xa61f5b2c37a632334c70b0a5e3d6a07b4d2f0162438e582a815170cbb57aefab,autoUSD,2025-04-09 22:46:11+00:00,20012.5,10000-100000
Deposit,0x2cbd1abdf47bec997cb28552b053e585b21f3a7d026cb6cf60160c18251d3af8,autoUSD,2025-04-10 00:00:35+00:00,203705.192204,100000-1000000
Deposit,0x87a5d0fabb7bc96f2184df25579a95c5021ae70e8cf0e5b521862eb71c3e5091,autoUSD,2025-04-10 00:03:11+00:00,3289.853073,1000-10000
Deposit,0x7b9df355e449dc0f63a5183fb1c2e35e895b03342f456385ea7b9a8418758941,autoUSD,2025-04-10 00:04:11+00:00,9999.924234,1000-10000
Deposit,0xcb8b29aacccd31ae5122dd2366610e464c9d751fce2af9a4b582ad598b9e260e,autoUSD,2025-04-10 00:05:35+00:00,49997.449999,10000-100000
Deposit,0x3df53c39971bed02b9aaecb0bd05a5a88bad51e8876d3dfee1abd837db46466e,autoUSD,2025-04-10 00:16:23+00:00,3116.2,1000-10000
Deposit,0xc7dc5968237ce4d951aba5914543fe23135d216e4cd32061bf0409c1bf4d67be,autoUSD,2025-04-10 00:32:35+00:00,4009.4,1000-10000
Deposit,0xe4e0984c03bab2028eeaa9fe2e1368784ca89e7ab8b50e03e76727c43a7447c4,autoUSD,2025-04-10 01:55:11+00:00,2002.291658,1000-10000
Deposit,0xdff30aad5a28600c9e55815a91f2a673a4350d1633cc806af218ed3773b6b6e8,autoUSD,2025-04-10 02:27:23+00:00,665.50062,100-1000
Deposit,0x5befb4f88942af0f62472492bce3810b88c63a68b44caf69b7f36a0fa61e2bf1,autoUSD,2025-04-10 02:30:59+00:00,20507.040459,10000-100000
Deposit,0x166fd91eda379a8a13e076a25d886c169d386af523b2731bb90edc17a87de188,autoUSD,2025-04-10 02:41:59+00:00,100000.0,100000-1000000
Deposit,0xff973fe90d160af8998b06ce928ff36369b855c1a52d98acfede71d01d67b60e,autoUSD,2025-04-10 02:49:35+00:00,900000.0,100000-1000000
Deposit,0x17f04da510e33bb169e9b5ed70f4d1b1b29faba05aa18bd0df06a2ae8ec4e95f,autoUSD,2025-04-10 02:51:11+00:00,1000000.0,1000000-10000000
Deposit,0x5c2744b7cb718c885d90abf67b7596451994b5a867bf3d35353f81cb16893c14,autoUSD,2025-04-10 02:54:59+00:00,199897.753927,100000-1000000
Deposit,0xb3a50f3ab9d5f2afb60e0605b1b19c3d0edd2ee6c972545670e85e40ed61e58f,autoUSD,2025-04-10 04:30:47+00:00,75837.190148,10000-100000
Deposit,0xf055e33b1b97ef19b33073497c37aa0ebe880027173496401a4fcab09cd1ff25,autoUSD,2025-04-10 05:03:11+00:00,144473.341422,100000-1000000
Deposit,0x3a3cd137c8e5b4672b0d646c792c1f3b68de2ec3c1262862dbf5af5e3cc099e6,autoUSD,2025-04-10 05:09:23+00:00,19998.734806,10000-100000
Deposit,0xf53e2685f82de6bf03e86c5885916a2954f2fbbba77ce34da676d79f12b235db,autoUSD,2025-04-10 05:44:11+00:00,21.751692,0-100
Deposit,0x7097b99076f5c2c5c5b2e1e75ae297d46d2d3372f6ed614aea619de07229e25b,autoUSD,2025-04-10 05:46:23+00:00,1000000.0,1000000-10000000
Deposit,0x89346989673ebf4dc6d786ed21e1d8bd7363cd14ea14d2bd0f924f591ce74691,autoUSD,2025-04-10 07:16:35+00:00,15000.0,10000-100000
Deposit,0xdda9699b0932676661c5cc5972ff4c74e9fcf20fc99fbf7cd67c7fd796a985ae,autoUSD,2025-04-10 07:40:59+00:00,9985.315733,1000-10000
Deposit,0x5c342b2f2a3fb3fe065dde59790cfecf9ca6d60582b5d9f839c0a7741f103037,autoUSD,2025-04-10 08:02:59+00:00,15356.130485,10000-100000
Deposit,0x038a418a2b587ea1cb89ccd2fe8faf4584f6f7adf87e53b89f3e2e95ae59029d,autoUSD,2025-04-10 08:04:11+00:00,50196.119902,10000-100000
Deposit,0x0f62e0e4bd92856e75974324b145c6f82058373d6e571203d86505ff6cb709f7,autoUSD,2025-04-10 08:05:11+00:00,99957.28974,10000-100000
Deposit,0xc2636672cfda2812f55595db7d5a1fcd65bd441f8dbe1890b35d0abfdf6e0d25,autoUSD,2025-04-10 08:05:47+00:00,99.535789,0-100
Deposit,0x36026be4bb5050ff4885de17700c87e0493b393c116de74e6e9fa190732bd3ec,autoUSD,2025-04-10 08:25:11+00:00,10000.203636,10000-100000
Deposit,0xb0a7871b9b0477521e1f494a6ec6a2c25ead206be050f69ea6c2569ed95a7a76,autoUSD,2025-04-10 08:43:35+00:00,99995.093321,10000-100000
Deposit,0x7a1c4da2e14bfc1b8885d7df47438d7c5f53583f07cc4ee074b19de6efbcccc6,autoUSD,2025-04-10 08:43:59+00:00,21311.085341,10000-100000
Deposit,0xa95eca3a6d07b549d051703f76f86096a61cf90a5a48531e58ab30d7a430929b,autoUSD,2025-04-10 10:51:23+00:00,294808.705383,100000-1000000
Deposit,0x66c7f222c53ac07ca22ed64c8723be5ecd044a1dc77f56dd3ab45691cea0978e,autoUSD,2025-04-10 11:07:23+00:00,303057.351077,100000-1000000
Deposit,0x1982e5334e7ab4bf3d3d06b166214fdf611b6aa72549f98742fe82f4d427b926,autoUSD,2025-04-10 11:09:47+00:00,7437.961866,1000-10000
Deposit,0xc7f353647fe6f5613ac6d7168bd032451257b7c3b2ae49e25c47229f7de91718,autoUSD,2025-04-10 12:33:59+00:00,1.0,0-100
Deposit,0x59896e23bb62d350a5ff44addd8d715cde78b5974521f990b66a07a5881ffdda,autoUSD,2025-04-10 12:34:59+00:00,1.0,0-100
Deposit,0x6bcf35cb74b6eb638ea9754ffc97063fbdd705bcbd793558ed3acf47aaafbc34,autoUSD,2025-04-10 12:59:23+00:00,521000.0,100000-1000000
Deposit,0x71e6bfc7a3efbfb737a5bd2defae12dac471ed8ace06ce6b4d6e2361f2234408,autoUSD,2025-04-10 15:30:11+00:00,76489.534671,10000-100000
Deposit,0xb823093180452a608f61f0425231edd2d749051232a78fa90419ce0edd527e2d,autoUSD,2025-04-10 15:50:35+00:00,334934.575985,100000-1000000
Deposit,0x1e3cecb13f213b1f688b1ba3e8cf4b285ead9e4c8b64405a42a13ff0bb770112,autoUSD,2025-04-10 16:21:35+00:00,19546.663708,10000-100000
Deposit,0x7ad9b5c49e473bb430c3f1be64b2882d09b21a8f06781f309d202f39cbdd18cc,autoUSD,2025-04-10 16:21:35+00:00,20822.897217,10000-100000
Deposit,0xdf58246d78823d63a77950dc2c862a17521d6cd8db3ae80b0ca6e5b16e506aaa,autoUSD,2025-04-10 16:37:47+00:00,14364.586737,10000-100000
Deposit,0x403b39b191ce45b145b62002ffb24180331981ebfe5bd17f224bf4071ea6d9eb,autoUSD,2025-04-10 16:57:23+00:00,75150.485507,10000-100000
Deposit,0xec84777665c735493b9745defb71be0d8ac0b5632aefa11d8f5d1e1cd986d896,autoUSD,2025-04-10 17:18:47+00:00,301220.038292,100000-1000000
Deposit,0x9b1e3e9e7b590ae7fb3b975e5abf5afa7e0bcfafcf67bc22d1e5000e4b336794,autoUSD,2025-04-10 17:31:23+00:00,0.1,0-100
Deposit,0x5abdd88c0e6c033a9cfa6f081c5894e55087a1399a14c1c09f7f176d751479f6,autoUSD,2025-04-10 17:35:11+00:00,0.1,0-100
Deposit,0x945321d33c17e885c549807b7b056c00ecc0830a16ae9ebbe7f0c4db3cae4fdc,autoUSD,2025-04-10 18:02:59+00:00,16632.94559,10000-100000
Deposit,0x9d1fc14e91b6f5ffd359a1fb78d7d2c6ca27fb737d82625ba436d1a67447a7ca,autoUSD,2025-04-10 18:16:47+00:00,100000.0,100000-1000000
Deposit,0xda6ce9bbb2758d224f72e378ebfbc100e177ebb364f1ec8717439342b496823f,autoUSD,2025-04-10 19:13:35+00:00,20000.0,10000-100000
Deposit,0xda20414131d4f2d90c0bb709e228e8df96f74f7613faae6e7878d060312edcca,autoUSD,2025-04-10 19:28:47+00:00,33618.553286,10000-100000
Deposit,0xd182480a5c04ac56718553daf2b08ca1e84d7412ee40a34930cc8a9ae375336b,autoUSD,2025-04-10 20:17:35+00:00,17759.147213,10000-100000
Deposit,0x6a8b07d486cf5cef54577ed4e26e4a9dda00102eb9a11b56d275e66dcddf973d,autoUSD,2025-04-11 04:29:35+00:00,5229.396709,1000-10000
Deposit,0x59e7ce24fa9a60fd8d42b95dfa3f0167922420eda3ef8aeb1e82dada5013602f,autoUSD,2025-04-11 05:28:35+00:00,8995.910538,1000-10000
Deposit,0x8b6e997bc1fb6c5eb9b01e3d504525ed0047fc30d72ae1ded9080d51f2d7d0fb,autoUSD,2025-04-11 06:15:59+00:00,45046.889927,10000-100000
Deposit,0xae8344b2e9494cccf378930b36eec264bf082c4602b1d76ecac244f64164d95c,autoUSD,2025-04-11 08:40:23+00:00,5000.253658,1000-10000
Deposit,0xf4f1107f05ed52736b96bde59017cdac519751ee768adbaa1bbc86592adf9c93,autoUSD,2025-04-11 09:29:59+00:00,20000.0,10000-100000
Deposit,0x81cc30efd242cc5f663370b92fcc4630aa9257aff92bc80c82b37dc76fa1eb0f,autoUSD,2025-04-11 10:36:35+00:00,21825.430684,10000-100000
Deposit,0x97e71533cc91cb6b02bf9567010e6959c6088fee336e2c4534afbd5f73609c31,autoUSD,2025-04-11 22:19:59+00:00,502.997061,100-1000
Deposit,0x119da24e38381f55d6f23d8260de516f6acf77dd5370281639587ada57ecff36,autoUSD,2025-04-11 22:55:35+00:00,29805.992057,10000-100000
Deposit,0xd2ff563f8f3a078823ab730212dda42beb6ecb7fd9dfe12380192e44d63e8e47,autoUSD,2025-04-11 23:38:59+00:00,100.0,100-1000
Deposit,0x3902a6d1c7bc01d251cdaa437bfd91b4e22730171aaf995b39d94733d930ae42,autoUSD,2025-04-12 00:04:11+00:00,300000.0,100000-1000000
Deposit,0x4a253a3e25ea65ade9632290e45105aacf7679636355d3852c7c623c9176b198,autoUSD,2025-04-12 01:24:23+00:00,204.27723,100-1000
Deposit,0x709c7ef0bdc46fcff106908e2f58ccabe835fcc2c097eac01d10a3804e2f2e60,autoUSD,2025-04-12 02:16:47+00:00,49911.219507,10000-100000
Deposit,0x44fd016123c2dda2115e66d9b2fec6bb12a5aa8d8ab2a260ab2f16e590f17a6e,autoUSD,2025-04-12 02:28:35+00:00,14.954736,0-100
Deposit,0x1accc05db5035c0a3f048a19cb80f2db6a85e2302931963054f68268566cbd28,autoUSD,2025-04-12 04:46:11+00:00,8390.0,1000-10000
Deposit,0x921ba1ca411693768e85d49ac76874a1f97530687128f7293ff05e1e1c320319,autoUSD,2025-04-12 11:23:23+00:00,29491.708732,10000-100000
Deposit,0xc859eadea51f0d588ed98c9b9c05e057797e54362468e16853a3233c7fee59b5,autoUSD,2025-04-12 17:19:59+00:00,39169.721042,10000-100000
Deposit,0xca06ccae1ef021c07f909caf9a1e12c54a7a006a75feeacd9521c6ab8dc54e7c,autoUSD,2025-04-12 17:50:59+00:00,2749.089522,1000-10000
Deposit,0x7fa20529e3e49e2189389cd6ff00c8e729dd724fd307ece7e0f9ce9219d14818,autoUSD,2025-04-12 20:38:23+00:00,20000.0,10000-100000
Deposit,0xfa408c59bd4f283cd0cb7b40116c812e0f24b442bb4e1090a0381ba4acdfb4db,autoUSD,2025-04-12 21:17:11+00:00,7000.0,1000-10000
Deposit,0xd50b33fe40c74156f7e5c1a8b8d13b3cbbbf57433dc70118749f4e75b8017b97,autoUSD,2025-04-13 03:33:23+00:00,50.763378,0-100
Deposit,0x15b37760556e3d0d1750c242b886679a1696ef29a582a6ea058e8b32d0b99443,autoUSD,2025-04-13 08:06:35+00:00,5598.424687,1000-10000
Deposit,0x666bc583cc8e714847faa1032674159806f6726e3cf0bdae777bfbb1bdad2998,autoUSD,2025-04-13 13:12:23+00:00,10000.0,10000-100000
Deposit,0x4b86cdf1a7cd129ad0521d986b32c1f1df10b17b300b0aeef64b221a23868cbb,autoUSD,2025-04-13 13:20:59+00:00,6402.629383,1000-10000
Deposit,0x882505d224234137523d442cfca0c454dc1c97652eb8b60bcb63b89966ec4f31,autoUSD,2025-04-13 14:35:47+00:00,14233.774385,10000-100000
Deposit,0x55920b5173d8b343babce122d22477b9738801e5cb0fe4c875f47f953bff7d21,autoUSD,2025-04-13 18:18:47+00:00,19036.681441,10000-100000
Deposit,0x8aed042e2cd155903f3ca445a86b97aa3c72be4a7d8350b056bbd52d6323316a,autoUSD,2025-04-14 01:06:59+00:00,5429.557343,1000-10000
Deposit,0xbb9130935f7f64a0120b05ee612abb076deaa309a3590b4f1898bf03e5a9b61e,autoUSD,2025-04-14 02:12:59+00:00,99999.330057,10000-100000
Deposit,0xa0822bfef3fde854e20683abcd1b537b3d25fdb2f7fe313eaafc506f0ca6a8d8,autoUSD,2025-04-14 02:37:11+00:00,99999.3257,10000-100000
Deposit,0x85760de8dd9404fbcd2a09f23b471869dbbb9225458217eebcb9487f66f0247a,autoUSD,2025-04-14 03:34:47+00:00,99999.32302,10000-100000
Deposit,0x59e1f5b012eb21d40b62c591091ec7c108be0d9d042dc3165976b546dcb742f3,autoUSD,2025-04-14 04:16:11+00:00,104413.079236,100000-1000000
Deposit,0x13cdb0b1beb2cb98241f3eeedd22b20578823123e8aec98deeafd12965bab800,autoUSD,2025-04-14 04:58:23+00:00,98.011684,0-100
Deposit,0x95bcb6f3f521cc7d81db9a0f60a4488b4a70279f1261c5ac1a0c51cac3054415,autoUSD,2025-04-14 05:43:23+00:00,67.274863,0-100
Deposit,0x8cca0a1627b0cb578dd50efdb18922e5d964a7a83dc4902f6cb046050866d1e9,autoUSD,2025-04-14 06:01:35+00:00,135563.168286,100000-1000000
Deposit,0x9f0219c3580fc0b4985f703a5ef13e898af840f0df8d7b52aed209bcdac8e3df,autoUSD,2025-04-14 06:44:47+00:00,5000.0,1000-10000
Deposit,0x111dc04b3abeeadc11e8bb9805bf15a31bbfd3353d82b011c7f6e46aafee4227,autoUSD,2025-04-14 06:46:35+00:00,15000.0,10000-100000
Deposit,0x269dbcef0084f048a7feeab5ecb37e6c43bfba3707a5d62058a4956b25eab29d,autoUSD,2025-04-14 10:59:23+00:00,113.45335,100-1000
Deposit,0x39eb77956ec28910d65cd5b995a082e353fa67340359cde8332db8f0c9f20cc7,autoUSD,2025-04-14 12:10:47+00:00,201595.181629,100000-1000000
Deposit,0xf7fa33a27b9f79bdda60710ee8cf0407f58560ca0c9ff445d0ae32f5c1d1ac24,autoUSD,2025-04-14 14:55:59+00:00,309.2,100-1000
Deposit,0x2c5dc9f47aef23819eb7603e25b88a9d21843886ba94b2dedaa7ac1bcd745fc9,autoUSD,2025-04-14 15:42:47+00:00,172909.842152,100000-1000000
Deposit,0xbca29fc088e87d0e1330c17d78d7710af45599dab6d3b4796b0b0ddb9bb7071e,autoUSD,2025-04-14 15:56:47+00:00,1257.768938,1000-10000
Deposit,0x72705ff463d60964dbc40371ebaf65724c951b35a8bdd35bf8653f611ee9cba1,autoUSD,2025-04-14 16:20:35+00:00,200529.40513,100000-1000000
Deposit,0x45cf6bf9c74f52b7fe6ea32ae6d66e590ac301019e890b69e5819693c32c403d,autoUSD,2025-04-14 17:47:11+00:00,333218.633293,100000-1000000
Deposit,0x85b4f8353b924ef3f9dff1625dc4edf70834d01c17d804ef1642a6fe0b17751b,autoUSD,2025-04-14 18:36:47+00:00,7499.0,1000-10000
Deposit,0xa8bc93557217e2badfacc42a5725a8f611a1b0220e968406e2426cce152003b8,autoUSD,2025-04-14 19:32:23+00:00,63540.307649,10000-100000
Deposit,0xd3e076eca6e88824660491614baa9ccae732704269d59b95dfb65105386c0358,autoUSD,2025-04-14 20:14:59+00:00,27576.046185,10000-100000
Deposit,0xe19d0bd69fa44c4f70c807b7f76bd3d37f6c144cc532cd6a68980c2b7ffcea36,autoUSD,2025-04-14 20:27:47+00:00,11.04,0-100
Deposit,0xff8475bd8998eba75627751fc55c332fce1dd2147f38e65724496fa77e514cc0,autoUSD,2025-04-14 20:34:23+00:00,2478.497367,1000-10000
Deposit,0x988d50e8245927396dfc73cf69a45cc095dc399ccefd8c41618fde325ca22b70,autoUSD,2025-04-14 20:42:59+00:00,100000.0,100000-1000000
Deposit,0xacfde8d0ff386c98ac84626078bd88f698ba5d2c0dfe1c8e6dfc839fb8313269,autoUSD,2025-04-14 21:24:35+00:00,596.16808,100-1000
Deposit,0x148894f09c96fcb69832dd72eb7e3711321cb2667dd197fe8e2fd6c8c562094b,autoUSD,2025-04-14 21:28:23+00:00,9236.0,1000-10000
Deposit,0xfd225732d644e1b6fcac9e0c97717b8b6f6855461d7023481e0fbf321ee8bb41,autoUSD,2025-04-14 21:51:47+00:00,2911.458852,1000-10000
Deposit,0xbd41cd95a9f459ab9cf5d2236ee6226da32e4c9ad9c1755151f7d5f6beae1d06,autoUSD,2025-04-14 21:53:35+00:00,299.33746,100-1000
Deposit,0xf091dc0f49fa6618fe686be324ad928fd86e8f708e991122a78df805da250144,autoUSD,2025-04-14 22:12:23+00:00,299999.328128,100000-1000000
Deposit,0xf9f608a7f1f5becd908018f1ba992a4f20d2b7cee21563966700b2722811d9be,autoUSD,2025-04-15 01:14:11+00:00,41587.657,10000-100000
Deposit,0x30250af16c3b6ec2cf8f6a3704ac060e6a46c26d50fc232f4ddb14945afdda58,autoUSD,2025-04-15 01:29:35+00:00,25167.411747,10000-100000
Deposit,0xd418bfadb6defff26b216bc8efa995640b49d7288d1eb4c57e768097ce73239d,autoUSD,2025-04-15 12:03:35+00:00,216382.523195,100000-1000000
Deposit,0x8564d14398f174296356abbf10c63326cb2ef0e9dd54922656ea130a30802331,autoUSD,2025-04-15 12:25:23+00:00,0.5,0-100
Deposit,0xce1e1f7334487036cb7047a70dd3250c82c76b121571e6192f50dd9d0a15f4b7,autoUSD,2025-04-15 12:55:47+00:00,24126.711205,10000-100000
Deposit,0xefac040c725a17c3c24adc73d91cbea196615a15c4cdfe4a415b8d133efee267,autoUSD,2025-04-15 13:27:11+00:00,45472.278576,10000-100000
Deposit,0x7b7c63dbcf74ee6ea882998647da1eaaa4dc8d8e8ca0e6e6557b9a91a4f49f7b,autoUSD,2025-04-15 16:43:59+00:00,100.0,100-1000
Deposit,0x15cba85802ae76a74dabf0a04efbfdfa24c7dd4e8b161a713bc265596d9b7e63,autoUSD,2025-04-15 17:08:23+00:00,199995.3095,100000-1000000
Deposit,0xda71709823f4731f5bcb38fa5b8308ecbc0f67d21910e837f11e04ea100892ad,autoUSD,2025-04-15 17:45:47+00:00,34000.0,10000-100000
Deposit,0x0d45a6d43ffc81b2367782f914951f4f21d0a7630022c4178ab4c06c45eac62f,autoUSD,2025-04-15 17:52:59+00:00,9818.340912,1000-10000
Deposit,0x8bc532ec62f5b6ec1e8a50cb422d1e004c8bad0f730b615beabc6281d4849c4e,autoUSD,2025-04-15 21:18:59+00:00,1001.0,1000-10000
Deposit,0x9c9ae752eb0f6921086ffe6a4a69889ec4e169a9277b535740bf80722d113ff9,autoUSD,2025-04-15 22:39:59+00:00,32627.669453,10000-100000
Deposit,0x9a3b408ef7ec50b8d45654376c08b767015fdade68673cd0cc75a3f2c6e06c9e,autoUSD,2025-04-15 22:42:47+00:00,50.0,0-100
Deposit,0xd99c9266bb18ddad0e324f6fdda9f015f6457b9b383d6614639ae33b7571aa05,autoUSD,2025-04-16 08:11:35+00:00,11111.0,10000-100000
Deposit,0xf3e7e6e427a4cb6c713fb371cd93b85c3edce33d815c5b8f2e326d4ed150419d,autoUSD,2025-04-16 09:06:35+00:00,100.650033,100-1000
Deposit,0xcd3486834796b895ea5e0cbc196225ddda2cf15dea5b14cbd1809038732799b0,autoUSD,2025-04-16 11:33:23+00:00,15.782373,0-100
Deposit,0xda661c6620520d7e0bf15fa5ce8c8a3deb7ab0a89ed8a9dc2bfdd517ba07ba56,autoUSD,2025-04-16 12:44:23+00:00,15.775327,0-100
Deposit,0xfa7934e96feefb22159285b9015e4f2eefc650c4b770da732ccd3c6b83148ce3,autoUSD,2025-04-16 12:57:47+00:00,15000.0,10000-100000
Deposit,0x6144e41bf31530532e92c60b952d270c27ff27e722a7d931f9d80abb710c2791,autoUSD,2025-04-16 14:12:47+00:00,30.5,0-100
Deposit,0xcb5db583c1626e88e26421bbed2be7020a19ecd32a21d1b7480dba78a89ba746,autoUSD,2025-04-16 14:13:11+00:00,9956.316187,1000-10000
Deposit,0x94c7930f16eb548e7aa5a69542a170af5a4aff739633f2de9db1c1f30f39bf36,autoUSD,2025-04-16 15:11:11+00:00,62690.642486,10000-100000
Deposit,0xcec8a8078703764772f3f6262ce24d6fd3215cb8543612313b5f95ce15098625,autoUSD,2025-04-16 16:14:35+00:00,11204.018415,10000-100000
Deposit,0x9c39613c8be55127304eb7fa98b72e17d042bf83850400fdb40adce39d0ac38a,autoUSD,2025-04-16 16:34:47+00:00,420999.744235,100000-1000000
Deposit,0x90dbcdf1f4e11ae1986ff69b990194e1fe3586d1d056329d6931a02a3134c92a,autoUSD,2025-04-16 16:38:47+00:00,32499.344759,10000-100000
Deposit,0x2421f668600d7fca24ce019ca6ad8b98a3eb09182bedc9bb47336869a1592f5b,autoUSD,2025-04-16 16:45:11+00:00,1700.547683,1000-10000
Deposit,0xaf983cc619aa0ef1f554f92fb80c71e3a812bcdd2e46bb2e46c3f9b3b0202e9f,autoUSD,2025-04-16 16:56:59+00:00,207700.388444,100000-1000000
Deposit,0xa47b5860cef954b4584026fe942bf51de13161d8444630b5867f54c0a39d4b0f,autoUSD,2025-04-16 17:03:11+00:00,712722.355646,100000-1000000
Deposit,0xaa93650e095d1baf117673eacda1cc354d6ce7a3780fc4f53dc30647aabef865,autoUSD,2025-04-16 19:25:47+00:00,142.202784,100-1000
Deposit,0x2bc774e55106416226ba3264cc9f5e903d80a292e6062131ef32f36cc95cfedf,autoUSD,2025-04-16 23:44:47+00:00,848486.236725,100000-1000000
Deposit,0x0e30ddc7f0c60c648192ba8b3c9faf439d7f4a847e1fdaacbee9ccbf13ea1e63,autoUSD,2025-04-17 01:57:59+00:00,31833.11931,10000-100000
Deposit,0x27c74adb86dbb2f48f25e274cc1d12fb6d1f8c3e46d17083cf86e17e514b4e57,autoUSD,2025-04-17 02:16:11+00:00,5515.6,1000-10000
Deposit,0x4cd18b8e825874915f9e1ce2a5d47a6ea12a4b5a267c204345baa94b7ae7c860,autoUSD,2025-04-17 02:44:23+00:00,3221.0,1000-10000
Deposit,0xe7f884501098f7c42df537ba9d410a97dec9b61b98b209118a4ac0bd2ddd7ee6,autoUSD,2025-04-17 06:43:23+00:00,1082182.883894,1000000-10000000
Deposit,0x975d756d5832f77dc5825a80fa3de8431dca114e6a0dfc0c631399cb75adb3ba,autoUSD,2025-04-17 07:03:59+00:00,297199.676677,100000-1000000
Deposit,0xa5e0054239dfa89fd3d4c103c1dfbecaeb64aa08169544ee625727a24064cef9,autoUSD,2025-04-17 08:08:23+00:00,5.0,0-100
Deposit,0x22a8b3b277b596c521befa108e00909f2a3e7528f0f417a509465de7f671401f,autoUSD,2025-04-17 10:05:59+00:00,0.2,0-100
Deposit,0xe2bfe94e30a6a52d04e0cb130a387e45ecd56b757c1414eb9935c590e290ce6d,autoUSD,2025-04-17 10:09:35+00:00,840.191969,100-1000
Deposit,0x4e84e2130abebf6db2c36d40144853dc627e0622910669d7c07115666d0c539d,autoUSD,2025-04-17 13:43:59+00:00,3.0,0-100
Deposit,0x5f13d5b578eca5ad4d1978fd67142e2dd763322f6fcf7621c1232d97b8e61031,autoUSD,2025-04-17 15:18:23+00:00,183152.925843,100000-1000000
Deposit,0xcea0957dc17736d5d839ceb6f99e14a0ef4ea096a92c1d6f54e068d35424eb5f,autoUSD,2025-04-17 17:06:23+00:00,49864.26049,10000-100000
Deposit,0xb9297dca1e81654bffd373c161dd5dfaa18b3483d1a68daf7d03cb1e09759e2f,autoUSD,2025-04-17 19:02:59+00:00,1134.56857,1000-10000
Deposit,0x5b6e31cb553b4cf28a4c4378fd107c021d58eb7dacc9827ec4a5aacc4951925a,autoUSD,2025-04-17 20:40:11+00:00,9.632101,0-100
Deposit,0x0859c1ea23b86529cc757d5da32e0c2d1703a5eebce1a4d71571654100d3d279,autoUSD,2025-04-17 23:54:11+00:00,32100.0,10000-100000
Deposit,0x42f831e850db1c64e9a4c31ea4a3eda6d7e89c83882b36df8ad518c470b6ea42,autoUSD,2025-04-18 07:49:59+00:00,50000.0,10000-100000
Deposit,0xe289d1b6916174318a46812023811eb84a3f98657e98ff488181735436b5d767,autoUSD,2025-04-18 09:05:35+00:00,60329.797583,10000-100000
Deposit,0xa05d026e88024b55b1df933214193c9a50e6bc4afcd8c4a4b10ef6d50c95d175,autoUSD,2025-04-18 09:30:59+00:00,33927.18071,10000-100000
Deposit,0x5ad4d383753dc9ca86b48742c7acefe927332fdc16fb0989f6a47f010976a50e,autoUSD,2025-04-18 09:35:23+00:00,85380.986496,10000-100000
Deposit,0x8bc78b9a8d8765fe80b9c35e1c4228d4c4cf4b3f3b71d652f6bdd86b78c0b087,autoUSD,2025-04-18 10:31:59+00:00,254556.840124,100000-1000000
Deposit,0x8d98184a02ca71f22cc3dc31791a2cd585051502af2cc561fe4fdc6f246c9f43,autoUSD,2025-04-18 12:45:23+00:00,1877698.927712,1000000-10000000
Deposit,0x1be2f889e0b0aa3d4305c7d8fc26a94ffe008109658b15b9f40fa465dedaa809,autoUSD,2025-04-18 14:21:59+00:00,1875973.187481,1000000-10000000
Deposit,0x8a16a4dfebccf2d6656cf82f002c1bf45d41689abfdb45d0a07fba57d3a71275,autoUSD,2025-04-18 14:42:23+00:00,106.327585,100-1000
Deposit,0x843ae6806218efad7c15645d5ba936c28eac16ad57fdd87004288cf3030996e5,autoUSD,2025-04-18 15:04:47+00:00,1227.477867,1000-10000
Deposit,0x18b4e3072b4b5b364412d0dc6ef7c63dc2cbd04be14548336e1386275af7e9bf,autoUSD,2025-04-18 15:36:47+00:00,10096.946842,10000-100000
Deposit,0xd9e6acfcec7535028ac9f81b58dbca84afc9a08dfc9ce60381368584ab9abdb1,autoUSD,2025-04-18 16:15:11+00:00,3500000.0,1000000-10000000
Deposit,0xd9fc7750b0eb74b769916bc6aa2a6bd460aab0d49fc8a02ef7f827f7b3de104f,autoUSD,2025-04-18 16:37:35+00:00,515362.479265,100000-1000000
Deposit,0xb0b4b515d024c084fa37061ab1bba5ed0e101ffa1438f91f380c83bfaa02a49e,autoUSD,2025-04-18 16:39:35+00:00,125924.047541,100000-1000000
Deposit,0xe4cbf8c01c1c98498ffef79a257da05a5b34b1d4d5be16790066611f513a5103,autoUSD,2025-04-18 19:04:35+00:00,50.0,0-100
Deposit,0x5b3c6653bfbab4d102d89ceb66e498232ba262c88bffd0190d519f22ba3e79e4,autoUSD,2025-04-18 22:15:23+00:00,20000.0,10000-100000
Deposit,0xaa04a89a2ffb90c1ec51c67d6ff6c0477104ffde6a046a8974f76638c6bca57c,autoUSD,2025-04-19 02:09:59+00:00,11000.034758,10000-100000
Deposit,0xde30a1c4f695ca252a0bb88228178509b2992df2bcb7279857af4046cec82ada,autoUSD,2025-04-19 02:19:59+00:00,441.911755,100-1000
Deposit,0x97af335bffb4d50e0211ca68b075fc39118f2d91ff58435065e5b22cdeb4468b,autoUSD,2025-04-19 02:27:23+00:00,750.0,100-1000
Deposit,0xfd943207d89c4a82e50d974957cc1e1b17892db08387fad7ba04b4452839d388,autoUSD,2025-04-19 02:46:59+00:00,20015.0,10000-100000
Deposit,0x484d805601c10bfeb8e1425d521a9d9b533afc21413b05611d124aa85f378802,autoUSD,2025-04-19 15:56:23+00:00,100000.0,100000-1000000
Deposit,0x1977b093f09c46c5cb53477ec148a4441ab448b003a1b8400372e86b9479427a,autoUSD,2025-04-19 15:59:47+00:00,4000.0,1000-10000
Deposit,0x1e753bdd97a89b9c5d900500756b126921b304095489390402cf3d2280181fcc,autoUSD,2025-04-20 00:05:35+00:00,149464.198861,100000-1000000
Deposit,0x150fad78353e91e5dab40cdff83ab426a8d97625f56e23f476f12fab555044f5,autoUSD,2025-04-20 01:46:35+00:00,27375.66902,10000-100000
Deposit,0x36c2889aaa3fba1a9fa41150719453232039c3c255a8d3425164012f177f7db8,autoUSD,2025-04-20 05:37:47+00:00,68753.5,10000-100000
Deposit,0xc185332776a3b8b2d4c502de6c9379511448171b54d1f29c3061d3c18b05aeb1,autoUSD,2025-04-20 12:39:47+00:00,37857.468641,10000-100000
Deposit,0x26b47da77ebd1f2fb9fba2d75e0bed7eee97b3a0f071a7bef7a7449056928900,autoUSD,2025-04-20 18:06:35+00:00,150000.001999,100000-1000000
Deposit,0x7c20b65dfaab0b395dc6685f4dff326022e4e0850cb8cd85a0f297f96ff8b00c,autoUSD,2025-04-20 18:16:23+00:00,11091.851522,10000-100000
Deposit,0xad4bc74bc982024efb1dd81eda842c9a5c03da8a70339e3e4893788428e09573,autoUSD,2025-04-21 04:07:35+00:00,623.515233,100-1000
Deposit,0x42ed45ea61ac1879c28c0e0c7c9e437dd4c138a2559b5eff761485c2ca4ea2e1,autoUSD,2025-04-21 09:13:59+00:00,10000.0,10000-100000
Deposit,0x34ad7d8a5cd770e2ba3f4140513865602b65199380d1dcfa1c1f387553feaa62,autoUSD,2025-04-21 09:48:47+00:00,14999.215451,10000-100000
Deposit,0xcc4d57ca9b91b269035aeab1508e04ba7c19f7e46cedd66f657594a2a1d632c9,autoUSD,2025-04-21 19:52:47+00:00,100000.0,100000-1000000
Deposit,0x1542092b5d3419f44bb8e43ff07bae3e70376093514149cd94ad8a1575d24cb6,autoUSD,2025-04-21 21:09:47+00:00,2.061657,0-100
Deposit,0xec26dfff5c78e7aaed5a43f47c4b6175adcdad3ebc84d3136181ae73131591d2,autoUSD,2025-04-21 21:11:47+00:00,1.030759,0-100
Deposit,0x6e830027a4c60bfcfe4094ba628347dfa1241856d24f43c4fefa011286ac1d93,autoUSD,2025-04-21 21:58:11+00:00,5.00014,0-100
Deposit,0x48a5f32a2d20304ea7283a33e6cb4f322fc4a6cfc213f0e7319fe3b5545aebeb,autoUSD,2025-04-21 22:01:23+00:00,5.00014,0-100
Deposit,0x94b4b503642e3b47e48c63979c5845e515000a6cb34fa280e2e1be5155d8e0fa,autoUSD,2025-04-21 22:26:11+00:00,3.510082,0-100
Deposit,0x1ccf376f48909aee895986d7b29f2a2450777bfdb6a308580d1f4ef4f0d1901c,autoUSD,2025-04-21 23:03:47+00:00,1.030894,0-100
Deposit,0x5ef6fe915909a2d0d54cf9badadbf27c46dc35187d0ae35306d07b312c5b8fb5,autoUSD,2025-04-22 08:49:23+00:00,5.0,0-100
Deposit,0xc98464c0cd3c7832269b7ad3ac554648988b0a2d129572cd925301e64cc077aa,autoUSD,2025-04-22 20:10:23+00:00,792.12,100-1000
Deposit,0x6085ff76146a6c01e1d50c07baedb31428d7669a4f1862c64b2e2f89c0d39b04,autoUSD,2025-04-22 21:04:47+00:00,4.985198,0-100
Deposit,0x097824e222a5eebe06ed32efcbb89178063664610c451e1e388ed993d1696826,autoUSD,2025-04-22 21:07:59+00:00,1.000537,0-100
Deposit,0xd3b2d0baf3f3529189c9a9cc1dde1931c7b22b2d0e91e28cfee40a123fb88c6b,autoUSD,2025-04-22 21:22:47+00:00,120.0,100-1000
Deposit,0x8f86898443c26e6317c3af849436cd8e3b035ecebd102645515f2b4f3c2648aa,autoUSD,2025-04-22 21:58:47+00:00,1.98874,0-100
Deposit,0x6759ece3364e3ee2cb475c83db603b46cca04856ba643c6dacee9b848a4352ed,autoUSD,2025-04-22 22:04:11+00:00,17.006538,0-100
Deposit,0x6c5c01dc2eb70919dcbf9acf78f45d1e4746edbb80ad9f95f71c9f070208fa37,autoUSD,2025-04-22 23:32:59+00:00,1827.589895,1000-10000
Deposit,0xeb23db865512858f9249bb2051eabb6082b3cc66d803f90a3b55974c76f01138,autoUSD,2025-04-22 23:57:11+00:00,500000.0,100000-1000000
Deposit,0x801490e8a556f6eb24aeef6132b45049cbe5e37fefdbf63800f115632f46bb32,autoUSD,2025-04-23 00:14:47+00:00,15010.103453,10000-100000
Deposit,0xf1eb356c930b19b282261fa7d826c8d8252ac57a33706d08225ea22f4b002952,autoUSD,2025-04-23 01:04:23+00:00,2500.47146,1000-10000
Deposit,0x8933c58c584d4482ae8e084cf615411d1b79995965a4336acf7466f79e89fd56,autoUSD,2025-04-23 01:11:47+00:00,30730.182825,10000-100000
Deposit,0xc884364c12a7ae721e3edd4364c2487828a1c486a0ce33b156198f29654c9383,autoUSD,2025-04-23 02:41:47+00:00,4999.988067,1000-10000
Deposit,0x99042fd15a84157047c684d00e56ad37ad38ab4244c2eb7f6d15e400264b5354,autoUSD,2025-04-23 05:40:47+00:00,36203.63,10000-100000
Deposit,0x529dd0cdb235cfe58d823577cd5e513ced7a098a357b0d4b64876100cb873ba2,autoUSD,2025-04-23 06:23:59+00:00,118103.698161,100000-1000000
Deposit,0x8a6848139e95e8c34b556925db0637b2cad552d3b545f85bd1e85480518eba5b,autoUSD,2025-04-23 11:42:35+00:00,4687.548543,1000-10000
Deposit,0x7b8df374c64feddcf573bd63158b456b69ee40d271e1ba17bb3978a0501167a6,autoUSD,2025-04-23 12:41:23+00:00,3.629751,0-100
Deposit,0xf3e051fec4bff707d7f8f44eeb347a6b0c9fc1ad0ae8f7467b89c73035cbc034,autoUSD,2025-04-23 12:42:35+00:00,1.000211,0-100
Deposit,0xde715099be90b7a4655632bcbd103363f58a945899d2254b7404c473653e8fbf,autoUSD,2025-04-23 14:03:23+00:00,594615.770733,100000-1000000
Deposit,0xdf92ae4eb4cb5b87f07a8d8d7f9d9c46a085f387ccbac295853e79ec1acf9e40,autoUSD,2025-04-23 20:39:35+00:00,1.0,0-100
Deposit,0xd150087fac94bcef49fd02e208a6d526dfc0e9c20c1acc808618241f08a31579,autoUSD,2025-04-23 21:12:23+00:00,5.000637,0-100
Deposit,0xd60c0979fdd089f0565030e015b70535de57af78af81883595c3cdd731f38d83,autoUSD,2025-04-23 21:22:35+00:00,1.000129,0-100
Deposit,0x1b7f82e07b2c4e2ea25e0dd83c87851591c1beefa9fd154afa34d23d358c02f6,autoUSD,2025-04-23 21:23:59+00:00,5.000666,0-100
Deposit,0x5c6afa48d9c1111d2dd463d89303dd8e4c17df4087b3bed506ffba59fa673cae,autoUSD,2025-04-23 21:36:11+00:00,17.98745,0-100
Deposit,0xc2c2a56d164b97d4d502e206f58b3f641d243b8e65eafbef14ada7461f519544,autoUSD,2025-04-23 21:38:47+00:00,17.946095,0-100
Deposit,0x9ff36ab389142c2ef04e024c8a97a8a103a35e89c09e3170adf95b8dc953c2d5,autoUSD,2025-04-23 23:18:59+00:00,1000.0,1000-10000
Deposit,0x69899559380d83994f9507c2fce27b62c19bec12ff0a572a31a24070ab922314,autoUSD,2025-04-23 23:41:11+00:00,1833579.614701,1000000-10000000
Deposit,0x560240c11e66aaaa41c8c26aad0dae523f53a482d1d9ad900908654335c55445,autoUSD,2025-04-24 01:27:35+00:00,34977.301398,10000-100000
Deposit,0xf932a95eef413a7575a2f9123cebe08ca353c7be591879539fa811fa35e5bc66,autoUSD,2025-04-24 05:20:35+00:00,5151.182176,1000-10000
Deposit,0x0cfdc1e5d7ae67cb35b25f185d397874caa93f6b1d573102c43ee95c93fa81d1,autoUSD,2025-04-24 06:10:11+00:00,6000.0,1000-10000
Deposit,0x0be65824b72493aaede76760b1c2e031f1be951b069e053121413c0d7b0f71d4,autoUSD,2025-04-24 08:17:59+00:00,2324.672033,1000-10000
Deposit,0xec236572cefb6dba88cf121d305269fae7160ada37846ea91e84af2e9d8ae133,autoUSD,2025-04-24 08:57:59+00:00,1248877.630136,1000000-10000000
Deposit,0x9bbc79dc385520a2ff12fb2575c0cb119b4e928bfc0233bf17c53e55f0180266,autoUSD,2025-04-24 09:53:59+00:00,86121.126834,10000-100000
Deposit,0x14de8a50cd67dffa617ffa258de6aaecdf088809ecd51868e02a6d5eca3c1841,autoUSD,2025-04-24 10:00:35+00:00,4998.8,1000-10000
Deposit,0xa37e3bde0befa4e52671aedfa050968f91ad2d70fcfde02e066f532bd0d66430,autoUSD,2025-04-24 11:26:35+00:00,14999.746914,10000-100000
Deposit,0x464b01778d55f705d89a9bf00d7b415165430f14170ad8202f359c8a9d5a7366,autoUSD,2025-04-24 11:57:59+00:00,100.0,100-1000
Deposit,0x6e17c6709eacd8102c6685e60595fa583b9df81416c0c885ed41aef055df33ea,autoUSD,2025-04-24 11:59:59+00:00,29151.317883,10000-100000
Deposit,0xcf9df822f292ef0de899f39dec80e790797fc37690e153c8ae1aa586cf1cb216,autoUSD,2025-04-24 12:09:23+00:00,5.0,0-100
Deposit,0xec28531f0b7cea99ede5d843f6786a9eb9812777f8b9f283fc69bf4d50d1871d,autoUSD,2025-04-24 12:12:59+00:00,40000.0,10000-100000
Deposit,0xf010739ae7ef70d23ac78737038416027d0c6545edbe17fbeb557a59399fe71d,autoUSD,2025-04-24 12:15:47+00:00,50000.0,10000-100000
Deposit,0x3afa6f052d9449c06cfb3578b3f442586f1c300f90909c460dd71bb6e10ab1c5,autoUSD,2025-04-24 12:24:23+00:00,15000.0,10000-100000
Deposit,0x274125e02ae71b569404a229cead67b684859665c0f2a6abae065db12b165578,autoUSD,2025-04-24 14:29:23+00:00,12.047429,0-100
Deposit,0x935b418be45ea22874d9af52366810841e72a107518f5ab4bf5064a3ec4d4b3b,autoUSD,2025-04-24 15:12:35+00:00,1.0,0-100
Deposit,0x7be10ee0dad76a175ec903c82ce83273f5edcefb4c6746090ee218c65411b616,autoUSD,2025-04-24 15:26:47+00:00,0.011268,0-100
Deposit,0xe9db86b79fe1a894c427732e82d9d43aea124c2d1924558cebf34d3d2331c121,autoUSD,2025-04-24 15:30:47+00:00,12000.0,10000-100000
Deposit,0x8cb8c1f610a9dad187e2e1d0482c3a0dc245c82fb7d8c639ab22a7a283aab4a8,autoUSD,2025-04-24 16:28:35+00:00,1533.864398,1000-10000
Deposit,0x4b6201702ffb3b246105ba794f2b7a661e8d645a8d7854b6b1a48f81ae0760af,autoUSD,2025-04-24 19:21:47+00:00,1.174467,0-100
Deposit,0xa2642b09b1d04c27647ba4b087da2a33d87b4a51ce15b609710dc7041fd969ea,autoUSD,2025-04-24 19:41:47+00:00,2.261872,0-100
Deposit,0x1582abec5aa274697cb5b8b434ae2ee6d1f6fb7dcea05f78d2a295166e28d063,autoUSD,2025-04-24 19:42:35+00:00,1.132052,0-100
Deposit,0xb84beb348bc029d735fc6649577372b66d48c99589084ddd25010d2b01ccfa5e,autoUSD,2025-04-24 19:43:59+00:00,1.153221,0-100
Deposit,0x7dcca5e6c1b966c2676ca529ae479b862fed164dbe3fe2a779578180ee367eda,autoUSD,2025-04-24 19:46:11+00:00,4.283096,0-100
Deposit,0x01a3aedb3317bf3b12879396177693b1d986463d675aab89fe4831d7a1254f39,autoUSD,2025-04-24 23:01:23+00:00,4793.6,1000-10000
Deposit,0x193e7a0dae59c0bfdf7cae8f5cf52a2213bbeb4215bb2f64714e1bd8f936a374,autoUSD,2025-04-24 23:24:59+00:00,15001.198585,10000-100000
Deposit,0x98aab2956cb04503188d536b206d245e8376a7aa8f7a5e158d33fbc5e87cf834,autoUSD,2025-04-25 07:50:35+00:00,76632.991387,10000-100000
Deposit,0x171bb77ae1b199ba2b750468494ab6273c2b0f7bb8cd43588a7bffde87e6027d,autoUSD,2025-04-25 11:20:11+00:00,50056.502907,10000-100000
Deposit,0x681cea78c717c8a007e6cf942dff9a66f2f077dceefbeb2aa2771ee8f5da88c5,autoUSD,2025-04-25 12:46:47+00:00,381000.0,100000-1000000
Deposit,0x1e881cb875de48dc61aa2584c95eabec8a38f533ac9ef21e24105c0ec4eac70d,autoUSD,2025-04-25 19:23:47+00:00,10.0,0-100
Deposit,0xf0b6cc662e48c29b9d5851000d65e20d9a1922229c5e0fcf6bf2f6cf715e72ff,autoUSD,2025-04-25 20:54:11+00:00,18115.660708,10000-100000
Deposit,0xcf5e98f22eff2680abfada5135532fecaad9f9a909131d05dc0fda2048705ef1,autoUSD,2025-04-25 22:15:35+00:00,1001.0,1000-10000
Deposit,0xa5fce703e12bdf370ef587fc6fdb225af8fda9f89b291bc5c2f2285fe6ceafe1,autoUSD,2025-04-25 22:54:23+00:00,10098.8,10000-100000
Deposit,0xecd2d524d7c474a441bc14c87900989519d2e18c602f4fa424e259f6d34e1733,autoUSD,2025-04-26 03:00:47+00:00,20000.0,10000-100000
Deposit,0x227802d3e21763519592b6470808022b2e34ff186f777af5fad55e2e00fa46ea,autoUSD,2025-04-26 03:33:23+00:00,462.857498,100-1000
Deposit,0x4098927df61b2a09627323c28deb1726191be1b752d350f6216f11886401b504,autoUSD,2025-04-26 12:40:59+00:00,50000.0,10000-100000
Deposit,0xd649629d5fe95279f9d2e0ebbb64a6c114511e5882aa118afbdc30c9b366e580,autoUSD,2025-04-26 14:29:11+00:00,1775.80115,1000-10000
Deposit,0x8eec3088c65a9dbab1954dbf07e0b1afd34e8b9f3d0af90e26558dac2bde1bd8,autoUSD,2025-04-26 19:05:59+00:00,5004.969449,1000-10000
Deposit,0x8be358f3e7dba465025299e0ed5e47ca8a1da2eb4289fea71951ead2d8d5dc0f,autoUSD,2025-04-26 19:10:47+00:00,505.0,100-1000
Deposit,0x21fcd57663e75c691a2ba0bad939336afe18daea9df795ca0e4b1e2755a49f8c,autoUSD,2025-04-26 20:08:47+00:00,19500.0,10000-100000
Deposit,0x413b22e89498d98b4111f22329d67bcb8075c5de251769e41d45e026a73f188c,autoUSD,2025-04-27 01:42:11+00:00,1794.898441,1000-10000
Deposit,0xbab768616c2e2966d33f6deebba11aa6a218e4133a819ff59f55de021f25f646,autoUSD,2025-04-27 03:31:59+00:00,1878.180803,1000-10000
Deposit,0xf37c750c69bb29424daa5bb5adc3a45f0534901417334dc67c57beebfee7b22f,autoUSD,2025-04-27 09:21:23+00:00,100000.000008,100000-1000000
Deposit,0xb45b092554497a37adedfdd6aa7fec14d5b580469ebb32ecd72a762c13d882ad,autoUSD,2025-04-27 10:10:23+00:00,1878.206639,1000-10000
Deposit,0x41d815da6c0e766adf6e598ef6c7d383cc09726b92e35d1ed53e61fa5b35116e,autoUSD,2025-04-27 11:52:59+00:00,42.165595,0-100
Deposit,0xfce7a36a0405a8eb83cb2e40aed9c67e9f27f39eee5b9973926b7197a61987b7,autoUSD,2025-04-27 14:23:23+00:00,3757.141325,1000-10000
Deposit,0x539aa61b25d076b5771d4a03129936b3956703c5953d1d5d8a7b371acc2bf552,autoUSD,2025-04-27 15:42:59+00:00,24359.85064,10000-100000
Deposit,0x9b0b12851d54ec68c097318ddf3b56a4fdafaab1b70443184f7a9938f084d313,autoUSD,2025-04-27 17:01:47+00:00,6222.353886,1000-10000
Deposit,0x23f2a76ce2c52171c1ebff8c9d7b24ca977de872d4ce4ee1456f600a0412892b,autoUSD,2025-04-27 20:22:11+00:00,499.674823,100-1000
Deposit,0xd4f80206760a5bcc085e97bf15ea41a5e429c208d09ed75181943ae10a603ba8,autoUSD,2025-04-27 21:48:47+00:00,75.457077,0-100
Deposit,0x985eb1aae2e0a5c32ee733af89b797629b140c63ae037eb96f7d20dde12ad807,autoUSD,2025-04-28 05:21:47+00:00,417551.591532,100000-1000000
Deposit,0xd43803c99eb3ba73139f42928f6c670309b868f0f7c25520cf4670fd6e6aea0b,autoUSD,2025-04-28 09:23:11+00:00,17000.0,10000-100000
Deposit,0xf706acc0b39346ad11db3e1857b60621acc4e8bf5d2f7075e2e536358794fedf,autoUSD,2025-04-28 10:31:23+00:00,18616.165509,10000-100000
Deposit,0x880a545d8a07389d5eddb092330ae40418c115d39d39862cfd82ac037d709739,autoUSD,2025-04-28 10:39:35+00:00,8984.398049,1000-10000
Deposit,0x9beb1cb8f49fae5543d99c4fb55259412f5e8e651dacacece2ee3ae59514f887,autoUSD,2025-04-28 11:24:47+00:00,6135.381883,1000-10000
Deposit,0x6c96067c70ef522ea23b5093cf4d99ed749e93ff5c48781551dbdaccc1e99fc1,autoUSD,2025-04-28 12:24:11+00:00,148.5,100-1000
Deposit,0xaa338f961ae2a3907b616608e48077ccd4c36ab759d11d029fa47fd811d6434e,autoUSD,2025-04-28 15:43:35+00:00,1138.864676,1000-10000
Deposit,0xd7fa051e4ffb3a63402799079961ed0672620ebea6bc943336e3759539639089,autoUSD,2025-04-28 19:55:47+00:00,1.0,0-100
Deposit,0xb49ecbb7543eb6e15224e1b8bbca918debe6b8a7dd30918e1880104988e6142a,autoUSD,2025-04-28 20:12:47+00:00,1.0,0-100
Deposit,0xb5386d302f6b9f27fb7d0f7a516528bb80a97468b25e1dfe256ceb75cdd5f08f,autoUSD,2025-04-28 20:28:23+00:00,161006.204549,100000-1000000
Deposit,0x819a3cfb394231a6426f2ec08309d7511e58f7abe230812944a312b7ec29fe06,autoUSD,2025-04-28 20:39:35+00:00,0.168625,0-100
Deposit,0x27dc70cb4784038b569c1e3203bcb6eb4ada487baa3a26ae5c7712eae3cf8541,autoUSD,2025-04-28 20:52:11+00:00,10.0,0-100
Deposit,0x9e7a0fdfb9622b6b8625e1a9d9c81de0f9bedb1f60da4e021ee41fdf898ae5e7,autoUSD,2025-04-28 21:48:59+00:00,5000.0,1000-10000
Deposit,0x04fc40471779a6cae485bf9c9c929259917eb77c475c817e45d7d31c30fcad52,autoUSD,2025-04-29 00:17:47+00:00,947.684953,100-1000
Deposit,0xa21a7f035038100c5db3b6080f52b101a493d0649d6e92a5de5c0dfcdca11881,autoUSD,2025-04-29 00:21:23+00:00,113.0,100-1000
Deposit,0xc4950571dca59cd4b6ce5f953bb5eb774fd2074f8f3d5241724b34a1003eb52f,autoUSD,2025-04-29 02:12:47+00:00,75000.0,10000-100000
Deposit,0xe93a200fbbbc98f85991aa16627ef28fdca3f4a30e904459e10d5b41a3ff8ebd,autoUSD,2025-04-29 08:45:35+00:00,94.503519,0-100
Deposit,0x4623c7c703a43af5bfa83d923bafaaac7e2880eccd277f3fd9e656433922f5b8,autoUSD,2025-04-29 09:26:47+00:00,8772.388182,1000-10000
Deposit,0xf60e23673039ad5ff506e65804fa73136154a797d2e4e783a3888fb1036d9c3a,autoUSD,2025-04-29 10:34:23+00:00,321771.0,100000-1000000
Deposit,0xe500cc825a4cc94b029cb0cb7ad82ae7654268c18868157d3cfcadbf065b6703,autoUSD,2025-04-29 19:32:11+00:00,52124.892463,10000-100000
Deposit,0x1e917914eb66ef4ec860a9b73e2eefba4a94d2ec31f675e8de932e2f9b5ea658,autoUSD,2025-04-29 20:33:47+00:00,49999.8447,10000-100000
Deposit,0x5d963582c8646eaf71ce36c0e39f723b0b802e239414fc2ea058e3d6358f7cca,autoUSD,2025-04-29 21:03:35+00:00,1.0,0-100
Deposit,0x1902149a3527e2d86675537e793e006e1ea5bab8a85357efc829e81fef9967e9,autoUSD,2025-04-30 02:00:23+00:00,54.889073,0-100
Deposit,0x1b497627da41f0cc1e71a970a1933f99389b8f9cab5b56af68f250112b42be4c,autoUSD,2025-04-30 07:55:11+00:00,75000.0,10000-100000
Deposit,0x41ab2c1c646edd5332159b5cdd3fb9cef633372cbc864a824e681eac6ad11ab7,autoUSD,2025-04-30 09:22:59+00:00,175980.195914,100000-1000000
Deposit,0x9ad446297deed2aa65edd8f44fd8f36ba00ea16092fdb5613442b05a0cfc82b7,autoUSD,2025-04-30 09:32:11+00:00,176020.552581,100000-1000000
Deposit,0x5f4d607b87f131d5f01f11515e31b4317d9780e5f80798340633606444d0bc7c,autoUSD,2025-04-30 12:18:11+00:00,8.715601,0-100
Deposit,0x35819eb085287e9519db2ca3c5833e95f0d3b4d95bfe5ac7bb9086c4b5367247,autoUSD,2025-04-30 12:53:23+00:00,10.001203,0-100
Deposit,0x4596ff9eae9e6c7c10638a5e6075a9f61ec84e728cd290628f99141e74dbbac3,autoUSD,2025-04-30 13:32:11+00:00,100.0,100-1000
Deposit,0xf77311c6076820e0ea0a6a59e9273c5aa150ec8013ba56b3ff7e44aa4609e75e,autoUSD,2025-04-30 13:43:11+00:00,8716.68607,1000-10000
Deposit,0xa46cabe4857f4e4e5fb7cdbd0a6c76d98a0f77aa0cbf01378c8a94e07fe1276f,autoUSD,2025-04-30 13:46:47+00:00,6.180402,0-100
Deposit,0xbeb50f41751ea445d9ec663f2992e4cdf1ec0546355d4e2295280dadf7875e11,autoUSD,2025-04-30 13:52:59+00:00,7.721085,0-100
Deposit,0xdf25762d2c25a8481b77e1b08192c52270e9ee853656119fe50f68e19830a527,autoUSD,2025-04-30 13:56:47+00:00,9.58761,0-100
Deposit,0x0f6415810f515b38731e05dfd45690acc34a9b9c3f7952152247492358659a41,autoUSD,2025-04-30 14:11:59+00:00,4.021784,0-100
Deposit,0x0dc72dd5b40f8bba17c1ca947496bc148ce68067204ad47623bdd0580635ce59,autoUSD,2025-04-30 16:09:23+00:00,2.0,0-100
Deposit,0xb196d8ae0325b7cf9fcf62c0a88dcb05309812f2fcb0ca6f5695ee1c19797f21,autoUSD,2025-04-30 16:19:23+00:00,1.839162,0-100
Deposit,0xa8a5461d2f3c30adc993f1bf1921a5a5a78f168e3d3647c982645d8b7887139d,autoUSD,2025-04-30 16:20:59+00:00,23259.850588,10000-100000
Deposit,0xc5b3759de1d7aca6d3576bf78ab857d214e40fe06b51557daf3c681d9eb9c73a,autoUSD,2025-04-30 16:26:59+00:00,19.996983,0-100
Deposit,0x43acc5f6c4944f62d9bc78ef90e69745d58f34275e9bbc4e7b4dc92eb0cbd864,autoUSD,2025-04-30 17:01:35+00:00,2801.858416,1000-10000
Deposit,0xbbdb32b67e187b5c5490cae0ffdc12fcc49b226d3de20f809970026665fab2cb,autoUSD,2025-04-30 17:10:23+00:00,100000.0,100000-1000000
Deposit,0xc392f3b05a7fe348bcbc131f888f030232df48fac121d589e77378eea575c564,autoUSD,2025-04-30 17:30:47+00:00,2206.499148,1000-10000
Deposit,0xd63c31d8f279807812c91889dd94869ef54180924a0d5ef6b29ab8d61e5d83cb,autoUSD,2025-04-30 21:32:59+00:00,539.071004,100-1000
Deposit,0x87703cbc936e07cc629a1ebb1db9c5cf004c58051201ffb6a885313ce2d616e4,autoUSD,2025-05-01 03:11:35+00:00,72.447416,0-100
Deposit,0xf7326278ad90ec760d7782f83c0bde2f9ab39bd3024a4f1e7a97f714519a358d,autoUSD,2025-05-01 03:46:11+00:00,5.990021,0-100
Deposit,0xd70547e5cfeb2b9c194cd5b3ff71b5bcf602fb330ba17552b75937c2adc255bf,autoUSD,2025-05-01 03:47:47+00:00,4.985491,0-100
Deposit,0x6a210407c5076c9d840960c559b0c5bdff0f4e74639c2d055c7628ad8f0f4390,autoUSD,2025-05-01 09:04:23+00:00,664.23623,100-1000
Deposit,0x65bd63232cf0e39679755d08d97fb476ea66e01cc1eb76b9f7ae0cd71abc0965,autoUSD,2025-05-01 11:56:59+00:00,10184.859178,10000-100000
Deposit,0xc893da9ceb43be98dd243fa34d4ac4bbaf1cd0a9e4aa11bf98b941822b3e6914,autoUSD,2025-05-01 15:50:35+00:00,162357.188423,100000-1000000
Deposit,0xb5d0539b1126dbab2def35d11217b2df51ee4e23d6b586fa8f985e127b20574d,autoUSD,2025-05-01 18:24:35+00:00,2.0,0-100
Deposit,0x644fb238157ce948025539b5edf74cbd9437c2599a46103d59645201432ea3b5,autoUSD,2025-05-01 19:02:35+00:00,12338.707667,10000-100000
Deposit,0xc6a4558809b59525330250213d2017afcff8d5c6ba30abde753ed3649b524139,autoUSD,2025-05-01 21:01:35+00:00,19753.916253,10000-100000
Deposit,0x6c02aa0f8353af69da829bb228164a44141f4c9286ccfef3a9b1daa6889c85ac,autoUSD,2025-05-02 02:17:59+00:00,49999.88629,10000-100000
Deposit,0xa4a92e22d1d07dfa48ccaa013571f28ebb27d9c0bc9f0e8f642e1d019a4d00a1,autoUSD,2025-05-02 04:15:59+00:00,23354.35922,10000-100000
Deposit,0x53e30aca9752c9f58b6e2f87e70e353407cf152b2616b946b9c349aa2de1f9fc,autoUSD,2025-05-02 04:40:23+00:00,131999.886326,100000-1000000
Deposit,0xab430d9ff5a1f055d1eb4e194c458f810480b9ed87e7ec9c3cfd0feb6be4d081,autoUSD,2025-05-02 07:25:47+00:00,100.0,100-1000
Deposit,0x4a7a23ecacb1e77f4ab75be571d2e1bf0f370cb8e1e4b7e7614cb0eaea6968fa,autoUSD,2025-05-02 08:26:11+00:00,1004.20878,1000-10000
Deposit,0xa57d54557137022456df78b8c83ab3b6d0b6b1a8d199279e01eac0ee4a473e90,autoUSD,2025-05-02 08:54:59+00:00,1918.643474,1000-10000
Deposit,0x7d2c10e23a7387e730a017f4e5fb1a8bff451c35bbefa55cf84262bc954209ab,autoUSD,2025-05-02 10:05:47+00:00,443.148384,100-1000
Deposit,0xea3f561be0ca34ec2b3309184e913da025b78f9bfc78f2cee86c36aa198d9f31,autoUSD,2025-05-02 10:31:35+00:00,156.074745,100-1000
Deposit,0x956898dfdab3bc6e985f80586f0ec61d19de0858a73b3dbc50fb43ee8118ba1c,autoUSD,2025-05-02 10:47:47+00:00,22391.143534,10000-100000
Deposit,0xdfaa1e4ad1fff30634eefba4c824da2e5a73c9522aff81575850e3a7fc47f974,autoUSD,2025-05-02 13:08:23+00:00,2508613.326633,1000000-10000000
Deposit,0xca1bc27dd4d4f223f3443b5a2c7ac882c545ae5218c81d24a20e61aa643fe47e,autoUSD,2025-05-02 14:30:11+00:00,448.848441,100-1000
Deposit,0xac17091d6d63373eb1427532435e21c2083d4d91bc49df0198f367fe27206daf,autoUSD,2025-05-02 15:43:35+00:00,31.658918,0-100
Deposit,0xa7e9c79974d5a02dc970dd578b8784bf42ad4008ffea4c66140f00bf90d6de5c,autoUSD,2025-05-02 16:24:59+00:00,3884.850322,1000-10000
Deposit,0xe4c32647096013679acdf94519db2d5afa4f5945bc887b2c718a23aef840b3e2,autoUSD,2025-05-02 16:50:23+00:00,1373.085607,1000-10000
Deposit,0x13373c0bd09981d8360bf5eb7d5c7b34d776441ba898fa79de35ddbab4951e87,autoUSD,2025-05-02 17:22:47+00:00,10.0,0-100
Deposit,0x3fbff9a1919fa0e7bf1f614194aa93cb8bcde1a2394c1651a9803b213e38545f,autoUSD,2025-05-02 18:28:59+00:00,1999.195602,1000-10000
Deposit,0xa573293e315c255c587eb053c0d2bd563f5cef03250f892c372aa40f878804cd,autoUSD,2025-05-02 20:04:59+00:00,24.058336,0-100
Deposit,0x3a42f365eacb9a04fcd886cbe9a9678aca391239a066f23dac7a6286a3649bbe,autoUSD,2025-05-02 22:27:11+00:00,441110.127185,100000-1000000
Deposit,0xe67cc4eeb03ec0cad318f611aad8f2df91069f58a7c549a3924fae9291d59bde,autoUSD,2025-05-02 22:39:23+00:00,178841.437774,100000-1000000
Deposit,0x5f998a364d8b72bff139e97df2e9667d726b1e0ee1808244c11e8feab1ffe199,autoUSD,2025-05-03 01:09:23+00:00,2500.0,1000-10000
Deposit,0x0bb8f050da79632a3e852eb03d5265b54baf96cf0566a581f3243639db1f44ad,autoUSD,2025-05-03 01:11:47+00:00,2500.0,1000-10000
Deposit,0x64cf8a748413d04a19eeba77ddbc36056bd5fd9d6cd8dcec014c4413eab9dc96,autoUSD,2025-05-03 01:15:35+00:00,2500.0,1000-10000
Deposit,0xe592f6dd715b4871941a2b07e05c43875aae7a3656159922f51398170fa50bb3,autoUSD,2025-05-03 01:18:11+00:00,2497.284677,1000-10000
Deposit,0xed79cf62a438c195872bcf1c8a0ebb55ecf040d0863c98fab98e16803282a713,autoUSD,2025-05-03 08:07:11+00:00,1000.0,1000-10000
Deposit,0xd020cfd569ebf1f10c40501c4fa47a97391cf6568207c99b8264420edb9a7b33,autoUSD,2025-05-03 09:52:35+00:00,2000.0,1000-10000
Deposit,0x02eaf896c1b7af0e20d61e4934c64e1fa33f6d54c25e4f4d330b82ffeaaf5b66,autoUSD,2025-05-03 09:58:35+00:00,20000.0,10000-100000
Deposit,0x14a8aba8f90e69acd4a3bc87294b598a2be6fcc09857784b02d9ec8ad4e87af6,autoUSD,2025-05-03 11:40:35+00:00,34981.426016,10000-100000
Deposit,0xfd0bf662c119977f625e29fd5893f76162d510ebf38c64be5c964fe439dd06cd,autoUSD,2025-05-03 16:31:35+00:00,10000.0,10000-100000
Deposit,0x7881b02fcbc257c05dabaf0258d96f1eb8b2a7d8ff797c53c98f994afd3111a2,autoUSD,2025-05-03 18:15:59+00:00,14999.887141,10000-100000
Deposit,0x46fa7e9ddb77ef69cc79367a7d2adf8e03beb726b2d83d2bc358ed956050bfc7,autoUSD,2025-05-03 18:29:35+00:00,261787.27116,100000-1000000
Deposit,0x25720f7ad9d61fbbf09caec4a3f1a5ce9d6d610ecf7903e73ac21d343d27a491,autoUSD,2025-05-03 21:40:11+00:00,149.912358,100-1000
Deposit,0x4c24b059d6c55aecf4ed3beb553bc1a6f635d54d04857bb7e282f261524a10cf,autoUSD,2025-05-04 00:16:35+00:00,902.650221,100-1000
Deposit,0x7d6c40ad3271f8604b2f95a396eeeab1b32a5739981cbd4d36915ce00176fca9,autoUSD,2025-05-04 03:13:35+00:00,1040.561826,1000-10000
Deposit,0x4686c44ddd383bb92f1ca053f9ef053759507e1e95afc69eb6690b4570adb044,autoUSD,2025-05-04 03:38:11+00:00,2420.812553,1000-10000
Deposit,0x0c730dcc758ac35bc51da34928d224c769148f68277090cdbee1cf81a236ff09,autoUSD,2025-05-04 09:47:35+00:00,37441.662084,10000-100000
Deposit,0x5765e881f38f687f007d741a355fdbcae2b39eed47dff945cac3c25b27c9da66,autoUSD,2025-05-04 12:02:11+00:00,872.725601,100-1000
Deposit,0xe0e155bafb6f4b0b1bf2922863beb9209e1a49565645a1283e13bdcc91adba13,autoUSD,2025-05-04 21:29:11+00:00,9.788759,0-100
Deposit,0x907c28f0282cc1979479cb9418838e2f6d5fadea2909ba08c3116109ac6c371b,autoUSD,2025-05-05 03:25:23+00:00,416.384957,100-1000
Deposit,0xbe0f4f3233e6eda21eecad7a3de31e34070eaa8983c9546dba98767b411db626,autoUSD,2025-05-05 06:53:11+00:00,1161.68265,1000-10000
Deposit,0x52c093cb0a9999790112f8fe282ae5effa35ba0b00662fc56090ba2efdb4ae85,autoUSD,2025-05-05 09:37:11+00:00,285748.61641,100000-1000000
Deposit,0x03105362d7232ae5b0eec315e99eae542bed7165d28a3488e88bf7e88c859433,autoUSD,2025-05-05 11:34:47+00:00,78.25,0-100
Deposit,0xadc3c42fb8f2d5111e73ac500d4032bd0b1e13843b5212009a3edf0eb3ac2ec8,autoUSD,2025-05-05 15:14:59+00:00,31189.90422,10000-100000
Deposit,0x36705eccf8164a7318d7855e799afe8265b961295bdaa5f180bda4b302a8cdcc,autoUSD,2025-05-05 15:24:23+00:00,63599.129879,10000-100000
Deposit,0x85554893448af5bff9bc71fa977862736407084934866f4002dba21d5ed3624b,autoUSD,2025-05-05 15:54:59+00:00,3937.404222,1000-10000
Deposit,0x4611590b4a7bc940d051b275f976f287fde780e735181b3d151b98e72e190c4f,autoUSD,2025-05-05 16:17:59+00:00,63830.589993,10000-100000
Deposit,0xf12165343038f32583f8b16d6b391a0a99dedad16327d725a4404e502b0595a7,autoUSD,2025-05-05 17:38:35+00:00,13892.7242,10000-100000
Deposit,0x06738f0ceb23941254386ddca9a48975824793d39452a0f50f069c76814cccc3,autoUSD,2025-05-05 22:41:35+00:00,10.0,0-100
Deposit,0x9149f06de7df7a247a8ca7eab2e7ebb7b8cc6623b1ec51c2034d08fd2e6c8f14,autoUSD,2025-05-05 22:41:59+00:00,10.0,0-100
Deposit,0xdbe8dc192494b720f7f0e2f583fb04af774e2ef9f86acdc008a0e02e94be2d7a,autoUSD,2025-05-06 02:01:47+00:00,1831.989882,1000-10000
Deposit,0x1a5c4b825d876ddd98ddcb25f366d18419b6c3cfbad13f0002f0564e917dd0bf,autoUSD,2025-05-06 07:18:11+00:00,99938.623479,10000-100000
Deposit,0x773195e9266b5e0fe79346081f0e677e4c586cb70aed0a2eec6dfd4e0a1eaee2,autoUSD,2025-05-06 13:29:11+00:00,100.0,100-1000
Deposit,0xb6c10024e94bc2245de9723c13979c61fd9fbddb355331186607434fb7062484,autoUSD,2025-05-06 14:10:47+00:00,9900.0,1000-10000
Deposit,0x2f390258fe0e7771dbf6937ba173edd22e840f83a6b00bcbd13baf32976de851,autoUSD,2025-05-06 14:38:35+00:00,25000.0,10000-100000
Deposit,0xa38b38b73fcff203bc82adcbfbddbd5cc36f5cdb323a3e42ffc07b4104ba8bca,autoUSD,2025-05-06 15:15:59+00:00,100000.0,100000-1000000
Deposit,0x53444465c563be39e54e7bb46a5be29fa5d5ac34f1aa7cd222d22f21fbf36b72,autoUSD,2025-05-06 16:16:23+00:00,145240.737599,100000-1000000
Deposit,0xec23ddb19e8e139a727986f3cd579104e633d32b282589e75eda4273d103d8ef,autoUSD,2025-05-06 18:31:23+00:00,221.039549,100-1000
Deposit,0x7c071b564f6acb00f7b01a405eed7796d0cf385472b62dfe1643fd9d04ebebaa,autoUSD,2025-05-06 21:07:11+00:00,336144.417726,100000-1000000
Deposit,0xc08ed77455da7098a03f00bac69f88ccabffbc418732a93af5bcd2b616f895e7,autoUSD,2025-05-07 04:47:23+00:00,48999.12,10000-100000
Deposit,0x2c01defb6761fe1161ab98b2d5e6f6dc566587f4e78ea8a8567132a8e46d535c,autoUSD,2025-05-07 13:16:35+00:00,77793.863281,10000-100000
Deposit,0xd7ac7904b80bcec24c1f2f5db81b44146c90b202fa238c6e6f40e37cd163baf0,autoUSD,2025-05-07 17:54:35+00:00,100000.0,100000-1000000
Deposit,0xf456275b9c85c01a2cefdb1cde6e3b3413195029203a246cceaf7f9a2455f1ef,autoUSD,2025-05-07 17:57:23+00:00,2400000.0,1000000-10000000
Deposit,0x5b3134824fe9d7ca6bf4f7ae2d3d649b9730293902554ebc4721ad5b4ac6d5de,autoUSD,2025-05-08 03:31:47+00:00,1043.63892,1000-10000
Deposit,0x82d850d1550e711a2a8f760df85fb477e9cc0bdd46006231cab58cb42770a067,autoUSD,2025-05-08 03:43:11+00:00,17430.205199,10000-100000
Deposit,0x484623734d93e9fafa53a63d41d59e186a158d449ce0350f2283cdb58ad358a1,autoUSD,2025-05-08 13:04:59+00:00,100120.0,100000-1000000
Deposit,0xc49a96908cb2dded69672b66ddc3dbcf21bec6abf88ee2aa4339d655551f8721,autoUSD,2025-05-08 18:20:23+00:00,2700.0,1000-10000
Deposit,0xae1646c259713db9356f683dd3e84d8662c063536fa5c4918a5bd0edfbc080ca,autoUSD,2025-05-08 22:44:23+00:00,344118.639673,100000-1000000
Deposit,0xcf7707fdefd5b395499b8c71b816a12f750fc80b34efe1c6eb7391e6c386a402,autoUSD,2025-05-08 22:47:11+00:00,250000.0,100000-1000000
Deposit,0x4881e41096bf7e7924675d571ced18c54a90f9134e0fb9ce8e75882587fdf16c,autoUSD,2025-05-09 11:18:35+00:00,100000.0,100000-1000000
Deposit,0x5a0168e66391cdb1eab1e6e92ac0267c7244655ccb4308ec0aeb5a5cf102ab48,autoUSD,2025-05-09 11:38:23+00:00,1261.955728,1000-10000
Deposit,0xe5d664a6144012b1763dc9cebd03df8ae550ef64ee86439c9c3e63be5f57d53e,autoUSD,2025-05-09 19:17:23+00:00,697.541853,100-1000
Deposit,0xba7a4de1ccd84fd826056ccf2348ef4e60d59877b0fd0012f3f51fa502084c9b,autoUSD,2025-05-09 22:29:23+00:00,1772368.0,1000000-10000000
Deposit,0x3af3c6f7a71d0d19e2686765a7a05e98b74d477afaaa9804fcb9cd77016ec788,autoUSD,2025-05-10 03:08:59+00:00,450.1199,100-1000
Deposit,0x7df543152b08f33a9fa6394397b8ca40f4441fbd183462727805a154e3007c29,autoUSD,2025-05-10 06:21:47+00:00,2472540.434417,1000000-10000000
Deposit,0x28ab3ac435484105bf8d4e8fb956dfeb2107a2bd7a74fe16d131ac40d5609f77,autoUSD,2025-05-10 13:28:59+00:00,500.0,100-1000
Deposit,0xd46dcf1c10ca31409aba622a03f9b78ad7d29b3e3724a28e10dfdb7aed231f3b,autoUSD,2025-05-10 15:53:35+00:00,295165.0,100000-1000000
Deposit,0xaa9dfef74cceb7283e8a234466b65c5a524c6e76079af36ba574ced01f1d1eb1,autoUSD,2025-05-11 02:33:23+00:00,29400.877988,10000-100000
Deposit,0x9adb194f187e3adb23f8058e5ba7a0858c5a0b339ad3eb35b5fe2ee0c5459244,autoUSD,2025-05-11 10:14:23+00:00,14.01376,0-100
Deposit,0xc42c25526fc3cfeb4a6a207c6dc9adc1d59ae0984de967b640aff02d734ed6a7,autoUSD,2025-05-11 11:59:47+00:00,8000.0,1000-10000
Deposit,0x1a1d058c0f3d63c061e414262e4cbb44d3b634f62df060772f82408a4efddd60,autoUSD,2025-05-11 22:31:59+00:00,25372.084648,10000-100000
Deposit,0x1880b57da5d3e10ef0af59e4ffeea1525919bf206885df521bfd821a6d1a7719,autoUSD,2025-05-12 00:49:59+00:00,136187.215356,100000-1000000
Deposit,0xbf34de21e258ed7e5abb88e4c58eab0c805800464d48273115c739a900243aad,autoUSD,2025-05-12 13:12:35+00:00,40000.0,10000-100000
Deposit,0x4c94be7c7ecde09306483bd644a88af5b68cfaa23ad0357f36aac6fd07970ac7,autoUSD,2025-05-12 16:09:47+00:00,10000.0,10000-100000
Deposit,0x167ee839555ab210c8e38f5c723ed0ed7bfef4e65f3d4c9f1e1b0658e517a82b,autoUSD,2025-05-12 17:03:47+00:00,50000.0,10000-100000
Deposit,0xd728a5493cafab12f579f602bb6c90253422642085d4944fc2d9486b3f54e677,autoUSD,2025-05-12 17:05:35+00:00,50000.0,10000-100000
Deposit,0x86e99a608eb41368d7a0feff1de74567dbcb9d9a98c5447d707a116edaaa88c9,autoUSD,2025-05-12 19:38:47+00:00,50000.0,10000-100000
Deposit,0xeeed9b0b26ea246c790e1115d632c5c4ca135fb55dbf2672d74cf6402b26e10a,autoUSD,2025-05-12 20:09:11+00:00,425.68161,100-1000
Deposit,0xb52290e2d971b18988b9d660bee2c2bd08adf70ab518103b690b931151813d63,autoUSD,2025-05-12 23:20:35+00:00,991.64452,100-1000
Deposit,0x7f112f89601b8775d84d5097283872e6212709451817af7dfc6c7079df75cc70,autoUSD,2025-05-13 03:42:11+00:00,9.220666,0-100
Deposit,0xeec5061f1b3c0b2eec2dc4b490cd736ef9bf638bace03560d584fd5028b8e3ce,autoUSD,2025-05-13 09:42:59+00:00,77.159825,0-100
Deposit,0xccf3a65dd05c60f8c929ec98c1e69cc311e5a7e9624b1b78b352f91ee4e96c43,autoUSD,2025-05-13 11:00:23+00:00,400000.0,100000-1000000
Deposit,0x68996b2df31c6814eeb19dcc54ae79447b5288c932214a2cc4a708ec279bbcd0,autoUSD,2025-05-13 12:51:23+00:00,65328.711607,10000-100000
Deposit,0xc6ad1c931e5b742a270e0c1e038b32075035d47eba918cf8bdb95e25dedd10f9,autoUSD,2025-05-13 14:56:11+00:00,134000.0,100000-1000000
Deposit,0xcd6e8472c3f3ba2bd8ce0b059f081b8bced5b54ee6f52741b0ecd1a47adf4c49,autoUSD,2025-05-13 15:41:59+00:00,137000.0,100000-1000000
Deposit,0x9b7a0ab445b0244083202b29ec1dd73529062065ac79fc34c84d94beee074f48,autoUSD,2025-05-13 15:42:23+00:00,16401.605296,10000-100000
Deposit,0x63f8fd4fa1ea1bf41aeb2cb1acdf8bb02264129ee8a2969c2681567c52644b43,autoUSD,2025-05-13 16:32:11+00:00,200264.460885,100000-1000000
Deposit,0x41774d433b89e808d5091cc8ba562c245e5212d6439f4cca81b59c14a0b72ff0,autoUSD,2025-05-13 17:15:23+00:00,2001.0,1000-10000
Deposit,0x7df2e726e1f56434477f02b5f41240befb43054de55717127797d8f33eac41a2,autoUSD,2025-05-13 20:49:23+00:00,50000.0,10000-100000
Deposit,0x9091cb6387480b00e9a066ba9c0e46d1df18e5d15308344a68039e94089b347b,autoUSD,2025-05-13 21:00:59+00:00,3000.669954,1000-10000
Deposit,0x5c52e286305923265b194f608ab146a18f14339c041351607e24220d927c3412,autoUSD,2025-05-13 22:15:11+00:00,10199.974991,10000-100000
Deposit,0x5cbe7cc6f655ff06be14bcf3a44c63365a4da3f2d686fb2ea1bbd7038a01dec0,autoUSD,2025-05-13 23:48:11+00:00,50.0,0-100
Deposit,0x7461276c7ffd78c83fc00c54c933b8185ceb130aa153b0fbfb88f88dfb5b431b,autoUSD,2025-05-14 01:30:11+00:00,357632.386685,100000-1000000
Deposit,0x2c822f65c5cfa74903009218295d254c42a65523684d2c5a6612a2f1936fae39,autoUSD,2025-05-14 09:37:47+00:00,1044.328764,1000-10000
Deposit,0x8ac2ce942583aa48f2cc3c9385f303491deb8845ea4dfb5e27de3cd45f20e650,autoUSD,2025-05-14 10:25:47+00:00,729.21075,100-1000
Deposit,0xbe5cd76e4a3e23eabbab53e3b6ecd2c2e50c80823b08ae067275761bba35635b,autoUSD,2025-05-14 19:17:23+00:00,100000.0,100000-1000000
Deposit,0xe464f4595313601ab40a29555ba19ccbcae38a80e12fd20a3d0378c1fb370639,autoUSD,2025-05-14 20:11:47+00:00,40061.001391,10000-100000
Deposit,0x1f4643183ac6f7cf44e733bff9f811ab8371942d683fad09184f51aad417a51b,autoUSD,2025-05-14 21:34:35+00:00,6151.660449,1000-10000
Deposit,0xf17c66e95968a7d62e55588048a8f7fecf19321574f7536d5cff1472424e65e3,autoUSD,2025-05-14 22:26:11+00:00,10002.435995,10000-100000
Deposit,0xa7c292473ba0381515dc0a32c3b73eb8a248f1513349f5a7c6b72286caa9e0a2,autoUSD,2025-05-15 04:01:47+00:00,3160.834696,1000-10000
Deposit,0x4a621ce82ee539c0d06e43d96c74803fde543d0a4ffdfb22f150875d9da3223e,autoUSD,2025-05-15 08:40:59+00:00,12323.348075,10000-100000
Deposit,0x167c9e9268f3b69f59cad9c54a02440b94af9ba5c53338f0ad2178c8f04de5cb,autoUSD,2025-05-15 17:35:59+00:00,3847.6462,1000-10000
Deposit,0x0dba6aa7efeb76081d98836719753e6ba2b9bff4d095e08882767879743d0a8a,autoUSD,2025-05-15 22:56:59+00:00,10039.138106,10000-100000
Deposit,0xfedbba50cb4f19fab2e833b77855b121d6166809313b51da687f44b4f8b7024b,autoUSD,2025-05-16 07:20:11+00:00,373153.020095,100000-1000000
Deposit,0xaa90e51edd19570a8526c08bf2746623b2de71d51c9192414f0ec8c75bf345b1,autoUSD,2025-05-16 07:24:47+00:00,199994.687929,100000-1000000
Deposit,0x4c6129e3d390a47f9a69ca14c055381f84d5ab596c5dbd24018d74a4125e19c4,autoUSD,2025-05-16 07:30:11+00:00,200854.865588,100000-1000000
Deposit,0x37967912b690a7168f329a90b4758b7668fc161d0a3ffd978af8ef280eeb6cca,autoUSD,2025-05-16 07:40:59+00:00,372466.183004,100000-1000000
Deposit,0xb7c6c23e1b4a80021a0145e633db286304a64458a0cc127ea325190cef05b99f,autoUSD,2025-05-16 19:20:47+00:00,8480.923493,1000-10000
Deposit,0x3d03df451f496cdb44e5e5d2fb60e1955e096e6c7c9d8fa0cbb7bbeb6568f1d8,autoUSD,2025-05-16 19:31:11+00:00,1.0,0-100
Deposit,0x372ff6a5e75dad120985110e45098ad049d15e800ba27ca425cf37be212623be,autoUSD,2025-05-16 19:32:59+00:00,12.251983,0-100
Deposit,0xd70c0111206686b81e71849a4df08fa5e3cad1f5d53bc4aeacf7949123549071,autoUSD,2025-05-17 05:57:35+00:00,28.513132,0-100
Deposit,0xd63f558f48cf569cb46baff64dfa63d62a72cff954eaff07af5e3ae584609ae0,autoUSD,2025-05-17 09:46:59+00:00,449.896053,100-1000
Deposit,0x7279172ce4e9d825a9050cbc240315c8d8c5bdc9a542b40ab69533ff1379ab28,autoUSD,2025-05-18 11:48:35+00:00,8001.0,1000-10000
Deposit,0x56b0fb4915e8790facfa87fe7ba4f8e262c7c4fa56fe38d3faf597976cf954b2,autoUSD,2025-05-18 18:56:23+00:00,199.691511,100-1000
Deposit,0xb6e77ba70c87730ba6c06804ea55445c53a484d7583f68f4f50d85ed4096ad71,autoUSD,2025-05-19 21:48:47+00:00,50013.842689,10000-100000
Deposit,0x0d6fbc5f3082bc5bc2acccec66247c3f27225fc4558aa8e33b5e880fc72a09e5,autoUSD,2025-05-20 04:55:59+00:00,2241.237171,1000-10000
Deposit,0xd326e05f6e982426d66ef88f421c12790091420d68b5ead1b9c976544d8fe578,autoUSD,2025-05-20 05:49:59+00:00,1407.679171,1000-10000
Deposit,0x40022d3f54aabb435bb90c7ff47ebcf5acbb79af58ef5577c173a36b879407bb,autoUSD,2025-05-21 01:40:23+00:00,419.005016,100-1000
Deposit,0x4e824fee52ef67a9328353ef64dc07160ccb5f7e4531656c3b9e006b604c4e4d,autoUSD,2025-05-21 08:55:23+00:00,100.72075,100-1000
Deposit,0x40345b4e5b7f55fc6b6016285d4c561165ccf848179289003649c784b51ddfc5,autoUSD,2025-05-21 15:11:59+00:00,2812562.553713,1000000-10000000
Deposit,0x0348741f474086d40f329e46ac2b8f2d22e4603b565f6ae2975e087186ca99de,autoUSD,2025-05-21 23:50:47+00:00,500.0,100-1000
Deposit,0x6bfa8c76e955a253d501f9dcf9e7fcf4ca307ee0ebe1c3c2eacb060250b35a23,autoUSD,2025-05-21 23:58:47+00:00,500.0,100-1000
Deposit,0xec135e2033173a50eba946b90975fc07be1ee8ac6c569bb15a529782005d0510,autoUSD,2025-05-22 23:19:47+00:00,921.0,100-1000
Deposit,0xb26cf39b7183b8932591c907e50cb02ab0a273d32f3cec4bb46157967fdc874d,autoUSD,2025-05-23 00:58:23+00:00,99.049015,0-100
Deposit,0xd0425da16a5652978b59ef9fb0cecdaeec70564d30bdac0e799bfb1242b7e479,autoUSD,2025-05-23 07:01:59+00:00,205562.396323,100000-1000000
Deposit,0x0a7c69917176160271d3773c6157c9c95f57a15e203474475752a74273fc2b8e,autoUSD,2025-05-23 22:55:59+00:00,500.0,100-1000
Deposit,0xfdf50f60e4aa17a7160400eeb77bd03e8672098d01e3a5e0a5f77648c77b5ed2,autoUSD,2025-05-23 23:08:23+00:00,500.0,100-1000
Deposit,0x2fbd7076ae05491367c88271bab58f9e9200ff0222d50ca5bd2fcb34be4bf56c,autoUSD,2025-05-24 04:40:23+00:00,200.0,100-1000
Deposit,0x71f87dfc54b266e1081c69fec00d9d1d73a73aa90dfe0bcd2c819bfd526924ce,autoUSD,2025-05-24 05:40:59+00:00,5698.575026,1000-10000
Deposit,0x0870cfa1e887e3fa689e502fa7c6d675919488fd14f389114d5cc9a7603b0175,autoUSD,2025-05-24 09:48:11+00:00,529.176753,100-1000
Deposit,0x3ae98237f16033ca55aebb5c4ac87a8d13583d5e956675a1acb96f9814f781cf,autoUSD,2025-05-26 15:27:59+00:00,454.978587,100-1000
Deposit,0x9cc072e83ee38d354927eee99b813a73e6cdb35fc4be59070ea6dbe0e2da88e3,autoUSD,2025-05-28 15:22:23+00:00,2843.28116,1000-10000
Deposit,0x5167e5644d0a261537bbfc7869c1011164998793a2a849f1c9d433835762fda8,autoUSD,2025-05-28 15:32:47+00:00,117676.063812,100000-1000000
Deposit,0x1bdef19839fddbe851b37ed260e0ea0aaa3a2380000e0a0860d3fd132d821346,autoUSD,2025-05-31 05:48:59+00:00,250.0,100-1000
Deposit,0x057a53a12765c7f16018e9fadc54a5ce9a60df9b71d2af569f99d0fe09eaf3f8,autoUSD,2025-05-31 08:41:11+00:00,526.419855,100-1000
Deposit,0x7e69444bf423220355fd698e1eab79c9b60f815007c037b7abc27b91cbabbd9d,autoUSD,2025-05-31 08:57:11+00:00,1000.0,1000-10000
Deposit,0x9f71f02738049579bede4c3cb973619fb2706d5a0531f7f95bf93ea5ed1207f1,autoUSD,2025-05-31 10:53:47+00:00,293082.483735,100000-1000000
Deposit,0x969412568014f364403ed834043df402044a612cce28a97894d249f8463f4416,autoUSD,2025-05-31 20:41:59+00:00,210095.793209,100000-1000000
Deposit,0x548c92e389c7835a22b014748acb576f65c01b442902bbde71be35a486202041,autoUSD,2025-05-31 22:17:35+00:00,1000.0,1000-10000
Deposit,0xb0169831672be769d39e7eb43e1981ac1706c5551e8052d6a4e18bc5eb7537c8,autoUSD,2025-06-01 01:25:59+00:00,210015.234004,100000-1000000
Deposit,0x0c2f12d269d30bb163e9a24e411258e6280836bbf7f743a58fad57fc354d6f7d,autoUSD,2025-06-01 12:50:47+00:00,7499.184213,1000-10000
Deposit,0x993c13146aae5f7ba68869414e88aaff4cac12a73a5e153f1a072a42b9e4861f,autoUSD,2025-06-01 16:39:11+00:00,2500.0,1000-10000
Deposit,0xe1dfed0630306731363a22979a1752f3e8db280156e82a87acef6d983d97e698,autoUSD,2025-06-02 00:44:35+00:00,207.056775,100-1000
Deposit,0x8389edaef7b657639bbe73551624475a970a6992a47f677a075f248defbaaeb2,autoUSD,2025-06-02 04:11:59+00:00,451.165938,100-1000
Deposit,0x93c3da4e0f6deaa37ec3f6e49ef4bc8b5ffd4781108da98190e820e82d585d83,autoUSD,2025-06-02 13:25:23+00:00,100000.0,100000-1000000
Deposit,0x4396d270aebafa96f88d7e7b37cd76ff3012dcea8c0d64b228fe879cdabcc130,autoUSD,2025-06-02 15:38:11+00:00,2500.0,1000-10000
Deposit,0x98a6d5f2de7e8331381eb3236d2d337a7b242ed3a6fbbc7d3bd4a972811ae20e,autoUSD,2025-06-04 22:39:47+00:00,509.804709,100-1000
Deposit,0xc0cdb72fa713b8b5938895eba810ac9344ecbda9399c395077556a09b8585783,autoUSD,2025-06-05 02:24:11+00:00,49.859076,0-100
Deposit,0xfeee17d10b51985ef8e4f05ac2c4aa8978f338b9f8acec4e08efddb1ff04905f,autoUSD,2025-06-05 12:50:47+00:00,500000.0,100000-1000000
Deposit,0xaeb357dc083a6b2490149d60a1d600f7e64f913eaf158b4fa09c7a4d801ccbe5,autoUSD,2025-06-06 15:43:47+00:00,449.253049,100-1000
Deposit,0x9c672b8b2ae0ab424db91de1409cc51d80a280594188ed0afbe5f7a68335d301,autoUSD,2025-06-06 21:54:35+00:00,31166.081711,10000-100000
Deposit,0x5fd01e5249d9b03d99f2afaae0f874396d3c13e433857b298cdba27216ba9aaf,autoUSD,2025-06-06 22:00:47+00:00,3243.895558,1000-10000
Deposit,0xb41808b10960c0e8a1f659a8efaea361f7ef0bdef6d4bb724d37a7220f906261,autoUSD,2025-06-08 09:38:47+00:00,166960.689761,100000-1000000
Deposit,0x10923108b5f1c40c1b86d7e1ab9ac2e6dc16beb19342a22411d7e4b8fd0c25c7,autoUSD,2025-06-08 12:58:11+00:00,409.063175,100-1000
Deposit,0x94fb898500cec163c418441d77eaf109ee7a50269beaadbdbd302b719f65e064,autoUSD,2025-06-09 01:29:35+00:00,192811.745691,100000-1000000
Deposit,0x39b6ef6fb53cbe73f05a21711795defdb45d3bfe4b8f9352e13b5b81a4a20225,autoUSD,2025-06-09 15:49:59+00:00,825485.0,100000-1000000
Deposit,0x9a71972870d57c902ac87f5a227f4f475a0ef0f8841300429ca4f6729de92db0,autoUSD,2025-06-10 16:16:11+00:00,523879.200762,100000-1000000
Deposit,0xd2ea006c4d518f185331c7f3608bdaf552d2827c36cc7a8916f123d4a499e2d6,autoUSD,2025-06-11 04:45:47+00:00,5001.119143,1000-10000
Deposit,0x1694f05dc89962bfc1580e0fd7c143ee7b2b7f5855607440926a3e2c59c3c749,autoUSD,2025-06-11 05:33:11+00:00,25005.468793,10000-100000
Deposit,0x80f286364498c59ad8ab871c2c46d97c94053cd5a19a5657d18f3cae66ecd95f,autoUSD,2025-06-11 21:29:47+00:00,112.234768,100-1000
Deposit,0x170a39fbecc97f897edc99c6c23bfe6505372256a04f9c06e37a9f57f598095d,autoUSD,2025-06-12 12:23:59+00:00,502576.479963,100000-1000000
Deposit,0xd43bb646f2fb1fdd7e7ba4348b53782c5ef9efbc69c69d6e384667899ea8ea1e,autoUSD,2025-06-13 13:52:35+00:00,20163.33822,10000-100000
Deposit,0x0e26df4c7b9b08afaa3e25b77cc12bc833d72b315e8aa54a4e9dab3d2d88966d,autoUSD,2025-06-13 14:45:59+00:00,409124.0,100000-1000000
Deposit,0x8de7b7f823613fcc01b72fb04d24312b1f4698704490a79115b10c76b7e05011,autoUSD,2025-06-14 13:00:35+00:00,5.001988,0-100
Deposit,0x4e4145eb620fd833e350202182dad420207149649e5ed5f894afdacd6b930665,autoUSD,2025-06-15 13:30:59+00:00,30490.920759,10000-100000
Deposit,0xb4d7fd45fe93b13c0a42b083ec2692749daf3ee28866785bd517fff8e19d9508,autoUSD,2025-06-15 16:49:47+00:00,100000.0,100000-1000000
Deposit,0x9113f6dc0e48b61767e14133aeb984694df7637eede1c4af63166b0e6c02bc43,autoUSD,2025-06-15 19:26:59+00:00,16.587533,0-100
Deposit,0xfe60139a225231a92ce59e138fef92473227f21f446711f8da7b8a826a1af406,autoUSD,2025-06-16 03:16:23+00:00,268598.132434,100000-1000000
Deposit,0x993f590a9703c3f13e1bdb460825d7c27925d65f9170f147cbc04d8dbd5adc97,autoUSD,2025-06-16 05:07:11+00:00,296.806405,100-1000
Deposit,0x8d1699d4431813f56056aae01072555c50ab34df45d82aeca826bdee5a50fd36,autoUSD,2025-06-16 15:55:11+00:00,455.0,100-1000
Deposit,0xe224645b5e726a8502002d951ee1e99e076370c08468ba6939af52194cb1c68d,autoUSD,2025-06-16 17:34:59+00:00,247331.42,100000-1000000
Deposit,0xc93862b52f06d0561c68373c7470f2d2534bd5c523306572d0dd2a6d9835c399,autoUSD,2025-06-16 22:48:23+00:00,197755.217167,100000-1000000
Deposit,0xb9010fa0117211add3bded562423f5a071dcab77f7f9904f041585d7a2f8d5a1,autoUSD,2025-06-17 04:18:23+00:00,1063.97194,1000-10000
Deposit,0x0cfb483886c97d71500ab02328fc73418294a6a2baa9abef90a2824ba032f78e,autoUSD,2025-06-17 07:05:11+00:00,10000.0,10000-100000
Deposit,0x64f52944fe5ecc9377d6e31b555ea386a5b704bd19efe61bceda79ce83812cef,autoUSD,2025-06-18 14:55:11+00:00,100.0,100-1000
Deposit,0xbd6c9a38ffdd7af1ca3d3b5a00b01ff2c7f73f223af60cd6b442bf57b673640c,autoUSD,2025-06-19 01:08:11+00:00,41.65743,0-100
Deposit,0x175570c6e23c6bbb2ef7fba24f1b67ef56cd3736dce3884d8301ab5b565c1f3e,autoUSD,2025-06-19 11:48:35+00:00,50000.0,10000-100000
Deposit,0x1728cac242d339dd3f115e29ed7ab26bddd9b090c0e6aa13db3d733b314fb27c,autoUSD,2025-06-19 17:25:35+00:00,24.241084,0-100
Deposit,0xd741e9964acaae24cc5ebd272fe7fcecfaaf608890fb6670d132f7887199e21a,autoUSD,2025-06-19 19:19:23+00:00,17.974924,0-100
Deposit,0x15e27a4fe17af89349ff270026b5fdaacb98d493cd982077908a65436cf6c5ba,autoUSD,2025-06-20 19:12:59+00:00,1.0,0-100
Deposit,0x411ec17e8c7dd3a243387e3b8ee2265444403983e42dec80f5575a49a5088691,autoUSD,2025-06-21 13:58:11+00:00,142431.6,100000-1000000
Deposit,0x6550390158c7c924c2b484a9e5b8f0547599b2edf45f1301d459fbebd7032eea,autoUSD,2025-06-21 16:55:11+00:00,1649996.970673,1000000-10000000
Deposit,0x540f71a253be7caaf16048a34d5494cc50641e24df8142786369c8dcba8ef2ba,autoUSD,2025-06-22 16:59:59+00:00,23204.310078,10000-100000
Deposit,0x74702ab5e6e6a11f56dddb4af9c64900c51fe73f86bfca686f2c6744b6429576,autoUSD,2025-06-23 13:39:11+00:00,450.421633,100-1000
Deposit,0xdc4f2e1896e9e1176c86fee544990d034d5ef6359d5b68e8c3079c768a566c41,autoUSD,2025-06-23 14:52:23+00:00,5.0,0-100
Deposit,0xf79ce62151f953bc3520f0afa0a1a46229d5c8d249fb5a621c3f9b6aa68d3a33,autoUSD,2025-06-24 16:36:47+00:00,99600.0,10000-100000
Deposit,0x4c73a03d106ba51cfcc997b242a5ed95762a4274ae7ce369b680e07c8ec4d42e,autoUSD,2025-06-25 15:47:11+00:00,6486.674145,1000-10000
Deposit,0x64282d46c489e2e0c6fb967f4d5c4a8c9b4cca1a60dd7c3d2b0c54f336d3e85f,autoUSD,2025-06-27 10:05:47+00:00,2270.895803,1000-10000
Deposit,0xe4b88968252cd62fbb0672e0e37b49346ff05bf9f96eca009bd70bd0865c20ef,autoUSD,2025-06-27 14:20:35+00:00,790.037282,100-1000
Deposit,0x86af3c8ca21036295b3fad6b964a9e4258a5eae97e289a32ca2e8deacd26fd07,autoUSD,2025-06-28 03:51:35+00:00,455.498207,100-1000
Deposit,0x82c1b20a2bc94cae57c26c46582c441d4e06b27d94ad4547de7e9f11d7938dc3,autoUSD,2025-06-29 06:33:23+00:00,4565.538498,1000-10000
Deposit,0xc4de292672c7d5dc0e89f74e23002f827750568407e34317a469b78094a4a64b,autoUSD,2025-06-29 15:22:35+00:00,2276.466767,1000-10000
Deposit,0x367f5321241d48117b98de75f7bfaf63f42e85a4e8c662efd2a14e9620c77625,autoUSD,2025-06-30 17:22:35+00:00,10000.0,10000-100000
Deposit,0xc56740fff43b957e602597d1c42439432cdf2f7438bb4f3aaf90721ad44aa906,autoUSD,2025-07-01 04:24:11+00:00,3108.697043,1000-10000
Deposit,0x417611a7a88d7c42e9c639a740d610635c616dd1863f90503b711c4607593072,autoUSD,2025-07-01 05:32:59+00:00,3749.848439,1000-10000
Deposit,0xcc5532709b724c8eed2dbfc63bfa67cbfd836f4bad50dd1fd0a579b7ab7afb50,autoUSD,2025-07-01 21:22:59+00:00,2247.357491,1000-10000
Deposit,0xe109acf61e74215142ecc6a826f92d27f8433da181f6bbd7cf00376212757727,autoUSD,2025-07-01 22:03:47+00:00,4000.0,1000-10000
Deposit,0xa496f7b0a04675bf8d83de20b5d72e2f0c17459fc757ec9d8af7244cc2a85092,autoUSD,2025-07-03 21:51:23+00:00,27.659403,0-100
Deposit,0xedd6f717e82e0b9559f29a31244e380954409f0f6c92c4796698523c7dc07871,autoUSD,2025-07-04 14:42:23+00:00,135789.176274,100000-1000000
Deposit,0xd670169eb36e2a3e3236e650090ef3d40558408eca95189949d07ab2c01e7321,autoUSD,2025-07-04 19:04:35+00:00,8000.0,1000-10000
Deposit,0xe9fc8f4c2003b254b2c7e58e80045adfe7fa6eec7113e4c37f88a40ed6050b83,autoUSD,2025-07-06 13:17:35+00:00,305.258378,100-1000
Deposit,0x73d8817af8d52e2bf78d6240d6cf98d20910124b61a920cd321a07063d0aefa0,autoUSD,2025-07-06 14:56:11+00:00,1390.977045,1000-10000
Deposit,0x0cdbaa6710107334c1739eb261f57b14ef8113a68681c8e921da9891fc758331,autoUSD,2025-07-06 19:14:11+00:00,121.0,100-1000
Deposit,0x0d4201e299ff9b34a3bce11728476c61f2ce23bd0314e1dba80eff714261bd7c,autoUSD,2025-07-06 20:48:11+00:00,195.936581,100-1000
Deposit,0x2fec274179d7a0cdf869c6e9ccc7d6b776ccb44976bf867a4b6ec07b06b2d615,autoUSD,2025-07-08 21:09:23+00:00,915000.0,100000-1000000
Deposit,0xb936375d85825d54264f0c60048f73c3fa44c95eda2868f3625bb60d8f7fb12f,autoUSD,2025-07-09 02:13:35+00:00,147.072472,100-1000
Deposit,0x7c2ed6352c2976a2551531d2f88d6c7aa338bd916de550c4b090e6bc0eee44f6,autoUSD,2025-07-10 15:35:47+00:00,16992.357323,10000-100000
Deposit,0x2eeed80bcba7a037b8aa87bee4e2afca622cbfc74afb5ede02e3fed9774029e9,autoUSD,2025-07-10 20:56:23+00:00,2000.0,1000-10000
Deposit,0xbc2390feca08010f9c5465829295547d667295ec8a6da9328021ce5d1e46b54d,autoUSD,2025-07-11 17:13:35+00:00,100.0,100-1000
Deposit,0xcff879c8ba5ca064c7a3921130e7c2e67bbdb70eeb5c1f16e1a3e3c9e5d1a4dc,autoUSD,2025-07-11 20:32:35+00:00,24371.56985,10000-100000
Deposit,0xc84f3774c362e2f1bf0f7b71c24b21cffd5facaddea45ef81363773d0ab72ab9,autoUSD,2025-07-12 04:22:47+00:00,446.819021,100-1000
Deposit,0xf39bd1f1097624575dce64bed430ef91de360a47cf53fe39f7f02a93c3160176,autoUSD,2025-07-12 19:01:23+00:00,47.107524,0-100
Deposit,0xee4766e4fb110c201a2a4623a4f15bcbb8196579158fa51a167aeb76c05a8126,autoUSD,2025-07-17 01:01:11+00:00,25000.0,10000-100000
Deposit,0x8e8b7e8f39a4c81c79591356efe2ec7272f00ed4683defb2cde246ab42dbfd66,autoUSD,2025-07-17 18:04:23+00:00,38.652828,0-100
Deposit,0x4fcc57968da1cbefc4f1c8311b03787570875a7bb1cd77d4eeb5b9a24d7cac81,autoUSD,2025-07-17 22:13:59+00:00,100.0,100-1000
Deposit,0x80e24be4aa46d9c3216488d0b665319e2648afdfec20023e1a9240497cf31308,autoUSD,2025-07-18 08:24:11+00:00,358.296013,100-1000
Deposit,0x2bb655a1e4c27690f8b3826b11369138389afe33682ef646f10adbbe13ef0b97,autoUSD,2025-07-19 16:33:47+00:00,57.56,0-100
Deposit,0x7969f7f01b863c994dbddd20748039e854c525c5fd2ec7e5a2b2c9fd12a6a7ad,autoUSD,2025-07-19 17:05:11+00:00,999.468248,100-1000
Deposit,0x36bef121c13a1ea72a83e2a7f4f86cbc251dc5f497aab45b2020fd3d825953dd,autoUSD,2025-07-19 20:59:35+00:00,4646.460682,1000-10000
Deposit,0x29ef1455acb799d1dd0d522f26c6210f336cc54208489bb46e4a0e891f27e01c,autoUSD,2025-07-21 09:33:23+00:00,30000.0,10000-100000
Deposit,0xaa43418d7be0fd654e0a22280dc36aaaeb11ce47c4305c7e0fdd2bce3420dad2,autoUSD,2025-07-21 13:45:47+00:00,448.221502,100-1000
Deposit,0xb4194bd35a31187fb8cead40fb2acca438aff16967bd5f3c5344dc3661c9f30c,autoUSD,2025-07-21 15:36:23+00:00,741982.0,100000-1000000
