,index,destination_in_x,destination_out_x,block,safe_value_out,rebalance_file_path,fee_and_base_out,fee_and_base_in,destination_in_name,destination_out_name,out_exchange_name,in_exchange_name,pool_in,pool_out,file_name,datetime_generated,autopool_vault_address,chain_id,solver_address,rebalance_type,destination_out_y,token_out,destination_in_y,token_in,move_name,amount_out,amount_out_safe_value,min_amount_in,min_amount_in_safe_value,amount_out_spot_value,out_dest_apr,min_amount_in_spot_value,in_dest_apr,in_dest_adj_apr,apr_delta,swap_offset_period,num_candidate_destinations,candidate_destinations_rank,actual_30_day_fee_and_base_out,actual_60_day_fee_and_base_out,actual_30_day_fee_and_base_in,actual_60_day_fee_and_base_in,start_block,block_30_days,block_60_days,timestamp_30_days,timestamp_60_days,valid
0,0,0x35911af1B570E26f668905595dEd133D01CD3E5a,0xc4Eb861e7b66f593482a3D7E8adc314f6eEDA30B,23719983,136.7212068303253,,,,dineroETH,Balancer pxETH/wETH StablePool,balancer,tokemak,0x35911af1B570E26f668905595dEd133D01CD3E5a,0x88794C65550DeB6b4087B7552eCf295113794410,,,,,,,,,,,,,,,,,,,,,,,,,0.004237152038238268,0.0028790515205858735,0.0,0.0,23719983,23934483,24148983,2025-12-03 17:45:11+00:00,2026-01-02 19:16:35+00:00,True
1,1,0xc4Eb861e7b66f593482a3D7E8adc314f6eEDA30B,0x35911af1B570E26f668905595dEd133D01CD3E5a,23104258,44.143223574049664,rebalance_plan_1754751614_0x35911af1B570E26f668905595dEd133D01CD3E5a.json,,,Balancer pxETH/wETH StablePool,dineroETH,tokemak,balancer,0x88794C65550DeB6b4087B7552eCf295113794410,0x35911af1B570E26f668905595dEd133D01CD3E5a,rebalance_plan_1754751614_0x35911af1B570E26f668905595dEd133D01CD3E5a.json,2025-08-09 15:00:14+00:00,0x35911af1B570E26f668905595dEd133D01CD3E5a,1.0,0x76187c3b976101A4B886b76068ad6b91Eec18D9d,FromIdle,0x35911af1B570E26f668905595dEd133D01CD3E5a,0xC02aaA39b223FE8D0A0e5C4F27eAD9083C756Cc2,0xc4Eb861e7b66f593482a3D7E8adc314f6eEDA30B,0x88794C65550DeB6b4087B7552eCf295113794410,dineroETH -> pxETH/wETH,44.143223574049664,44.143223574049664,44.04037817770486,44.13279311864295,,,,0.060323699745841265,0.0584827768552573,0.0584827768552573,47.0,1.0,0.0,0.0,0.0,0.001668908792088697,0.0019685068565968855,23104258,23318758,23533258,2025-09-08 13:45:35+00:00,2025-10-08 13:14:23+00:00,True
2,2,0xc4Eb861e7b66f593482a3D7E8adc314f6eEDA30B,0x35911af1B570E26f668905595dEd133D01CD3E5a,23070251,69.70633737816414,rebalance_plan_1754341214_0x35911af1B570E26f668905595dEd133D01CD3E5a.json,,,Balancer pxETH/wETH StablePool,dineroETH,tokemak,balancer,0x88794C65550DeB6b4087B7552eCf295113794410,0x35911af1B570E26f668905595dEd133D01CD3E5a,rebalance_plan_1754341214_0x35911af1B570E26f668905595dEd133D01CD3E5a.json,2025-08-04 21:00:14+00:00,0x35911af1B570E26f668905595dEd133D01CD3E5a,1.0,0x76187c3b976101A4B886b76068ad6b91Eec18D9d,FromIdle,0x35911af1B570E26f668905595dEd133D01CD3E5a,0xC02aaA39b223FE8D0A0e5C4F27eAD9083C756Cc2,0xc4Eb861e7b66f593482a3D7E8adc314f6eEDA30B,0x88794C65550DeB6b4087B7552eCf295113794410,dineroETH -> pxETH/wETH,69.70633737816414,69.70633737816414,69.51399405621038,69.67048496685683,,,,0.06057148849607499,0.057696658111387286,0.057696658111387286,47.0,1.0,0.0,0.0,0.0,0.0016681570079049024,0.0017997472268220793,23070251,23284751,23499251,2025-09-03 19:43:47+00:00,2025-10-03 19:09:59+00:00,True
3,3,0xc4Eb861e7b66f593482a3D7E8adc314f6eEDA30B,0x35911af1B570E26f668905595dEd133D01CD3E5a,23046989,67.39446337400372,rebalance_plan_1754060414_0x35911af1B570E26f668905595dEd133D01CD3E5a.json,,,Balancer pxETH/wETH StablePool,dineroETH,tokemak,balancer,0x88794C65550DeB6b4087B7552eCf295113794410,0x35911af1B570E26f668905595dEd133D01CD3E5a,rebalance_plan_1754060414_0x35911af1B570E26f668905595dEd133D01CD3E5a.json,2025-08-01 15:00:14+00:00,0x35911af1B570E26f668905595dEd133D01CD3E5a,1.0,0x76187c3b976101A4B886b76068ad6b91Eec18D9d,FromIdle,0x35911af1B570E26f668905595dEd133D01CD3E5a,0xC02aaA39b223FE8D0A0e5C4F27eAD9083C756Cc2,0xc4Eb861e7b66f593482a3D7E8adc314f6eEDA30B,0x88794C65550DeB6b4087B7552eCf295113794410,dineroETH -> pxETH/wETH,67.39446337400372,67.39446337400372,67.1969867850443,67.3889830559148,,,,0.06312242613274315,0.0600456526376584,0.0600456526376584,47.0,1.0,0.0,0.0,0.0,0.0013163287102126997,0.0016420204698250895,23046989,23261489,23475989,2025-08-31 13:40:59+00:00,2025-09-30 13:04:59+00:00,True
4,4,0xc4Eb861e7b66f593482a3D7E8adc314f6eEDA30B,0x35911af1B570E26f668905595dEd133D01CD3E5a,23044304,22.46481947773956,rebalance_plan_1754028014_0x35911af1B570E26f668905595dEd133D01CD3E5a.json,,,Balancer pxETH/wETH StablePool,dineroETH,tokemak,balancer,0x88794C65550DeB6b4087B7552eCf295113794410,0x35911af1B570E26f668905595dEd133D01CD3E5a,rebalance_plan_1754028014_0x35911af1B570E26f668905595dEd133D01CD3E5a.json,2025-08-01 06:00:14+00:00,0x35911af1B570E26f668905595dEd133D01CD3E5a,1.0,0x76187c3b976101A4B886b76068ad6b91Eec18D9d,FromIdle,0x35911af1B570E26f668905595dEd133D01CD3E5a,0xC02aaA39b223FE8D0A0e5C4F27eAD9083C756Cc2,0xc4Eb861e7b66f593482a3D7E8adc314f6eEDA30B,0x88794C65550DeB6b4087B7552eCf295113794410,dineroETH -> pxETH/wETH,22.46481947773956,22.46481947773956,22.39405821401091,22.455561446444708,,,,0.06235549086528231,0.061309315605342925,0.061309315605342925,47.0,1.0,0.0,0.0,0.0,0.0012902775068495131,0.0016066656062101448,23044304,23258804,23473304,2025-08-31 04:42:11+00:00,2025-09-30 04:04:23+00:00,True
5,5,0xc4Eb861e7b66f593482a3D7E8adc314f6eEDA30B,0x35911af1B570E26f668905595dEd133D01CD3E5a,23041624,29.9531344937123,rebalance_plan_1753995613_0x35911af1B570E26f668905595dEd133D01CD3E5a.json,,,Balancer pxETH/wETH StablePool,dineroETH,tokemak,balancer,0x88794C65550DeB6b4087B7552eCf295113794410,0x35911af1B570E26f668905595dEd133D01CD3E5a,rebalance_plan_1753995613_0x35911af1B570E26f668905595dEd133D01CD3E5a.json,2025-07-31 21:00:13+00:00,0x35911af1B570E26f668905595dEd133D01CD3E5a,1.0,0x76187c3b976101A4B886b76068ad6b91Eec18D9d,FromIdle,0x35911af1B570E26f668905595dEd133D01CD3E5a,0xC02aaA39b223FE8D0A0e5C4F27eAD9083C756Cc2,0xc4Eb861e7b66f593482a3D7E8adc314f6eEDA30B,0x88794C65550DeB6b4087B7552eCf295113794410,dineroETH -> pxETH/wETH,29.9531344937123,29.9531344937123,29.85962834119194,29.942093637894107,,,,0.06500962413616074,0.06349044888581652,0.06349044888581652,47.0,1.0,0.0,0.0,0.0,0.0012851591390050654,0.0015953729926365678,23041624,23256124,23470624,2025-08-30 19:44:11+00:00,2025-09-29 19:05:47+00:00,True
6,6,0xc4Eb861e7b66f593482a3D7E8adc314f6eEDA30B,0x35911af1B570E26f668905595dEd133D01CD3E5a,23035376,43.46259532223811,rebalance_plan_1753920014_0x35911af1B570E26f668905595dEd133D01CD3E5a.json,,,Balancer pxETH/wETH StablePool,dineroETH,tokemak,balancer,0x88794C65550DeB6b4087B7552eCf295113794410,0x35911af1B570E26f668905595dEd133D01CD3E5a,rebalance_plan_1753920014_0x35911af1B570E26f668905595dEd133D01CD3E5a.json,2025-07-31 00:00:14+00:00,0x35911af1B570E26f668905595dEd133D01CD3E5a,1.0,0x76187c3b976101A4B886b76068ad6b91Eec18D9d,FromIdle,0x35911af1B570E26f668905595dEd133D01CD3E5a,0xC02aaA39b223FE8D0A0e5C4F27eAD9083C756Cc2,0xc4Eb861e7b66f593482a3D7E8adc314f6eEDA30B,0x88794C65550DeB6b4087B7552eCf295113794410,dineroETH -> pxETH/wETH,43.46259532223811,43.46259532223811,43.35392674867909,43.44885036294621,,,,0.06567265886766266,0.06347505865854235,0.06347505865854235,47.0,1.0,0.0,0.0,0.0,0.0012940321369467878,0.0016146131836487498,23035376,23249876,23464376,2025-08-29 22:50:11+00:00,2025-09-28 22:08:23+00:00,True
7,7,0xc4Eb861e7b66f593482a3D7E8adc314f6eEDA30B,0x35911af1B570E26f668905595dEd133D01CD3E5a,23032699,69.32444856703208,rebalance_plan_1753887615_0x35911af1B570E26f668905595dEd133D01CD3E5a.json,,,Balancer pxETH/wETH StablePool,dineroETH,tokemak,balancer,0x88794C65550DeB6b4087B7552eCf295113794410,0x35911af1B570E26f668905595dEd133D01CD3E5a,rebalance_plan_1753887615_0x35911af1B570E26f668905595dEd133D01CD3E5a.json,2025-07-30 15:00:15+00:00,0x35911af1B570E26f668905595dEd133D01CD3E5a,1.0,0x76187c3b976101A4B886b76068ad6b91Eec18D9d,FromIdle,0x35911af1B570E26f668905595dEd133D01CD3E5a,0xC02aaA39b223FE8D0A0e5C4F27eAD9083C756Cc2,0xc4Eb861e7b66f593482a3D7E8adc314f6eEDA30B,0x88794C65550DeB6b4087B7552eCf295113794410,dineroETH -> pxETH/wETH,69.32444856703208,69.32444856703208,69.15982915807213,69.29876554100379,,,,0.06907911922754942,0.06525341252096582,0.06525341252096582,47.0,1.0,0.0,0.0,0.0,0.0012936581291522753,0.0016145997117884558,23032699,23247199,23461699,2025-08-29 13:52:11+00:00,2025-09-28 13:09:23+00:00,True
8,8,0xc4Eb861e7b66f593482a3D7E8adc314f6eEDA30B,0x35911af1B570E26f668905595dEd133D01CD3E5a,23030018,23.1081484033342,rebalance_plan_1753855214_0x35911af1B570E26f668905595dEd133D01CD3E5a.json,,,Balancer pxETH/wETH StablePool,dineroETH,tokemak,balancer,0x88794C65550DeB6b4087B7552eCf295113794410,0x35911af1B570E26f668905595dEd133D01CD3E5a,rebalance_plan_1753855214_0x35911af1B570E26f668905595dEd133D01CD3E5a.json,2025-07-30 06:00:14+00:00,0x35911af1B570E26f668905595dEd133D01CD3E5a,1.0,0x76187c3b976101A4B886b76068ad6b91Eec18D9d,FromIdle,0x35911af1B570E26f668905595dEd133D01CD3E5a,0xC02aaA39b223FE8D0A0e5C4F27eAD9083C756Cc2,0xc4Eb861e7b66f593482a3D7E8adc314f6eEDA30B,0x88794C65550DeB6b4087B7552eCf295113794410,dineroETH -> pxETH/wETH,23.1081484033342,23.1081484033342,23.053366645445475,23.10450322633838,,,,0.07302409150102977,0.071538327382966,0.071538327382966,47.0,1.0,0.0,0.0,0.0,0.0012828204881696337,0.001613045312415906,23030018,23244518,23459018,2025-08-29 04:53:11+00:00,2025-09-28 04:08:47+00:00,True
9,9,0xc4Eb861e7b66f593482a3D7E8adc314f6eEDA30B,0x35911af1B570E26f668905595dEd133D01CD3E5a,23027337,28.645332145332084,rebalance_plan_1753822814_0x35911af1B570E26f668905595dEd133D01CD3E5a.json,,,Balancer pxETH/wETH StablePool,dineroETH,tokemak,balancer,0x88794C65550DeB6b4087B7552eCf295113794410,0x35911af1B570E26f668905595dEd133D01CD3E5a,rebalance_plan_1753822814_0x35911af1B570E26f668905595dEd133D01CD3E5a.json,2025-07-29 21:00:14+00:00,0x35911af1B570E26f668905595dEd133D01CD3E5a,1.0,0x76187c3b976101A4B886b76068ad6b91Eec18D9d,FromIdle,0x35911af1B570E26f668905595dEd133D01CD3E5a,0xC02aaA39b223FE8D0A0e5C4F27eAD9083C756Cc2,0xc4Eb861e7b66f593482a3D7E8adc314f6eEDA30B,0x88794C65550DeB6b4087B7552eCf295113794410,dineroETH -> pxETH/wETH,28.645332145332084,28.645332145332084,28.58326980446714,28.64784368559673,,,,0.0730946422687794,0.07125986510209857,0.07125986510209857,47.0,1.0,0.0,0.0,0.0,0.0012741297879224067,0.00161218716584699,23027337,23241837,23456337,2025-08-28 19:55:23+00:00,2025-09-27 19:09:59+00:00,True
10,10,0xc4Eb861e7b66f593482a3D7E8adc314f6eEDA30B,0x35911af1B570E26f668905595dEd133D01CD3E5a,23024659,24.199222949304605,rebalance_plan_1753790414_0x35911af1B570E26f668905595dEd133D01CD3E5a.json,,,Balancer pxETH/wETH StablePool,dineroETH,tokemak,balancer,0x88794C65550DeB6b4087B7552eCf295113794410,0x35911af1B570E26f668905595dEd133D01CD3E5a,rebalance_plan_1753790414_0x35911af1B570E26f668905595dEd133D01CD3E5a.json,2025-07-29 12:00:14+00:00,0x35911af1B570E26f668905595dEd133D01CD3E5a,1.0,0x76187c3b976101A4B886b76068ad6b91Eec18D9d,FromIdle,0x35911af1B570E26f668905595dEd133D01CD3E5a,0xC02aaA39b223FE8D0A0e5C4F27eAD9083C756Cc2,0xc4Eb861e7b66f593482a3D7E8adc314f6eEDA30B,0x88794C65550DeB6b4087B7552eCf295113794410,dineroETH -> pxETH/wETH,24.199222949304605,24.199222949304605,24.134344707320405,24.18768714003968,,,,0.071369026445121,0.0698819574925369,0.0698819574925369,47.0,1.0,0.0,0.0,0.0,0.0012829220716248368,0.0015032763599860388,23024659,23239159,23453659,2025-08-28 10:55:59+00:00,2025-09-27 10:10:11+00:00,True
11,11,0xc4Eb861e7b66f593482a3D7E8adc314f6eEDA30B,0xe4433D00Cf48BFE0C672d9949F2cd2c008bffC04,22872541,75.02250271220605,rebalance_plan_1751954414_0x35911af1B570E26f668905595dEd133D01CD3E5a.json,,,Balancer pxETH/wETH StablePool,pxETH/stETH,curve,balancer,0x88794C65550DeB6b4087B7552eCf295113794410,0x6951bDC4734b9f7F3E1B74afeBC670c736A0EDB6,rebalance_plan_1751954414_0x35911af1B570E26f668905595dEd133D01CD3E5a.json,2025-07-08 06:00:14+00:00,0x35911af1B570E26f668905595dEd133D01CD3E5a,1.0,0x76187c3b976101A4B886b76068ad6b91Eec18D9d,Pool2Pool,0xe4433D00Cf48BFE0C672d9949F2cd2c008bffC04,0x6951bDC4734b9f7F3E1B74afeBC670c736A0EDB6,0xc4Eb861e7b66f593482a3D7E8adc314f6eEDA30B,0x88794C65550DeB6b4087B7552eCf295113794410,pxsteth -> pxETH/wETH,73.62128722622933,75.02250226363233,74.79292517389263,75.01571391720404,,0.08082784070908443,,0.3724684047265844,0.3326584786514263,0.25183063794234184,47.0,1.0,0.0,0.013884656695698716,0.013003488325886714,0.001778003970862363,0.0018373004802973991,22872541,23087041,23301541,2025-08-07 05:17:23+00:00,2025-09-06 04:00:47+00:00,True
12,12,0xc4Eb861e7b66f593482a3D7E8adc314f6eEDA30B,0xe4433D00Cf48BFE0C672d9949F2cd2c008bffC04,22869865,25.00792207101169,rebalance_plan_1751922015_0x35911af1B570E26f668905595dEd133D01CD3E5a.json,,,Balancer pxETH/wETH StablePool,pxETH/stETH,curve,balancer,0x88794C65550DeB6b4087B7552eCf295113794410,0x6951bDC4734b9f7F3E1B74afeBC670c736A0EDB6,rebalance_plan_1751922015_0x35911af1B570E26f668905595dEd133D01CD3E5a.json,2025-07-07 21:00:15+00:00,0x35911af1B570E26f668905595dEd133D01CD3E5a,1.0,0x76187c3b976101A4B886b76068ad6b91Eec18D9d,Pool2Pool,0xe4433D00Cf48BFE0C672d9949F2cd2c008bffC04,0x6951bDC4734b9f7F3E1B74afeBC670c736A0EDB6,0xc4Eb861e7b66f593482a3D7E8adc314f6eEDA30B,0x88794C65550DeB6b4087B7552eCf295113794410,pxsteth -> pxETH/wETH,24.540429075409772,25.007922896743956,24.932425284506984,25.005525314538485,,0.0922428513021861,,0.3720094677110597,0.3577288805615899,0.2654860292594038,47.0,1.0,0.0,0.01392670380052019,0.013029207549210664,0.0018143698755166415,0.0017941013494733316,22869865,23084365,23298865,2025-08-06 20:18:59+00:00,2025-09-05 19:02:11+00:00,True
13,13,0xe4433D00Cf48BFE0C672d9949F2cd2c008bffC04,0xc4Eb861e7b66f593482a3D7E8adc314f6eEDA30B,22738386,99.99810336923863,rebalance_plan_1750334415_0x35911af1B570E26f668905595dEd133D01CD3E5a.json,,,pxETH/stETH,Balancer pxETH/wETH StablePool,balancer,curve,0x6951bDC4734b9f7F3E1B74afeBC670c736A0EDB6,0x88794C65550DeB6b4087B7552eCf295113794410,rebalance_plan_1750334415_0x35911af1B570E26f668905595dEd133D01CD3E5a.json,2025-06-19 12:00:15+00:00,0x35911af1B570E26f668905595dEd133D01CD3E5a,1.0,0x76187c3b976101A4B886b76068ad6b91Eec18D9d,Pool2Pool,0xc4Eb861e7b66f593482a3D7E8adc314f6eEDA30B,0x88794C65550DeB6b4087B7552eCf295113794410,0xe4433D00Cf48BFE0C672d9949F2cd2c008bffC04,0x6951bDC4734b9f7F3E1B74afeBC670c736A0EDB6,pxETH/wETH -> pxsteth,99.729237213541,99.99810699761844,98.10263311752955,99.97390736727715,,0.002461602174792136,,0.018352996993827603,0.01824620271227105,0.015784600537478915,47.0,1.0,0.0,0.002819566786521177,0.002144414365504499,0.01314663955159312,0.012989426001476234,22738386,22952886,23167386,2025-07-19 11:15:47+00:00,2025-08-18 10:35:35+00:00,True
14,14,0xc4Eb861e7b66f593482a3D7E8adc314f6eEDA30B,0xe4433D00Cf48BFE0C672d9949F2cd2c008bffC04,22619529,63.102133366936314,rebalance_plan_1748898041_0x35911af1B570E26f668905595dEd133D01CD3E5a.json,,,Balancer pxETH/wETH StablePool,pxETH/stETH,curve,balancer,0x88794C65550DeB6b4087B7552eCf295113794410,0x6951bDC4734b9f7F3E1B74afeBC670c736A0EDB6,rebalance_plan_1748898041_0x35911af1B570E26f668905595dEd133D01CD3E5a.json,2025-06-02 21:00:41+00:00,0x35911af1B570E26f668905595dEd133D01CD3E5a,1.0,0x76187c3b976101A4B886b76068ad6b91Eec18D9d,Pool2Pool,0xe4433D00Cf48BFE0C672d9949F2cd2c008bffC04,0x6951bDC4734b9f7F3E1B74afeBC670c736A0EDB6,0xc4Eb861e7b66f593482a3D7E8adc314f6eEDA30B,0x88794C65550DeB6b4087B7552eCf295113794410,pxsteth -> pxETH/wETH,61.99239870238246,63.102134383655574,62.91455556745806,63.09695914880516,,0.04397619499296172,,0.04886602881473765,0.04796870971079499,0.003992514717833268,47.0,1.0,0.0,0.01131534774472076,0.012710126168045788,0.00201644840013282,0.002245958041650953,22619529,22834029,23048529,2025-07-02 20:49:35+00:00,2025-08-01 20:09:59+00:00,True
15,15,0xc4Eb861e7b66f593482a3D7E8adc314f6eEDA30B,0xbA1462f43c6f60ebD1C62735c94E428aD073E01A,22616855,61.522829145260346,rebalance_plan_1748865641_0x35911af1B570E26f668905595dEd133D01CD3E5a.json,,,Balancer pxETH/wETH StablePool,pxETH/wETH,curve,balancer,0x88794C65550DeB6b4087B7552eCf295113794410,0xC8Eb2Cf2f792F77AF0Cd9e203305a585E588179D,rebalance_plan_1748865641_0x35911af1B570E26f668905595dEd133D01CD3E5a.json,2025-06-02 12:00:41+00:00,0x35911af1B570E26f668905595dEd133D01CD3E5a,1.0,0x76187c3b976101A4B886b76068ad6b91Eec18D9d,Pool2Pool,0xbA1462f43c6f60ebD1C62735c94E428aD073E01A,0xC8Eb2Cf2f792F77AF0Cd9e203305a585E588179D,0xc4Eb861e7b66f593482a3D7E8adc314f6eEDA30B,0x88794C65550DeB6b4087B7552eCf295113794410,pxethweth -> pxETH/wETH,61.46937449549466,61.52283043773616,61.33499537275744,61.51285507651233,,0.04307091396682764,,0.05244788023328698,0.05145271162278797,0.008381797655960331,47.0,2.0,0.0,0.0028987286344517305,0.003591331050474267,0.002020053347590034,0.0022277596930770915,22616855,22831355,23045855,2025-07-02 11:51:35+00:00,2025-08-01 11:12:35+00:00,True
16,16,0xc4Eb861e7b66f593482a3D7E8adc314f6eEDA30B,0xbA1462f43c6f60ebD1C62735c94E428aD073E01A,22614183,20.508925081770354,rebalance_plan_1748833241_0x35911af1B570E26f668905595dEd133D01CD3E5a.json,,,Balancer pxETH/wETH StablePool,pxETH/wETH,curve,balancer,0x88794C65550DeB6b4087B7552eCf295113794410,0xC8Eb2Cf2f792F77AF0Cd9e203305a585E588179D,rebalance_plan_1748833241_0x35911af1B570E26f668905595dEd133D01CD3E5a.json,2025-06-02 03:00:41+00:00,0x35911af1B570E26f668905595dEd133D01CD3E5a,1.0,0x76187c3b976101A4B886b76068ad6b91Eec18D9d,Pool2Pool,0xbA1462f43c6f60ebD1C62735c94E428aD073E01A,0xC8Eb2Cf2f792F77AF0Cd9e203305a585E588179D,0xc4Eb861e7b66f593482a3D7E8adc314f6eEDA30B,0x88794C65550DeB6b4087B7552eCf295113794410,pxethweth -> pxETH/wETH,20.48979149849822,20.508926191846573,20.443430808361725,20.504238286268155,,0.043132407095611294,,0.052773488325662386,0.05243687015098154,0.009304463055370249,47.0,2.0,0.0,0.002920965201509418,0.003596703014751901,0.0020268006080488288,0.002231440230549664,22614183,22828683,23043183,2025-07-02 02:53:23+00:00,2025-08-01 02:14:59+00:00,True
17,17,0xc4Eb861e7b66f593482a3D7E8adc314f6eEDA30B,0xbA1462f43c6f60ebD1C62735c94E428aD073E01A,22611500,27.346232423357225,rebalance_plan_1748800840_0x35911af1B570E26f668905595dEd133D01CD3E5a.json,,,Balancer pxETH/wETH StablePool,pxETH/wETH,curve,balancer,0x88794C65550DeB6b4087B7552eCf295113794410,0xC8Eb2Cf2f792F77AF0Cd9e203305a585E588179D,rebalance_plan_1748800840_0x35911af1B570E26f668905595dEd133D01CD3E5a.json,2025-06-01 18:00:40+00:00,0x35911af1B570E26f668905595dEd133D01CD3E5a,1.0,0x76187c3b976101A4B886b76068ad6b91Eec18D9d,Pool2Pool,0xbA1462f43c6f60ebD1C62735c94E428aD073E01A,0xC8Eb2Cf2f792F77AF0Cd9e203305a585E588179D,0xc4Eb861e7b66f593482a3D7E8adc314f6eEDA30B,0x88794C65550DeB6b4087B7552eCf295113794410,pxethweth -> pxETH/wETH,27.319721997997625,27.346233902063965,27.25787770884467,27.34058932562921,,0.0430570786094945,,0.05549854554611514,0.055002089809238826,0.011945011199744324,47.0,2.0,0.0,0.002912027924692584,0.0035929484592875927,0.0020268307820459075,0.002231484161402175,22611500,22826000,23040500,2025-07-01 17:52:59+00:00,2025-07-31 17:13:23+00:00,True
18,18,0xc4Eb861e7b66f593482a3D7E8adc314f6eEDA30B,0xbA1462f43c6f60ebD1C62735c94E428aD073E01A,22608826,36.46296289444113,rebalance_plan_1748768441_0x35911af1B570E26f668905595dEd133D01CD3E5a.json,,,Balancer pxETH/wETH StablePool,pxETH/wETH,curve,balancer,0x88794C65550DeB6b4087B7552eCf295113794410,0xC8Eb2Cf2f792F77AF0Cd9e203305a585E588179D,rebalance_plan_1748768441_0x35911af1B570E26f668905595dEd133D01CD3E5a.json,2025-06-01 09:00:41+00:00,0x35911af1B570E26f668905595dEd133D01CD3E5a,1.0,0x76187c3b976101A4B886b76068ad6b91Eec18D9d,Pool2Pool,0xbA1462f43c6f60ebD1C62735c94E428aD073E01A,0xC8Eb2Cf2f792F77AF0Cd9e203305a585E588179D,0xc4Eb861e7b66f593482a3D7E8adc314f6eEDA30B,0x88794C65550DeB6b4087B7552eCf295113794410,pxethweth -> pxETH/wETH,36.42629599733017,36.46296487297757,36.344222863289694,36.45668427485355,,0.04188936984741624,,0.055866172052628706,0.05520169058999414,0.013312320742577904,49.0,2.0,0.0,0.0029144409717216657,0.003562927295615026,0.001923945102935365,0.0022121208883723043,22608826,22823326,23037826,2025-07-01 08:54:23+00:00,2025-07-31 08:14:11+00:00,True
19,19,0xc4Eb861e7b66f593482a3D7E8adc314f6eEDA30B,0xbA1462f43c6f60ebD1C62735c94E428aD073E01A,22606148,48.61050214102214,rebalance_plan_1748736041_0x35911af1B570E26f668905595dEd133D01CD3E5a.json,,,Balancer pxETH/wETH StablePool,pxETH/wETH,curve,balancer,0x88794C65550DeB6b4087B7552eCf295113794410,0xC8Eb2Cf2f792F77AF0Cd9e203305a585E588179D,rebalance_plan_1748736041_0x35911af1B570E26f668905595dEd133D01CD3E5a.json,2025-06-01 00:00:41+00:00,0x35911af1B570E26f668905595dEd133D01CD3E5a,1.0,0x76187c3b976101A4B886b76068ad6b91Eec18D9d,Pool2Pool,0xbA1462f43c6f60ebD1C62735c94E428aD073E01A,0xC8Eb2Cf2f792F77AF0Cd9e203305a585E588179D,0xc4Eb861e7b66f593482a3D7E8adc314f6eEDA30B,0x88794C65550DeB6b4087B7552eCf295113794410,pxethweth -> pxETH/wETH,48.56839466310689,48.61050110942166,48.459554130690684,48.59852041598193,,0.04230295222993888,,0.05669599094257634,0.05580448195086368,0.013501529720924804,49.0,2.0,0.0,0.0029141323691697085,0.0035557389439124787,0.0019207124104994033,0.0022121012284399555,22606148,22820648,23035148,2025-06-30 23:54:47+00:00,2025-07-30 23:14:47+00:00,True
20,20,0xc4Eb861e7b66f593482a3D7E8adc314f6eEDA30B,0xbA1462f43c6f60ebD1C62735c94E428aD073E01A,22603466,64.81638332616993,rebalance_plan_1748703642_0x35911af1B570E26f668905595dEd133D01CD3E5a.json,,,Balancer pxETH/wETH StablePool,pxETH/wETH,curve,balancer,0x88794C65550DeB6b4087B7552eCf295113794410,0xC8Eb2Cf2f792F77AF0Cd9e203305a585E588179D,rebalance_plan_1748703642_0x35911af1B570E26f668905595dEd133D01CD3E5a.json,2025-05-31 15:00:42+00:00,0x35911af1B570E26f668905595dEd133D01CD3E5a,1.0,0x76187c3b976101A4B886b76068ad6b91Eec18D9d,Pool2Pool,0xbA1462f43c6f60ebD1C62735c94E428aD073E01A,0xC8Eb2Cf2f792F77AF0Cd9e203305a585E588179D,0xc4Eb861e7b66f593482a3D7E8adc314f6eEDA30B,0x88794C65550DeB6b4087B7552eCf295113794410,pxethweth -> pxETH/wETH,64.75785955080919,64.81638685964928,64.61287121064521,64.80203220653257,,0.042380404841795755,,0.061992935181212475,0.0605907807369373,0.018210375895141545,49.0,2.0,0.0,0.0029143889143428137,0.003543114799295033,0.001920705498798192,0.002212117766067223,22603466,22817966,23032466,2025-06-30 14:55:11+00:00,2025-07-30 14:13:59+00:00,True
21,21,0xc4Eb861e7b66f593482a3D7E8adc314f6eEDA30B,0xbA1462f43c6f60ebD1C62735c94E428aD073E01A,22600786,86.40207311877977,rebalance_plan_1748671241_0x35911af1B570E26f668905595dEd133D01CD3E5a.json,,,Balancer pxETH/wETH StablePool,pxETH/wETH,curve,balancer,0x88794C65550DeB6b4087B7552eCf295113794410,0xC8Eb2Cf2f792F77AF0Cd9e203305a585E588179D,rebalance_plan_1748671241_0x35911af1B570E26f668905595dEd133D01CD3E5a.json,2025-05-31 06:00:41+00:00,0x35911af1B570E26f668905595dEd133D01CD3E5a,1.0,0x76187c3b976101A4B886b76068ad6b91Eec18D9d,Pool2Pool,0xbA1462f43c6f60ebD1C62735c94E428aD073E01A,0xC8Eb2Cf2f792F77AF0Cd9e203305a585E588179D,0xc4Eb861e7b66f593482a3D7E8adc314f6eEDA30B,0x88794C65550DeB6b4087B7552eCf295113794410,pxethweth -> pxETH/wETH,86.34381273441225,86.40207779213671,86.1467155353466,86.36792393708346,,0.04244007775384774,,0.06269994002649493,0.06082104587797485,0.01838096812412711,49.0,2.0,0.0,0.0024350176826122283,0.0035398910128172645,0.0018583798937019669,0.0022141305392058275,22600786,22815286,23029786,2025-06-30 05:57:35+00:00,2025-07-30 05:14:23+00:00,True
22,22,0xc4Eb861e7b66f593482a3D7E8adc314f6eEDA30B,0xe4433D00Cf48BFE0C672d9949F2cd2c008bffC04,22598099,21.024361360293433,rebalance_plan_1748638841_0x35911af1B570E26f668905595dEd133D01CD3E5a.json,,,Balancer pxETH/wETH StablePool,pxETH/stETH,curve,balancer,0x88794C65550DeB6b4087B7552eCf295113794410,0x6951bDC4734b9f7F3E1B74afeBC670c736A0EDB6,rebalance_plan_1748638841_0x35911af1B570E26f668905595dEd133D01CD3E5a.json,2025-05-30 21:00:41+00:00,0x35911af1B570E26f668905595dEd133D01CD3E5a,1.0,0x76187c3b976101A4B886b76068ad6b91Eec18D9d,Pool2Pool,0xe4433D00Cf48BFE0C672d9949F2cd2c008bffC04,0x6951bDC4734b9f7F3E1B74afeBC670c736A0EDB6,0xc4Eb861e7b66f593482a3D7E8adc314f6eEDA30B,0x88794C65550DeB6b4087B7552eCf295113794410,pxsteth -> pxETH/wETH,20.664132900794154,21.024362476565297,20.9726325845216,21.027738554387184,,0.04522831022369575,,0.07568061107073332,0.07501174103608553,0.02978343081238978,49.0,2.0,0.0,0.011049346995823939,0.012706717712474891,0.0018585440729594893,0.0022141919567957302,22598099,22812599,23027099,2025-06-29 20:54:35+00:00,2025-07-29 20:12:35+00:00,True
23,23,0xc4Eb861e7b66f593482a3D7E8adc314f6eEDA30B,0xbA1462f43c6f60ebD1C62735c94E428aD073E01A,22595418,99.99731241674328,rebalance_plan_1748606440_0x35911af1B570E26f668905595dEd133D01CD3E5a.json,,,Balancer pxETH/wETH StablePool,pxETH/wETH,curve,balancer,0x88794C65550DeB6b4087B7552eCf295113794410,0xC8Eb2Cf2f792F77AF0Cd9e203305a585E588179D,rebalance_plan_1748606440_0x35911af1B570E26f668905595dEd133D01CD3E5a.json,2025-05-30 12:00:40+00:00,0x35911af1B570E26f668905595dEd133D01CD3E5a,1.0,0x76187c3b976101A4B886b76068ad6b91Eec18D9d,Pool2Pool,0xbA1462f43c6f60ebD1C62735c94E428aD073E01A,0xC8Eb2Cf2f792F77AF0Cd9e203305a585E588179D,0xc4Eb861e7b66f593482a3D7E8adc314f6eEDA30B,0x88794C65550DeB6b4087B7552eCf295113794410,pxethweth -> pxETH/wETH,99.92366711219303,99.99731943420754,99.70177528099194,99.97806730191802,,0.04408441730765357,,0.08460782278356731,0.0808395409503491,0.036755123642695536,49.0,2.0,0.0,0.0024688178946190575,0.003483567813702626,0.0019663609616338285,0.0022531714762903388,22595418,22809918,23024418,2025-06-29 11:54:47+00:00,2025-07-29 11:12:11+00:00,True
24,24,0xc4Eb861e7b66f593482a3D7E8adc314f6eEDA30B,0xbA1462f43c6f60ebD1C62735c94E428aD073E01A,22592736,99.99186695639142,rebalance_plan_1748574040_0x35911af1B570E26f668905595dEd133D01CD3E5a.json,,,Balancer pxETH/wETH StablePool,pxETH/wETH,curve,balancer,0x88794C65550DeB6b4087B7552eCf295113794410,0xC8Eb2Cf2f792F77AF0Cd9e203305a585E588179D,rebalance_plan_1748574040_0x35911af1B570E26f668905595dEd133D01CD3E5a.json,2025-05-30 03:00:40+00:00,0x35911af1B570E26f668905595dEd133D01CD3E5a,1.0,0x76187c3b976101A4B886b76068ad6b91Eec18D9d,Pool2Pool,0xbA1462f43c6f60ebD1C62735c94E428aD073E01A,0xC8Eb2Cf2f792F77AF0Cd9e203305a585E588179D,0xc4Eb861e7b66f593482a3D7E8adc314f6eEDA30B,0x88794C65550DeB6b4087B7552eCf295113794410,pxethweth -> pxETH/wETH,99.93579382521054,99.99187258935328,99.71353653694534,99.96576203877122,,0.0443117412612936,,0.09705776053469792,0.09221987376716345,0.04790813250586985,49.0,2.0,0.0,0.002482572411348194,0.003470493811901898,0.00197341058372702,0.002255221173613986,22592736,22807236,23021736,2025-06-29 02:53:47+00:00,2025-07-29 02:13:11+00:00,True
25,25,0xc4Eb861e7b66f593482a3D7E8adc314f6eEDA30B,0xbA1462f43c6f60ebD1C62735c94E428aD073E01A,22590055,99.99210791579767,rebalance_plan_1748541641_0x35911af1B570E26f668905595dEd133D01CD3E5a.json,,,Balancer pxETH/wETH StablePool,pxETH/wETH,curve,balancer,0x88794C65550DeB6b4087B7552eCf295113794410,0xC8Eb2Cf2f792F77AF0Cd9e203305a585E588179D,rebalance_plan_1748541641_0x35911af1B570E26f668905595dEd133D01CD3E5a.json,2025-05-29 18:00:41+00:00,0x35911af1B570E26f668905595dEd133D01CD3E5a,1.0,0x76187c3b976101A4B886b76068ad6b91Eec18D9d,Pool2Pool,0xbA1462f43c6f60ebD1C62735c94E428aD073E01A,0xC8Eb2Cf2f792F77AF0Cd9e203305a585E588179D,0xc4Eb861e7b66f593482a3D7E8adc314f6eEDA30B,0x88794C65550DeB6b4087B7552eCf295113794410,pxethweth -> pxETH/wETH,99.93332904993039,99.99211351674974,99.71425293629055,99.96651816115731,,0.044485357370059965,,0.10070444370779819,0.09567950606295844,0.051194148692898477,49.0,2.0,0.0,0.002604241726736456,0.0035412995513852685,0.001977132057893627,0.002269102931313993,22590055,22804555,23019055,2025-06-28 17:54:23+00:00,2025-07-28 17:12:47+00:00,True
26,26,0xbA1462f43c6f60ebD1C62735c94E428aD073E01A,0xe4433D00Cf48BFE0C672d9949F2cd2c008bffC04,22554352,66.4437829379847,rebalance_plan_1748109641_0x35911af1B570E26f668905595dEd133D01CD3E5a.json,,,pxETH/wETH,pxETH/stETH,curve,curve,0xC8Eb2Cf2f792F77AF0Cd9e203305a585E588179D,0x6951bDC4734b9f7F3E1B74afeBC670c736A0EDB6,rebalance_plan_1748109641_0x35911af1B570E26f668905595dEd133D01CD3E5a.json,2025-05-24 18:00:41+00:00,0x35911af1B570E26f668905595dEd133D01CD3E5a,1.0,0x76187c3b976101A4B886b76068ad6b91Eec18D9d,Pool2Pool,0xe4433D00Cf48BFE0C672d9949F2cd2c008bffC04,0x6951bDC4734b9f7F3E1B74afeBC670c736A0EDB6,0xbA1462f43c6f60ebD1C62735c94E428aD073E01A,0xC8Eb2Cf2f792F77AF0Cd9e203305a585E588179D,pxsteth -> pxethweth,65.3483330114382,66.44378726419014,66.42170123652767,66.4432243968742,,0.045622395411079195,,0.04917447723189494,0.048489094529186975,0.002866699118107781,49.0,1.0,0.0,0.01100255529780636,0.012570354751147095,0.0024031037692000545,0.00358449203501654,22554352,22768852,22983352,2025-06-23 18:15:23+00:00,2025-07-23 17:27:47+00:00,True
27,27,0xbA1462f43c6f60ebD1C62735c94E428aD073E01A,0xc4Eb861e7b66f593482a3D7E8adc314f6eEDA30B,22551672,78.7121484193802,rebalance_plan_1748077241_0x35911af1B570E26f668905595dEd133D01CD3E5a.json,,,pxETH/wETH,Balancer pxETH/wETH StablePool,balancer,curve,0xC8Eb2Cf2f792F77AF0Cd9e203305a585E588179D,0x88794C65550DeB6b4087B7552eCf295113794410,rebalance_plan_1748077241_0x35911af1B570E26f668905595dEd133D01CD3E5a.json,2025-05-24 09:00:41+00:00,0x35911af1B570E26f668905595dEd133D01CD3E5a,1.0,0x76187c3b976101A4B886b76068ad6b91Eec18D9d,Pool2Pool,0xc4Eb861e7b66f593482a3D7E8adc314f6eEDA30B,0x88794C65550DeB6b4087B7552eCf295113794410,0xbA1462f43c6f60ebD1C62735c94E428aD073E01A,0xC8Eb2Cf2f792F77AF0Cd9e203305a585E588179D,pxETH/wETH -> pxethweth,78.58501706010055,78.71215209806347,78.67012197923113,78.69780284893105,,0.03000980554133327,,0.0490833968591187,0.048275348824045515,0.018265543282712245,49.0,2.0,0.0,0.001964344854355371,0.002428715866140463,0.0022842132691360817,0.003568561836295503,22551672,22766172,22980672,2025-06-23 09:15:35+00:00,2025-07-23 08:26:23+00:00,True
28,28,0xe4433D00Cf48BFE0C672d9949F2cd2c008bffC04,0xc4Eb861e7b66f593482a3D7E8adc314f6eEDA30B,22549003,26.25258720756838,rebalance_plan_1748044841_0x35911af1B570E26f668905595dEd133D01CD3E5a.json,,,pxETH/stETH,Balancer pxETH/wETH StablePool,balancer,curve,0x6951bDC4734b9f7F3E1B74afeBC670c736A0EDB6,0x88794C65550DeB6b4087B7552eCf295113794410,rebalance_plan_1748044841_0x35911af1B570E26f668905595dEd133D01CD3E5a.json,2025-05-24 00:00:41+00:00,0x35911af1B570E26f668905595dEd133D01CD3E5a,1.0,0x76187c3b976101A4B886b76068ad6b91Eec18D9d,Pool2Pool,0xc4Eb861e7b66f593482a3D7E8adc314f6eEDA30B,0x88794C65550DeB6b4087B7552eCf295113794410,0xe4433D00Cf48BFE0C672d9949F2cd2c008bffC04,0x6951bDC4734b9f7F3E1B74afeBC670c736A0EDB6,pxETH/wETH -> pxsteth,26.195005686700185,26.252588741398174,25.785435879455257,26.24784252829492,,0.02822006667803872,,0.0436314966349022,0.04349642212043677,0.01527635544239805,51.0,2.0,0.0,0.0018830216831642321,0.0024208175240043595,0.010893459812689743,0.012467796384415308,22549003,22763503,22978003,2025-06-23 00:17:59+00:00,2025-07-22 23:30:35+00:00,True
29,29,0xe4433D00Cf48BFE0C672d9949F2cd2c008bffC04,0xc4Eb861e7b66f593482a3D7E8adc314f6eEDA30B,22544537,35.00326763575489,rebalance_plan_1747990841_0x35911af1B570E26f668905595dEd133D01CD3E5a.json,,,pxETH/stETH,Balancer pxETH/wETH StablePool,balancer,curve,0x6951bDC4734b9f7F3E1B74afeBC670c736A0EDB6,0x88794C65550DeB6b4087B7552eCf295113794410,rebalance_plan_1747990841_0x35911af1B570E26f668905595dEd133D01CD3E5a.json,2025-05-23 09:00:41+00:00,0x35911af1B570E26f668905595dEd133D01CD3E5a,1.0,0x76187c3b976101A4B886b76068ad6b91Eec18D9d,Pool2Pool,0xc4Eb861e7b66f593482a3D7E8adc314f6eEDA30B,0x88794C65550DeB6b4087B7552eCf295113794410,0xe4433D00Cf48BFE0C672d9949F2cd2c008bffC04,0x6951bDC4734b9f7F3E1B74afeBC670c736A0EDB6,pxETH/wETH -> pxsteth,34.92667424893358,35.003269186632174,34.38005406731039,34.9909657784185,,0.030381964625495354,,0.04605291013906139,0.04586320290790695,0.015481238282411595,51.0,2.0,0.0,0.002381004064414327,0.002676521669188414,0.0110681974061273,0.012434348683831864,22544537,22759037,22973537,2025-06-22 09:17:59+00:00,2025-07-22 08:29:11+00:00,True
30,30,0xe4433D00Cf48BFE0C672d9949F2cd2c008bffC04,0xc4Eb861e7b66f593482a3D7E8adc314f6eEDA30B,22541855,46.67286217052514,rebalance_plan_1747958441_0x35911af1B570E26f668905595dEd133D01CD3E5a.json,,,pxETH/stETH,Balancer pxETH/wETH StablePool,balancer,curve,0x6951bDC4734b9f7F3E1B74afeBC670c736A0EDB6,0x88794C65550DeB6b4087B7552eCf295113794410,rebalance_plan_1747958441_0x35911af1B570E26f668905595dEd133D01CD3E5a.json,2025-05-23 00:00:41+00:00,0x35911af1B570E26f668905595dEd133D01CD3E5a,1.0,0x76187c3b976101A4B886b76068ad6b91Eec18D9d,Pool2Pool,0xc4Eb861e7b66f593482a3D7E8adc314f6eEDA30B,0x88794C65550DeB6b4087B7552eCf295113794410,0xe4433D00Cf48BFE0C672d9949F2cd2c008bffC04,0x6951bDC4734b9f7F3E1B74afeBC670c736A0EDB6,pxETH/wETH -> pxsteth,46.56889899857811,46.672864240250796,45.84231628870682,46.658628842935954,,0.032668304201369784,,0.04590238685480332,0.04565102026674971,0.012982716065379929,51.0,2.0,0.0,0.0023458257770261337,0.002622281682932215,0.011062103951876123,0.012395827298156803,22541855,22756355,22970855,2025-06-22 00:17:11+00:00,2025-07-21 23:30:23+00:00,True
31,31,0xe4433D00Cf48BFE0C672d9949F2cd2c008bffC04,0xc4Eb861e7b66f593482a3D7E8adc314f6eEDA30B,22539173,67.73434769185654,rebalance_plan_1747926041_0x35911af1B570E26f668905595dEd133D01CD3E5a.json,,,pxETH/stETH,Balancer pxETH/wETH StablePool,balancer,curve,0x6951bDC4734b9f7F3E1B74afeBC670c736A0EDB6,0x88794C65550DeB6b4087B7552eCf295113794410,rebalance_plan_1747926041_0x35911af1B570E26f668905595dEd133D01CD3E5a.json,2025-05-22 15:00:41+00:00,0x35911af1B570E26f668905595dEd133D01CD3E5a,1.0,0x76187c3b976101A4B886b76068ad6b91Eec18D9d,Pool2Pool,0xc4Eb861e7b66f593482a3D7E8adc314f6eEDA30B,0x88794C65550DeB6b4087B7552eCf295113794410,0xe4433D00Cf48BFE0C672d9949F2cd2c008bffC04,0x6951bDC4734b9f7F3E1B74afeBC670c736A0EDB6,pxETH/wETH -> pxsteth,67.58144890740704,67.73435069328119,66.52984956037066,67.71905627267581,,0.03480383307506684,,0.045865392356717063,0.04550299434178437,0.010699161266717529,51.0,2.0,0.0,0.002317436710524756,0.0026182952679505433,0.011057910852141806,0.012405577689448943,22539173,22753673,22968173,2025-06-21 15:16:59+00:00,2025-07-21 14:30:11+00:00,True
32,32,0xe4433D00Cf48BFE0C672d9949F2cd2c008bffC04,0xc4Eb861e7b66f593482a3D7E8adc314f6eEDA30B,22536488,90.3097192691178,rebalance_plan_1747893641_0x35911af1B570E26f668905595dEd133D01CD3E5a.json,,,pxETH/stETH,Balancer pxETH/wETH StablePool,balancer,curve,0x6951bDC4734b9f7F3E1B74afeBC670c736A0EDB6,0x88794C65550DeB6b4087B7552eCf295113794410,rebalance_plan_1747893641_0x35911af1B570E26f668905595dEd133D01CD3E5a.json,2025-05-22 06:00:41+00:00,0x35911af1B570E26f668905595dEd133D01CD3E5a,1.0,0x76187c3b976101A4B886b76068ad6b91Eec18D9d,Pool2Pool,0xc4Eb861e7b66f593482a3D7E8adc314f6eEDA30B,0x88794C65550DeB6b4087B7552eCf295113794410,0xe4433D00Cf48BFE0C672d9949F2cd2c008bffC04,0x6951bDC4734b9f7F3E1B74afeBC670c736A0EDB6,pxETH/wETH -> pxsteth,90.10859854320938,90.30972326934351,88.7073822141463,90.28774982842833,,0.03613074809887477,,0.045925273335216225,0.045433692638736596,0.00930294453986183,51.0,2.0,0.0,0.0022880462698569026,0.0026142738516632402,0.01110523664405405,0.01234943836540281,22536488,22750988,22965488,2025-06-21 06:16:11+00:00,2025-07-21 05:30:23+00:00,True
33,33,0xbA1462f43c6f60ebD1C62735c94E428aD073E01A,0x35911af1B570E26f668905595dEd133D01CD3E5a,22525777,70.33314897762524,rebalance_plan_1747764041_0x35911af1B570E26f668905595dEd133D01CD3E5a.json,,,pxETH/wETH,dineroETH,tokemak,curve,0xC8Eb2Cf2f792F77AF0Cd9e203305a585E588179D,0x35911af1B570E26f668905595dEd133D01CD3E5a,rebalance_plan_1747764041_0x35911af1B570E26f668905595dEd133D01CD3E5a.json,2025-05-20 18:00:41+00:00,0x35911af1B570E26f668905595dEd133D01CD3E5a,1.0,0x76187c3b976101A4B886b76068ad6b91Eec18D9d,FromIdle,0x35911af1B570E26f668905595dEd133D01CD3E5a,0xC02aaA39b223FE8D0A0e5C4F27eAD9083C756Cc2,0xbA1462f43c6f60ebD1C62735c94E428aD073E01A,0xC8Eb2Cf2f792F77AF0Cd9e203305a585E588179D,dineroETH -> pxethweth,70.33314897762524,70.33314897762524,70.25021209768256,70.30878158736726,,,,0.038981498737662754,0.0383924214936383,0.0383924214936383,51.0,3.0,0.0,0.0,0.0,0.0020230517260777514,0.0034052486028282036,22525777,22740277,22954777,2025-06-19 18:20:23+00:00,2025-07-19 17:37:11+00:00,True
34,34,0xbA1462f43c6f60ebD1C62735c94E428aD073E01A,0x35911af1B570E26f668905595dEd133D01CD3E5a,22523107,23.444379708670137,rebalance_plan_1747731641_0x35911af1B570E26f668905595dEd133D01CD3E5a.json,,,pxETH/wETH,dineroETH,tokemak,curve,0xC8Eb2Cf2f792F77AF0Cd9e203305a585E588179D,0x35911af1B570E26f668905595dEd133D01CD3E5a,rebalance_plan_1747731641_0x35911af1B570E26f668905595dEd133D01CD3E5a.json,2025-05-20 09:00:41+00:00,0x35911af1B570E26f668905595dEd133D01CD3E5a,1.0,0x76187c3b976101A4B886b76068ad6b91Eec18D9d,FromIdle,0x35911af1B570E26f668905595dEd133D01CD3E5a,0xC02aaA39b223FE8D0A0e5C4F27eAD9083C756Cc2,0xbA1462f43c6f60ebD1C62735c94E428aD073E01A,0xC8Eb2Cf2f792F77AF0Cd9e203305a585E588179D,dineroETH -> pxethweth,23.444379708670137,23.444379708670137,23.420526674133882,23.43220777988223,,,,0.03955690427490285,0.03935038243476248,0.03935038243476248,51.0,3.0,0.0,0.0,0.0,0.0019973173195815264,0.003404078846061198,22523107,22737607,22952107,2025-06-19 09:23:47+00:00,2025-07-19 08:38:59+00:00,True
35,35,0xbA1462f43c6f60ebD1C62735c94E428aD073E01A,0x35911af1B570E26f668905595dEd133D01CD3E5a,22520433,31.26114765247776,rebalance_plan_1747699241_0x35911af1B570E26f668905595dEd133D01CD3E5a.json,,,pxETH/wETH,dineroETH,tokemak,curve,0xC8Eb2Cf2f792F77AF0Cd9e203305a585E588179D,0x35911af1B570E26f668905595dEd133D01CD3E5a,rebalance_plan_1747699241_0x35911af1B570E26f668905595dEd133D01CD3E5a.json,2025-05-20 00:00:41+00:00,0x35911af1B570E26f668905595dEd133D01CD3E5a,1.0,0x76187c3b976101A4B886b76068ad6b91Eec18D9d,FromIdle,0x35911af1B570E26f668905595dEd133D01CD3E5a,0xC02aaA39b223FE8D0A0e5C4F27eAD9083C756Cc2,0xbA1462f43c6f60ebD1C62735c94E428aD073E01A,0xC8Eb2Cf2f792F77AF0Cd9e203305a585E588179D,dineroETH -> pxethweth,31.26114765247776,31.26114765247776,31.229040261995095,31.247057951693513,,,,0.03905618185837014,0.038785595266874695,0.038785595266874695,51.0,3.0,0.0,0.0,0.0,0.0019974200062722325,0.003383537597156261,22520433,22734933,22949433,2025-06-19 00:25:23+00:00,2025-07-18 23:39:23+00:00,True
36,36,0xc4Eb861e7b66f593482a3D7E8adc314f6eEDA30B,0x35911af1B570E26f668905595dEd133D01CD3E5a,22518058,42.885554554797075,rebalance_plan_1747670380_0x35911af1B570E26f668905595dEd133D01CD3E5a.json,,,Balancer pxETH/wETH StablePool,dineroETH,tokemak,balancer,0x88794C65550DeB6b4087B7552eCf295113794410,0x35911af1B570E26f668905595dEd133D01CD3E5a,rebalance_plan_1747670380_0x35911af1B570E26f668905595dEd133D01CD3E5a.json,2025-05-19 15:59:40+00:00,0x35911af1B570E26f668905595dEd133D01CD3E5a,1.0,0x76187c3b976101A4B886b76068ad6b91Eec18D9d,FromIdle,0x35911af1B570E26f668905595dEd133D01CD3E5a,0xC02aaA39b223FE8D0A0e5C4F27eAD9083C756Cc2,0xc4Eb861e7b66f593482a3D7E8adc314f6eEDA30B,0x88794C65550DeB6b4087B7552eCf295113794410,dineroETH -> pxETH/wETH,42.885554554797075,42.885554554797075,42.77327682108014,42.87216952067484,,,,0.040125249913192385,0.03991793916557499,0.03991793916557499,51.0,3.0,0.0,0.0,0.0,0.0020592332334137264,0.0024323679055944236,22518058,22732558,22947058,2025-06-18 16:28:11+00:00,2025-07-18 15:43:35+00:00,True
37,37,0xc4Eb861e7b66f593482a3D7E8adc314f6eEDA30B,0xe4433D00Cf48BFE0C672d9949F2cd2c008bffC04,22146175,58.490209688037275,rebalance_plan_1743174040_0x35911af1B570E26f668905595dEd133D01CD3E5a.json,,,Balancer pxETH/wETH StablePool,pxETH/stETH,curve,balancer,0x88794C65550DeB6b4087B7552eCf295113794410,0x6951bDC4734b9f7F3E1B74afeBC670c736A0EDB6,rebalance_plan_1743174040_0x35911af1B570E26f668905595dEd133D01CD3E5a.json,2025-03-28 15:00:40+00:00,0x35911af1B570E26f668905595dEd133D01CD3E5a,1.0,0x76187c3b976101A4B886b76068ad6b91Eec18D9d,Pool2Pool,0xe4433D00Cf48BFE0C672d9949F2cd2c008bffC04,0x6951bDC4734b9f7F3E1B74afeBC670c736A0EDB6,0xc4Eb861e7b66f593482a3D7E8adc314f6eEDA30B,0x88794C65550DeB6b4087B7552eCf295113794410,pxsteth -> pxETH/wETH,57.63416122626829,58.49021133786106,58.370274660580456,58.48598034855553,,0.06479261763210642,,0.07158282043867656,0.07081017317715893,0.006017555545052511,50.0,2.0,0.0,0.017186480578725627,0.014441033439245965,0.0020435364466908634,0.0017887110427512454,22146175,22360675,22575175,2025-04-27 13:25:11+00:00,2025-05-27 16:00:23+00:00,True
38,38,0xc4Eb861e7b66f593482a3D7E8adc314f6eEDA30B,0xe4433D00Cf48BFE0C672d9949F2cd2c008bffC04,22143489,77.98598358490014,rebalance_plan_1743141640_0x35911af1B570E26f668905595dEd133D01CD3E5a.json,,,Balancer pxETH/wETH StablePool,pxETH/stETH,curve,balancer,0x88794C65550DeB6b4087B7552eCf295113794410,0x6951bDC4734b9f7F3E1B74afeBC670c736A0EDB6,rebalance_plan_1743141640_0x35911af1B570E26f668905595dEd133D01CD3E5a.json,2025-03-28 06:00:40+00:00,0x35911af1B570E26f668905595dEd133D01CD3E5a,1.0,0x76187c3b976101A4B886b76068ad6b91Eec18D9d,Pool2Pool,0xe4433D00Cf48BFE0C672d9949F2cd2c008bffC04,0x6951bDC4734b9f7F3E1B74afeBC670c736A0EDB6,0xc4Eb861e7b66f593482a3D7E8adc314f6eEDA30B,0x88794C65550DeB6b4087B7552eCf295113794410,pxsteth -> pxETH/wETH,76.84554830169105,77.98598578673845,77.82163169977626,77.97879675335903,,0.06313391044451448,,0.07000608679514636,0.06900244978115233,0.0058685393366378485,50.0,2.0,0.0,0.017040998504612492,0.014448329727344777,0.001979525059816689,0.0017893124644408065,22143489,22357989,22572489,2025-04-27 04:26:23+00:00,2025-05-27 06:59:11+00:00,True
39,39,0xbA1462f43c6f60ebD1C62735c94E428aD073E01A,0xe4433D00Cf48BFE0C672d9949F2cd2c008bffC04,22140801,100.00927577160905,rebalance_plan_1743109240_0x35911af1B570E26f668905595dEd133D01CD3E5a.json,,,pxETH/wETH,pxETH/stETH,curve,curve,0xC8Eb2Cf2f792F77AF0Cd9e203305a585E588179D,0x6951bDC4734b9f7F3E1B74afeBC670c736A0EDB6,rebalance_plan_1743109240_0x35911af1B570E26f668905595dEd133D01CD3E5a.json,2025-03-27 21:00:40+00:00,0x35911af1B570E26f668905595dEd133D01CD3E5a,1.0,0x76187c3b976101A4B886b76068ad6b91Eec18D9d,Pool2Pool,0xe4433D00Cf48BFE0C672d9949F2cd2c008bffC04,0x6951bDC4734b9f7F3E1B74afeBC670c736A0EDB6,0xbA1462f43c6f60ebD1C62735c94E428aD073E01A,0xC8Eb2Cf2f792F77AF0Cd9e203305a585E588179D,pxsteth -> pxethweth,98.52709550603898,100.00927800321939,99.94700477022714,100.0048002897915,,0.06266403116489622,,0.06794726950525237,0.06681675459354894,0.0041527234286527215,50.0,2.0,0.0,0.017020812963182808,0.014435928417927624,0.002137877089329443,0.0017153690494740026,22140801,22355301,22569801,2025-04-26 19:27:47+00:00,2025-05-26 21:58:59+00:00,True
40,40,0xc4Eb861e7b66f593482a3D7E8adc314f6eEDA30B,0x35911af1B570E26f668905595dEd133D01CD3E5a,22138116,73.49238556622655,rebalance_plan_1743076840_0x35911af1B570E26f668905595dEd133D01CD3E5a.json,,,Balancer pxETH/wETH StablePool,dineroETH,tokemak,balancer,0x88794C65550DeB6b4087B7552eCf295113794410,0x35911af1B570E26f668905595dEd133D01CD3E5a,rebalance_plan_1743076840_0x35911af1B570E26f668905595dEd133D01CD3E5a.json,2025-03-27 12:00:40+00:00,0x35911af1B570E26f668905595dEd133D01CD3E5a,1.0,0x76187c3b976101A4B886b76068ad6b91Eec18D9d,FromIdle,0x35911af1B570E26f668905595dEd133D01CD3E5a,0xC02aaA39b223FE8D0A0e5C4F27eAD9083C756Cc2,0xc4Eb861e7b66f593482a3D7E8adc314f6eEDA30B,0x88794C65550DeB6b4087B7552eCf295113794410,dineroETH -> pxETH/wETH,73.49238556622655,73.49238556622655,73.30848929473137,73.47230277741379,,,,0.0665904282014324,0.06575057223106236,0.06575057223106236,50.0,2.0,0.0,0.0,0.0,0.0019524007349225325,0.001698947130310824,22138116,22352616,22567116,2025-04-26 10:29:11+00:00,2025-05-26 12:58:35+00:00,True
41,41,0xbA1462f43c6f60ebD1C62735c94E428aD073E01A,0x35911af1B570E26f668905595dEd133D01CD3E5a,22135426,32.90193238215037,rebalance_plan_1743044440_0x35911af1B570E26f668905595dEd133D01CD3E5a.json,,,pxETH/wETH,dineroETH,tokemak,curve,0xC8Eb2Cf2f792F77AF0Cd9e203305a585E588179D,0x35911af1B570E26f668905595dEd133D01CD3E5a,rebalance_plan_1743044440_0x35911af1B570E26f668905595dEd133D01CD3E5a.json,2025-03-27 03:00:40+00:00,0x35911af1B570E26f668905595dEd133D01CD3E5a,1.0,0x76187c3b976101A4B886b76068ad6b91Eec18D9d,FromIdle,0x35911af1B570E26f668905595dEd133D01CD3E5a,0xC02aaA39b223FE8D0A0e5C4F27eAD9083C756Cc2,0xbA1462f43c6f60ebD1C62735c94E428aD073E01A,0xC8Eb2Cf2f792F77AF0Cd9e203305a585E588179D,dineroETH -> pxethweth,32.90193238215037,32.90193238215037,32.873387796533265,32.89457632801588,,,,0.06962576641189548,0.06921687911672422,0.06921687911672422,50.0,2.0,0.0,0.0,0.0,0.0021124240676351214,0.0016677472607362631,22135426,22349926,22564426,2025-04-26 01:29:23+00:00,2025-05-26 03:54:47+00:00,True
42,42,0xbA1462f43c6f60ebD1C62735c94E428aD073E01A,0x35911af1B570E26f668905595dEd133D01CD3E5a,22132742,43.78170280452114,rebalance_plan_1743012040_0x35911af1B570E26f668905595dEd133D01CD3E5a.json,,,pxETH/wETH,dineroETH,tokemak,curve,0xC8Eb2Cf2f792F77AF0Cd9e203305a585E588179D,0x35911af1B570E26f668905595dEd133D01CD3E5a,rebalance_plan_1743012040_0x35911af1B570E26f668905595dEd133D01CD3E5a.json,2025-03-26 18:00:40+00:00,0x35911af1B570E26f668905595dEd133D01CD3E5a,1.0,0x76187c3b976101A4B886b76068ad6b91Eec18D9d,FromIdle,0x35911af1B570E26f668905595dEd133D01CD3E5a,0xC02aaA39b223FE8D0A0e5C4F27eAD9083C756Cc2,0xbA1462f43c6f60ebD1C62735c94E428aD073E01A,0xC8Eb2Cf2f792F77AF0Cd9e203305a585E588179D,dineroETH -> pxethweth,43.78170280452114,43.78170280452114,43.745627712658425,43.77061994550333,,,,0.06906241007343168,0.06852380839332516,0.06852380839332516,50.0,2.0,0.0,0.0,0.0,0.0020985249996292588,0.001667793996885214,22132742,22347242,22561742,2025-04-25 16:30:59+00:00,2025-05-25 18:52:35+00:00,True
43,43,0xbA1462f43c6f60ebD1C62735c94E428aD073E01A,0x35911af1B570E26f668905595dEd133D01CD3E5a,22130051,40.54941364441148,rebalance_plan_1742979640_0x35911af1B570E26f668905595dEd133D01CD3E5a.json,,,pxETH/wETH,dineroETH,tokemak,curve,0xC8Eb2Cf2f792F77AF0Cd9e203305a585E588179D,0x35911af1B570E26f668905595dEd133D01CD3E5a,rebalance_plan_1742979640_0x35911af1B570E26f668905595dEd133D01CD3E5a.json,2025-03-26 09:00:40+00:00,0x35911af1B570E26f668905595dEd133D01CD3E5a,1.0,0x76187c3b976101A4B886b76068ad6b91Eec18D9d,FromIdle,0x35911af1B570E26f668905595dEd133D01CD3E5a,0xC02aaA39b223FE8D0A0e5C4F27eAD9083C756Cc2,0xbA1462f43c6f60ebD1C62735c94E428aD073E01A,0xC8Eb2Cf2f792F77AF0Cd9e203305a585E588179D,dineroETH -> pxethweth,40.54941364441148,40.54941364441148,40.51452711608471,40.53945431312017,,,,0.06834074159850444,0.06784689286366542,0.06784689286366542,50.0,3.0,0.0,0.0,0.0,0.002071045510662284,0.001633166856063628,22130051,22344551,22559051,2025-04-25 07:29:59+00:00,2025-05-25 09:49:47+00:00,True
44,44,0xbA1462f43c6f60ebD1C62735c94E428aD073E01A,0x35911af1B570E26f668905595dEd133D01CD3E5a,22127357,35.33002966273507,rebalance_plan_1742947240_0x35911af1B570E26f668905595dEd133D01CD3E5a.json,,,pxETH/wETH,dineroETH,tokemak,curve,0xC8Eb2Cf2f792F77AF0Cd9e203305a585E588179D,0x35911af1B570E26f668905595dEd133D01CD3E5a,rebalance_plan_1742947240_0x35911af1B570E26f668905595dEd133D01CD3E5a.json,2025-03-26 00:00:40+00:00,0x35911af1B570E26f668905595dEd133D01CD3E5a,1.0,0x76187c3b976101A4B886b76068ad6b91Eec18D9d,FromIdle,0x35911af1B570E26f668905595dEd133D01CD3E5a,0xC02aaA39b223FE8D0A0e5C4F27eAD9083C756Cc2,0xbA1462f43c6f60ebD1C62735c94E428aD073E01A,0xC8Eb2Cf2f792F77AF0Cd9e203305a585E588179D,dineroETH -> pxethweth,35.33002966273507,35.33002966273507,35.30000021545805,35.3197365752327,,,,0.06945000436895635,0.06900364405087334,0.06900364405087334,50.0,3.0,0.0,0.0,0.0,0.002058575454929601,0.0016294103632543688,22127357,22341857,22556357,2025-04-24 22:29:47+00:00,2025-05-25 00:45:35+00:00,True
45,45,0xbA1462f43c6f60ebD1C62735c94E428aD073E01A,0x35911af1B570E26f668905595dEd133D01CD3E5a,22124677,39.3798283342463,rebalance_plan_1742914840_0x35911af1B570E26f668905595dEd133D01CD3E5a.json,,,pxETH/wETH,dineroETH,tokemak,curve,0xC8Eb2Cf2f792F77AF0Cd9e203305a585E588179D,0x35911af1B570E26f668905595dEd133D01CD3E5a,rebalance_plan_1742914840_0x35911af1B570E26f668905595dEd133D01CD3E5a.json,2025-03-25 15:00:40+00:00,0x35911af1B570E26f668905595dEd133D01CD3E5a,1.0,0x76187c3b976101A4B886b76068ad6b91Eec18D9d,FromIdle,0x35911af1B570E26f668905595dEd133D01CD3E5a,0xC02aaA39b223FE8D0A0e5C4F27eAD9083C756Cc2,0xbA1462f43c6f60ebD1C62735c94E428aD073E01A,0xC8Eb2Cf2f792F77AF0Cd9e203305a585E588179D,dineroETH -> pxethweth,39.3798283342463,39.3798283342463,39.345538146365385,39.36927050704551,,,,0.06927212169152065,0.06877625690425856,0.06877625690425856,50.0,3.0,0.0,0.0,0.0,0.002058518810054144,0.0016274399504092596,22124677,22339177,22553677,2025-04-24 13:30:59+00:00,2025-05-24 15:45:23+00:00,True
46,46,0xbA1462f43c6f60ebD1C62735c94E428aD073E01A,0x35911af1B570E26f668905595dEd133D01CD3E5a,22121993,37.18116224894499,rebalance_plan_1742882440_0x35911af1B570E26f668905595dEd133D01CD3E5a.json,,,pxETH/wETH,dineroETH,tokemak,curve,0xC8Eb2Cf2f792F77AF0Cd9e203305a585E588179D,0x35911af1B570E26f668905595dEd133D01CD3E5a,rebalance_plan_1742882440_0x35911af1B570E26f668905595dEd133D01CD3E5a.json,2025-03-25 06:00:40+00:00,0x35911af1B570E26f668905595dEd133D01CD3E5a,1.0,0x76187c3b976101A4B886b76068ad6b91Eec18D9d,FromIdle,0x35911af1B570E26f668905595dEd133D01CD3E5a,0xC02aaA39b223FE8D0A0e5C4F27eAD9083C756Cc2,0xbA1462f43c6f60ebD1C62735c94E428aD073E01A,0xC8Eb2Cf2f792F77AF0Cd9e203305a585E588179D,dineroETH -> pxethweth,37.18116224894499,37.18116224894499,37.14818514397976,37.173181845199736,,,,0.0689818190180686,0.06851542370579479,0.06851542370579479,50.0,3.0,0.0,0.0,0.0,0.0020585864249058616,0.0016254383416207663,22121993,22336493,22550993,2025-04-24 04:29:23+00:00,2025-05-24 06:42:59+00:00,True
47,47,0xbA1462f43c6f60ebD1C62735c94E428aD073E01A,0x35911af1B570E26f668905595dEd133D01CD3E5a,22119317,32.09687764461924,rebalance_plan_1742850040_0x35911af1B570E26f668905595dEd133D01CD3E5a.json,,,pxETH/wETH,dineroETH,tokemak,curve,0xC8Eb2Cf2f792F77AF0Cd9e203305a585E588179D,0x35911af1B570E26f668905595dEd133D01CD3E5a,rebalance_plan_1742850040_0x35911af1B570E26f668905595dEd133D01CD3E5a.json,2025-03-24 21:00:40+00:00,0x35911af1B570E26f668905595dEd133D01CD3E5a,1.0,0x76187c3b976101A4B886b76068ad6b91Eec18D9d,FromIdle,0x35911af1B570E26f668905595dEd133D01CD3E5a,0xC02aaA39b223FE8D0A0e5C4F27eAD9083C756Cc2,0xbA1462f43c6f60ebD1C62735c94E428aD073E01A,0xC8Eb2Cf2f792F77AF0Cd9e203305a585E588179D,dineroETH -> pxethweth,32.09687764461924,32.09687764461924,32.070873735624076,32.08426114236706,,,,0.0679125755350432,0.06752107657645447,0.06752107657645447,50.0,3.0,0.0,0.0,0.0,0.0020697961801108278,0.0016090027271713492,22119317,22333817,22548317,2025-04-23 19:32:47+00:00,2025-05-23 21:42:59+00:00,True
48,48,0xe4433D00Cf48BFE0C672d9949F2cd2c008bffC04,0x35911af1B570E26f668905595dEd133D01CD3E5a,22113940,5.297212353446359,rebalance_plan_1742785240_0x35911af1B570E26f668905595dEd133D01CD3E5a.json,,,pxETH/stETH,dineroETH,tokemak,curve,0x6951bDC4734b9f7F3E1B74afeBC670c736A0EDB6,0x35911af1B570E26f668905595dEd133D01CD3E5a,rebalance_plan_1742785240_0x35911af1B570E26f668905595dEd133D01CD3E5a.json,2025-03-24 03:00:40+00:00,0x35911af1B570E26f668905595dEd133D01CD3E5a,1.0,0x76187c3b976101A4B886b76068ad6b91Eec18D9d,FromIdle,0x35911af1B570E26f668905595dEd133D01CD3E5a,0xC02aaA39b223FE8D0A0e5C4F27eAD9083C756Cc2,0xe4433D00Cf48BFE0C672d9949F2cd2c008bffC04,0x6951bDC4734b9f7F3E1B74afeBC670c736A0EDB6,dineroETH -> pxsteth,5.297212353446359,5.297212353446359,5.215917688929634,5.2959999256337875,,,,0.06919145362437872,0.06914420517268383,0.06914420517268383,50.0,3.0,0.0,0.0,0.0,0.01646626380120564,0.014272997404307874,22113940,22328440,22542940,2025-04-23 01:30:11+00:00,2025-05-23 03:39:35+00:00,True
49,49,0xc4Eb861e7b66f593482a3D7E8adc314f6eEDA30B,0x35911af1B570E26f668905595dEd133D01CD3E5a,22111250,8.223830384495388,rebalance_plan_1742752840_0x35911af1B570E26f668905595dEd133D01CD3E5a.json,,,Balancer pxETH/wETH StablePool,dineroETH,tokemak,balancer,0x88794C65550DeB6b4087B7552eCf295113794410,0x35911af1B570E26f668905595dEd133D01CD3E5a,rebalance_plan_1742752840_0x35911af1B570E26f668905595dEd133D01CD3E5a.json,2025-03-23 18:00:40+00:00,0x35911af1B570E26f668905595dEd133D01CD3E5a,1.0,0x76187c3b976101A4B886b76068ad6b91Eec18D9d,FromIdle,0x35911af1B570E26f668905595dEd133D01CD3E5a,0xC02aaA39b223FE8D0A0e5C4F27eAD9083C756Cc2,0xc4Eb861e7b66f593482a3D7E8adc314f6eEDA30B,0x88794C65550DeB6b4087B7552eCf295113794410,dineroETH -> pxETH/wETH,8.223830384495388,8.223830384495388,8.206058354663272,8.22124452207831,,,,0.06987283237701387,0.06977027941588945,0.06977027941588945,50.0,3.0,0.0,0.0,0.0,0.0018589151731094322,0.001383201251407895,22111250,22325750,22540250,2025-04-22 16:30:11+00:00,2025-05-22 18:37:23+00:00,True
50,50,0xc4Eb861e7b66f593482a3D7E8adc314f6eEDA30B,0xbA1462f43c6f60ebD1C62735c94E428aD073E01A,22103179,99.9949743057946,rebalance_plan_1742655640_0x35911af1B570E26f668905595dEd133D01CD3E5a.json,,,Balancer pxETH/wETH StablePool,pxETH/wETH,curve,balancer,0x88794C65550DeB6b4087B7552eCf295113794410,0xC8Eb2Cf2f792F77AF0Cd9e203305a585E588179D,rebalance_plan_1742655640_0x35911af1B570E26f668905595dEd133D01CD3E5a.json,2025-03-22 15:00:40+00:00,0x35911af1B570E26f668905595dEd133D01CD3E5a,1.0,0x76187c3b976101A4B886b76068ad6b91Eec18D9d,Pool2Pool,0xbA1462f43c6f60ebD1C62735c94E428aD073E01A,0xC8Eb2Cf2f792F77AF0Cd9e203305a585E588179D,0xc4Eb861e7b66f593482a3D7E8adc314f6eEDA30B,0x88794C65550DeB6b4087B7552eCf295113794410,pxethweth -> pxETH/wETH,100.0089549860673,99.99497672411141,99.78644107900747,99.97510565615177,,0.06563905008687787,,0.07369854745400908,0.07230158963993896,0.006662539553061092,50.0,2.0,0.0,0.0018801060256650182,0.0014835137264304077,0.0018557642779992722,0.0013841693963660973,22103179,22317679,22532179,2025-04-21 13:28:47+00:00,2025-05-21 15:32:11+00:00,True
51,51,0xbA1462f43c6f60ebD1C62735c94E428aD073E01A,0x35911af1B570E26f668905595dEd133D01CD3E5a,22071843,11.917277578813458,rebalance_plan_1742277640_0x35911af1B570E26f668905595dEd133D01CD3E5a.json,,,pxETH/wETH,dineroETH,tokemak,curve,0xC8Eb2Cf2f792F77AF0Cd9e203305a585E588179D,0x35911af1B570E26f668905595dEd133D01CD3E5a,rebalance_plan_1742277640_0x35911af1B570E26f668905595dEd133D01CD3E5a.json,2025-03-18 06:00:40+00:00,0x35911af1B570E26f668905595dEd133D01CD3E5a,1.0,0x76187c3b976101A4B886b76068ad6b91Eec18D9d,FromIdle,0x35911af1B570E26f668905595dEd133D01CD3E5a,0xC02aaA39b223FE8D0A0e5C4F27eAD9083C756Cc2,0xbA1462f43c6f60ebD1C62735c94E428aD073E01A,0xC8Eb2Cf2f792F77AF0Cd9e203305a585E588179D,dineroETH -> pxethweth,11.917277578813458,11.917277578813458,11.917010347701488,11.911819193259886,,,,0.06584397991861816,0.06569982184243857,0.06569982184243857,50.0,3.0,0.0,0.0,0.0,0.0014403836505467726,0.0014630277985303586,22071843,22286343,22500843,2025-04-17 04:31:35+00:00,2025-05-17 06:01:47+00:00,True
52,52,0xbA1462f43c6f60ebD1C62735c94E428aD073E01A,0x35911af1B570E26f668905595dEd133D01CD3E5a,22069155,10.340147330164621,rebalance_plan_1742245240_0x35911af1B570E26f668905595dEd133D01CD3E5a.json,,,pxETH/wETH,dineroETH,tokemak,curve,0xC8Eb2Cf2f792F77AF0Cd9e203305a585E588179D,0x35911af1B570E26f668905595dEd133D01CD3E5a,rebalance_plan_1742245240_0x35911af1B570E26f668905595dEd133D01CD3E5a.json,2025-03-17 21:00:40+00:00,0x35911af1B570E26f668905595dEd133D01CD3E5a,1.0,0x76187c3b976101A4B886b76068ad6b91Eec18D9d,FromIdle,0x35911af1B570E26f668905595dEd133D01CD3E5a,0xC02aaA39b223FE8D0A0e5C4F27eAD9083C756Cc2,0xbA1462f43c6f60ebD1C62735c94E428aD073E01A,0xC8Eb2Cf2f792F77AF0Cd9e203305a585E588179D,dineroETH -> pxethweth,10.340147330164621,10.340147330164621,10.341499940562699,10.337711092111478,,,,0.06555200057230091,0.06542746526568294,0.06542746526568294,50.0,3.0,0.0,0.0,0.0,0.0012747131659016642,0.0014668606897461078,22069155,22283655,22498155,2025-04-16 19:30:23+00:00,2025-05-16 20:59:11+00:00,True
53,53,0xbA1462f43c6f60ebD1C62735c94E428aD073E01A,0x35911af1B570E26f668905595dEd133D01CD3E5a,22055728,14.4299064741214,rebalance_plan_1742083240_0x35911af1B570E26f668905595dEd133D01CD3E5a.json,,,pxETH/wETH,dineroETH,tokemak,curve,0xC8Eb2Cf2f792F77AF0Cd9e203305a585E588179D,0x35911af1B570E26f668905595dEd133D01CD3E5a,rebalance_plan_1742083240_0x35911af1B570E26f668905595dEd133D01CD3E5a.json,2025-03-16 00:00:40+00:00,0x35911af1B570E26f668905595dEd133D01CD3E5a,1.0,0x76187c3b976101A4B886b76068ad6b91Eec18D9d,FromIdle,0x35911af1B570E26f668905595dEd133D01CD3E5a,0xC02aaA39b223FE8D0A0e5C4F27eAD9083C756Cc2,0xbA1462f43c6f60ebD1C62735c94E428aD073E01A,0xC8Eb2Cf2f792F77AF0Cd9e203305a585E588179D,dineroETH -> pxethweth,14.4299064741214,14.4299064741214,14.432194614719037,14.42607284569982,,,,0.06706345656552129,0.06687767128650865,0.06687767128650865,50.0,3.0,0.0,0.0,0.0,0.0011905140770240852,0.0014310193773612312,22055728,22270228,22484728,2025-04-14 22:31:47+00:00,2025-05-14 23:40:59+00:00,True
54,54,0xbA1462f43c6f60ebD1C62735c94E428aD073E01A,0x35911af1B570E26f668905595dEd133D01CD3E5a,21991116,16.939981952074884,rebalance_plan_1741303516_0x35911af1B570E26f668905595dEd133D01CD3E5a.json,,,pxETH/wETH,dineroETH,tokemak,curve,0xC8Eb2Cf2f792F77AF0Cd9e203305a585E588179D,0x35911af1B570E26f668905595dEd133D01CD3E5a,rebalance_plan_1741303516_0x35911af1B570E26f668905595dEd133D01CD3E5a.json,2025-03-06 23:25:16+00:00,0x35911af1B570E26f668905595dEd133D01CD3E5a,1.0,0x76187c3b976101A4B886b76068ad6b91Eec18D9d,FromIdle,0x35911af1B570E26f668905595dEd133D01CD3E5a,0xC02aaA39b223FE8D0A0e5C4F27eAD9083C756Cc2,0xbA1462f43c6f60ebD1C62735c94E428aD073E01A,0xC8Eb2Cf2f792F77AF0Cd9e203305a585E588179D,dineroETH -> pxethweth,16.939981952074884,16.939981952074884,16.940554264715207,16.935780020452295,,,,0.0636373978439431,0.0634189300954825,0.0634189300954825,50.0,3.0,0.0,0.0,0.0,0.0005525987387560161,0.001294611098402676,21991116,22205616,22420116,2025-04-05 22:12:11+00:00,2025-05-05 21:08:35+00:00,True
55,55,0xe4433D00Cf48BFE0C672d9949F2cd2c008bffC04,0x35911af1B570E26f668905595dEd133D01CD3E5a,21939331,20.926523304638827,rebalance_plan_1740679240_0x35911af1B570E26f668905595dEd133D01CD3E5a.json,,,pxETH/stETH,dineroETH,tokemak,curve,0x6951bDC4734b9f7F3E1B74afeBC670c736A0EDB6,0x35911af1B570E26f668905595dEd133D01CD3E5a,rebalance_plan_1740679240_0x35911af1B570E26f668905595dEd133D01CD3E5a.json,2025-02-27 18:00:40+00:00,0x35911af1B570E26f668905595dEd133D01CD3E5a,1.0,0x76187c3b976101A4B886b76068ad6b91Eec18D9d,FromIdle,0x35911af1B570E26f668905595dEd133D01CD3E5a,0xC02aaA39b223FE8D0A0e5C4F27eAD9083C756Cc2,0xe4433D00Cf48BFE0C672d9949F2cd2c008bffC04,0x6951bDC4734b9f7F3E1B74afeBC670c736A0EDB6,dineroETH -> pxsteth,20.926523304638827,20.926523304638827,20.62395527186755,20.922464340155745,,,,0.06576723334528327,0.06558636599687807,0.06558636599687807,50.0,3.0,0.0,0.0,0.0,0.011078301766545007,0.014159942028319605,21939331,22153831,22368331,2025-03-29 16:44:23+00:00,2025-04-28 15:04:23+00:00,True
56,56,0xbA1462f43c6f60ebD1C62735c94E428aD073E01A,0x35911af1B570E26f668905595dEd133D01CD3E5a,21936639,27.902030590789533,rebalance_plan_1740646840_0x35911af1B570E26f668905595dEd133D01CD3E5a.json,,,pxETH/wETH,dineroETH,tokemak,curve,0xC8Eb2Cf2f792F77AF0Cd9e203305a585E588179D,0x35911af1B570E26f668905595dEd133D01CD3E5a,rebalance_plan_1740646840_0x35911af1B570E26f668905595dEd133D01CD3E5a.json,2025-02-27 09:00:40+00:00,0x35911af1B570E26f668905595dEd133D01CD3E5a,1.0,0x76187c3b976101A4B886b76068ad6b91Eec18D9d,FromIdle,0x35911af1B570E26f668905595dEd133D01CD3E5a,0xC02aaA39b223FE8D0A0e5C4F27eAD9083C756Cc2,0xbA1462f43c6f60ebD1C62735c94E428aD073E01A,0xC8Eb2Cf2f792F77AF0Cd9e203305a585E588179D,dineroETH -> pxethweth,27.902030590789533,27.902030590789533,27.8862006193405,27.89609564168243,,,,0.06558008953076946,0.06518979894755621,0.06518979894755621,50.0,3.0,0.0,0.0,0.0,0.0011673996733507774,0.0016968833350579082,21936639,22151139,22365639,2025-03-29 07:41:59+00:00,2025-04-28 06:01:35+00:00,True
57,57,0xe4433D00Cf48BFE0C672d9949F2cd2c008bffC04,0xc4Eb861e7b66f593482a3D7E8adc314f6eEDA30B,21932165,51.30636796387684,rebalance_plan_1740592840_0x35911af1B570E26f668905595dEd133D01CD3E5a.json,,,pxETH/stETH,Balancer pxETH/wETH StablePool,balancer,curve,0x6951bDC4734b9f7F3E1B74afeBC670c736A0EDB6,0x88794C65550DeB6b4087B7552eCf295113794410,rebalance_plan_1740592840_0x35911af1B570E26f668905595dEd133D01CD3E5a.json,2025-02-26 18:00:40+00:00,0x35911af1B570E26f668905595dEd133D01CD3E5a,1.0,0x76187c3b976101A4B886b76068ad6b91Eec18D9d,Pool2Pool,0xc4Eb861e7b66f593482a3D7E8adc314f6eEDA30B,0x88794C65550DeB6b4087B7552eCf295113794410,0xe4433D00Cf48BFE0C672d9949F2cd2c008bffC04,0x6951bDC4734b9f7F3E1B74afeBC670c736A0EDB6,pxETH/wETH -> pxsteth,51.22142908154858,51.3063708303427,50.5707721641906,51.296112693690745,,0.06096798151116666,,0.07031441965616901,0.06982583908526147,0.008857857574094803,50.0,2.0,0.0,0.001283189511174454,0.001663238548333057,0.01114243202474885,0.01415979754384944,21932165,22146665,22361165,2025-03-28 16:40:35+00:00,2025-04-27 15:03:23+00:00,True
58,58,0xc4Eb861e7b66f593482a3D7E8adc314f6eEDA30B,0x35911af1B570E26f668905595dEd133D01CD3E5a,21906209,51.321058766820386,rebalance_plan_1740279640_0x35911af1B570E26f668905595dEd133D01CD3E5a.json,,,Balancer pxETH/wETH StablePool,dineroETH,tokemak,balancer,0x88794C65550DeB6b4087B7552eCf295113794410,0x35911af1B570E26f668905595dEd133D01CD3E5a,rebalance_plan_1740279640_0x35911af1B570E26f668905595dEd133D01CD3E5a.json,2025-02-23 03:00:40+00:00,0x35911af1B570E26f668905595dEd133D01CD3E5a,1.0,0x76187c3b976101A4B886b76068ad6b91Eec18D9d,FromIdle,0x35911af1B570E26f668905595dEd133D01CD3E5a,0xC02aaA39b223FE8D0A0e5C4F27eAD9083C756Cc2,0xc4Eb861e7b66f593482a3D7E8adc314f6eEDA30B,0x88794C65550DeB6b4087B7552eCf295113794410,dineroETH -> pxETH/wETH,51.321058766820386,51.321058766820386,51.19280124613717,51.30887184984312,,,,0.06713827419812946,0.0667037560069442,0.0667037560069442,50.0,2.0,0.0,0.0,0.0,0.0013027945394472606,0.0016177069117964127,21906209,22120709,22335209,2025-03-25 01:42:35+00:00,2025-04-24 00:11:11+00:00,True
59,59,0xbA1462f43c6f60ebD1C62735c94E428aD073E01A,0x35911af1B570E26f668905595dEd133D01CD3E5a,21890113,20.06009327469519,rebalance_plan_1740085240_0x35911af1B570E26f668905595dEd133D01CD3E5a.json,,,pxETH/wETH,dineroETH,tokemak,curve,0xC8Eb2Cf2f792F77AF0Cd9e203305a585E588179D,0x35911af1B570E26f668905595dEd133D01CD3E5a,rebalance_plan_1740085240_0x35911af1B570E26f668905595dEd133D01CD3E5a.json,2025-02-20 21:00:40+00:00,0x35911af1B570E26f668905595dEd133D01CD3E5a,1.0,0x76187c3b976101A4B886b76068ad6b91Eec18D9d,FromIdle,0x35911af1B570E26f668905595dEd133D01CD3E5a,0xC02aaA39b223FE8D0A0e5C4F27eAD9083C756Cc2,0xbA1462f43c6f60ebD1C62735c94E428aD073E01A,0xC8Eb2Cf2f792F77AF0Cd9e203305a585E588179D,dineroETH -> pxethweth,20.06009327469519,20.06009327469519,20.042185821786276,20.054781629319994,,,,0.06673601885095594,0.06644105570259412,0.06644105570259412,50.0,3.0,0.0,0.0,0.0,0.001924087458960777,0.0019066847608120163,21890113,22104613,22319113,2025-03-22 19:49:11+00:00,2025-04-21 18:16:47+00:00,True
60,60,0xe4433D00Cf48BFE0C672d9949F2cd2c008bffC04,0x35911af1B570E26f668905595dEd133D01CD3E5a,21867797,33.77622179258969,rebalance_plan_1739815782_0x35911af1B570E26f668905595dEd133D01CD3E5a.json,,,pxETH/stETH,dineroETH,tokemak,curve,0x6951bDC4734b9f7F3E1B74afeBC670c736A0EDB6,0x35911af1B570E26f668905595dEd133D01CD3E5a,rebalance_plan_1739815782_0x35911af1B570E26f668905595dEd133D01CD3E5a.json,2025-02-17 18:09:42+00:00,0x35911af1B570E26f668905595dEd133D01CD3E5a,1.0,0x76187c3b976101A4B886b76068ad6b91Eec18D9d,FromIdle,0x35911af1B570E26f668905595dEd133D01CD3E5a,0xC02aaA39b223FE8D0A0e5C4F27eAD9083C756Cc2,0xe4433D00Cf48BFE0C672d9949F2cd2c008bffC04,0x6951bDC4734b9f7F3E1B74afeBC670c736A0EDB6,dineroETH -> pxsteth,33.77622179258969,33.77622179258969,33.28840425166062,33.76166540394988,,,,0.07238775085544506,0.07202069857719416,0.07202069857719416,50.0,3.0,0.0,0.0,0.0,0.013439887107658421,0.014899429775657058,21867797,22082297,22296797,2025-03-19 17:06:59+00:00,2025-04-18 15:32:11+00:00,True
61,61,0xe4433D00Cf48BFE0C672d9949F2cd2c008bffC04,0x35911af1B570E26f668905595dEd133D01CD3E5a,21865070,26.26057819248513,rebalance_plan_1739782840_0x35911af1B570E26f668905595dEd133D01CD3E5a.json,,,pxETH/stETH,dineroETH,tokemak,curve,0x6951bDC4734b9f7F3E1B74afeBC670c736A0EDB6,0x35911af1B570E26f668905595dEd133D01CD3E5a,rebalance_plan_1739782840_0x35911af1B570E26f668905595dEd133D01CD3E5a.json,2025-02-17 09:00:40+00:00,0x35911af1B570E26f668905595dEd133D01CD3E5a,1.0,0x76187c3b976101A4B886b76068ad6b91Eec18D9d,FromIdle,0x35911af1B570E26f668905595dEd133D01CD3E5a,0xC02aaA39b223FE8D0A0e5C4F27eAD9083C756Cc2,0xe4433D00Cf48BFE0C672d9949F2cd2c008bffC04,0x6951bDC4734b9f7F3E1B74afeBC670c736A0EDB6,dineroETH -> pxsteth,26.26057819248513,26.26057819248513,25.883216884530384,26.251051073106936,,,,0.07315532986120234,0.07285979769763185,0.07285979769763185,50.0,3.0,0.0,0.0,0.0,0.013475621555436135,0.014897001254542408,21865070,22079570,22294070,2025-03-19 07:56:59+00:00,2025-04-18 06:23:11+00:00,True
62,62,0xe4433D00Cf48BFE0C672d9949F2cd2c008bffC04,0x35911af1B570E26f668905595dEd133D01CD3E5a,21862400,34.9433629650727,rebalance_plan_1739750440_0x35911af1B570E26f668905595dEd133D01CD3E5a.json,,,pxETH/stETH,dineroETH,tokemak,curve,0x6951bDC4734b9f7F3E1B74afeBC670c736A0EDB6,0x35911af1B570E26f668905595dEd133D01CD3E5a,rebalance_plan_1739750440_0x35911af1B570E26f668905595dEd133D01CD3E5a.json,2025-02-17 00:00:40+00:00,0x35911af1B570E26f668905595dEd133D01CD3E5a,1.0,0x76187c3b976101A4B886b76068ad6b91Eec18D9d,FromIdle,0x35911af1B570E26f668905595dEd133D01CD3E5a,0xC02aaA39b223FE8D0A0e5C4F27eAD9083C756Cc2,0xe4433D00Cf48BFE0C672d9949F2cd2c008bffC04,0x6951bDC4734b9f7F3E1B74afeBC670c736A0EDB6,dineroETH -> pxsteth,34.9433629650727,34.9433629650727,34.441669198320405,34.92281348537846,,,,0.07304879519258828,0.07265852901889723,0.07265852901889723,50.0,3.0,0.0,0.0,0.0,0.013474615309738036,0.014886193244971313,21862400,22076900,22291400,2025-03-18 23:00:11+00:00,2025-04-17 21:27:35+00:00,True
63,63,0xe4433D00Cf48BFE0C672d9949F2cd2c008bffC04,0x35911af1B570E26f668905595dEd133D01CD3E5a,21858826,51.677903996120484,rebalance_plan_1739707240_0x35911af1B570E26f668905595dEd133D01CD3E5a.json,,,pxETH/stETH,dineroETH,tokemak,curve,0x6951bDC4734b9f7F3E1B74afeBC670c736A0EDB6,0x35911af1B570E26f668905595dEd133D01CD3E5a,rebalance_plan_1739707240_0x35911af1B570E26f668905595dEd133D01CD3E5a.json,2025-02-16 12:00:40+00:00,0x35911af1B570E26f668905595dEd133D01CD3E5a,1.0,0x76187c3b976101A4B886b76068ad6b91Eec18D9d,FromIdle,0x35911af1B570E26f668905595dEd133D01CD3E5a,0xC02aaA39b223FE8D0A0e5C4F27eAD9083C756Cc2,0xe4433D00Cf48BFE0C672d9949F2cd2c008bffC04,0x6951bDC4734b9f7F3E1B74afeBC670c736A0EDB6,dineroETH -> pxsteth,51.677903996120484,51.677903996120484,50.937847639841436,51.6497542882285,,,,0.07347977976051301,0.07289848895420421,0.07289848895420421,50.0,3.0,0.0,0.0,0.0,0.013503213164607342,0.014704168110435623,21858826,22073326,22287826,2025-03-18 11:00:23+00:00,2025-04-17 09:29:35+00:00,True
64,64,0xbA1462f43c6f60ebD1C62735c94E428aD073E01A,0x35911af1B570E26f668905595dEd133D01CD3E5a,21856633,36.92067445933133,rebalance_plan_1739680724_0x35911af1B570E26f668905595dEd133D01CD3E5a.json,,,pxETH/wETH,dineroETH,tokemak,curve,0xC8Eb2Cf2f792F77AF0Cd9e203305a585E588179D,0x35911af1B570E26f668905595dEd133D01CD3E5a,rebalance_plan_1739680724_0x35911af1B570E26f668905595dEd133D01CD3E5a.json,2025-02-16 04:38:44+00:00,0x35911af1B570E26f668905595dEd133D01CD3E5a,1.0,0x76187c3b976101A4B886b76068ad6b91Eec18D9d,FromIdle,0x35911af1B570E26f668905595dEd133D01CD3E5a,0xC02aaA39b223FE8D0A0e5C4F27eAD9083C756Cc2,0xbA1462f43c6f60ebD1C62735c94E428aD073E01A,0xC8Eb2Cf2f792F77AF0Cd9e203305a585E588179D,dineroETH -> pxethweth,36.92067445933133,36.92067445933133,36.89666194418287,36.911100915301304,,,,0.07063639885560004,0.07005653898333772,0.07005653898333772,50.0,3.0,0.0,0.0,0.0,0.0019117192529152227,0.0016761304376258224,21856633,22071133,22285633,2025-03-18 03:38:47+00:00,2025-04-17 02:07:47+00:00,True
65,65,0xbA1462f43c6f60ebD1C62735c94E428aD073E01A,0x35911af1B570E26f668905595dEd133D01CD3E5a,21854370,49.16838113692102,rebalance_plan_1739653240_0x35911af1B570E26f668905595dEd133D01CD3E5a.json,,,pxETH/wETH,dineroETH,tokemak,curve,0xC8Eb2Cf2f792F77AF0Cd9e203305a585E588179D,0x35911af1B570E26f668905595dEd133D01CD3E5a,rebalance_plan_1739653240_0x35911af1B570E26f668905595dEd133D01CD3E5a.json,2025-02-15 21:00:40+00:00,0x35911af1B570E26f668905595dEd133D01CD3E5a,1.0,0x76187c3b976101A4B886b76068ad6b91Eec18D9d,FromIdle,0x35911af1B570E26f668905595dEd133D01CD3E5a,0xC02aaA39b223FE8D0A0e5C4F27eAD9083C756Cc2,0xbA1462f43c6f60ebD1C62735c94E428aD073E01A,0xC8Eb2Cf2f792F77AF0Cd9e203305a585E588179D,dineroETH -> pxethweth,49.16838113692102,49.16838113692102,49.13752680979406,49.15413633113073,,,,0.07479484766672637,0.07393547246879814,0.07393547246879814,50.0,3.0,0.0,0.0,0.0,0.0018858588821524247,0.0015803571734547273,21854370,22068870,22283370,2025-03-17 20:03:35+00:00,2025-04-16 18:32:35+00:00,True
66,66,0xbA1462f43c6f60ebD1C62735c94E428aD073E01A,0x35911af1B570E26f668905595dEd133D01CD3E5a,21851691,56.39598486973737,rebalance_plan_1739620840_0x35911af1B570E26f668905595dEd133D01CD3E5a.json,,,pxETH/wETH,dineroETH,tokemak,curve,0xC8Eb2Cf2f792F77AF0Cd9e203305a585E588179D,0x35911af1B570E26f668905595dEd133D01CD3E5a,rebalance_plan_1739620840_0x35911af1B570E26f668905595dEd133D01CD3E5a.json,2025-02-15 12:00:40+00:00,0x35911af1B570E26f668905595dEd133D01CD3E5a,1.0,0x76187c3b976101A4B886b76068ad6b91Eec18D9d,FromIdle,0x35911af1B570E26f668905595dEd133D01CD3E5a,0xC02aaA39b223FE8D0A0e5C4F27eAD9083C756Cc2,0xbA1462f43c6f60ebD1C62735c94E428aD073E01A,0xC8Eb2Cf2f792F77AF0Cd9e203305a585E588179D,dineroETH -> pxethweth,56.39598486973737,56.39598486973737,56.360451886597055,56.381781810631615,,,,0.07566486836218486,0.07466903347505109,0.07466903347505109,50.0,3.0,0.0,0.0,0.0,0.0018856455658433635,0.0015579783843560069,21851691,22066191,22280691,2025-03-17 11:03:35+00:00,2025-04-16 09:34:35+00:00,True
67,67,0xbA1462f43c6f60ebD1C62735c94E428aD073E01A,0x35911af1B570E26f668905595dEd133D01CD3E5a,21849305,75.1938585739293,rebalance_plan_1739591924_0x35911af1B570E26f668905595dEd133D01CD3E5a.json,,,pxETH/wETH,dineroETH,tokemak,curve,0xC8Eb2Cf2f792F77AF0Cd9e203305a585E588179D,0x35911af1B570E26f668905595dEd133D01CD3E5a,rebalance_plan_1739591924_0x35911af1B570E26f668905595dEd133D01CD3E5a.json,2025-02-15 03:58:44+00:00,0x35911af1B570E26f668905595dEd133D01CD3E5a,1.0,0x76187c3b976101A4B886b76068ad6b91Eec18D9d,FromIdle,0x35911af1B570E26f668905595dEd133D01CD3E5a,0xC02aaA39b223FE8D0A0e5C4F27eAD9083C756Cc2,0xbA1462f43c6f60ebD1C62735c94E428aD073E01A,0xC8Eb2Cf2f792F77AF0Cd9e203305a585E588179D,dineroETH -> pxethweth,75.1938585739293,75.1938585739293,75.14506223926846,75.17568368834719,,,,0.07536452969278158,0.07404551350973831,0.07404551350973831,50.0,3.0,0.0,0.0,0.0,0.001887845224062712,0.0015421389748293546,21849305,22063805,22278305,2025-03-17 03:04:47+00:00,2025-04-16 01:36:11+00:00,True
68,68,0xbA1462f43c6f60ebD1C62735c94E428aD073E01A,0x35911af1B570E26f668905595dEd133D01CD3E5a,21847240,98.55229205422258,rebalance_plan_1739566840_0x35911af1B570E26f668905595dEd133D01CD3E5a.json,,,pxETH/wETH,dineroETH,tokemak,curve,0xC8Eb2Cf2f792F77AF0Cd9e203305a585E588179D,0x35911af1B570E26f668905595dEd133D01CD3E5a,rebalance_plan_1739566840_0x35911af1B570E26f668905595dEd133D01CD3E5a.json,2025-02-14 21:00:40+00:00,0x35911af1B570E26f668905595dEd133D01CD3E5a,1.0,0x76187c3b976101A4B886b76068ad6b91Eec18D9d,FromIdle,0x35911af1B570E26f668905595dEd133D01CD3E5a,0xC02aaA39b223FE8D0A0e5C4F27eAD9083C756Cc2,0xbA1462f43c6f60ebD1C62735c94E428aD073E01A,0xC8Eb2Cf2f792F77AF0Cd9e203305a585E588179D,dineroETH -> pxethweth,98.55229205422258,98.55229205422258,98.51641058885188,98.46394519560015,,,,0.07400207835922254,0.0722309835916625,0.0722309835916625,50.0,3.0,0.0,0.0,0.0,0.0018876936359273344,0.0015419714979878485,21847240,22061740,22276240,2025-03-16 20:10:23+00:00,2025-04-15 18:42:11+00:00,True
69,69,0xbA1462f43c6f60ebD1C62735c94E428aD073E01A,0x35911af1B570E26f668905595dEd133D01CD3E5a,21845224,100.0,rebalance_plan_1739542387_0x35911af1B570E26f668905595dEd133D01CD3E5a.json,,,pxETH/wETH,dineroETH,tokemak,curve,0xC8Eb2Cf2f792F77AF0Cd9e203305a585E588179D,0x35911af1B570E26f668905595dEd133D01CD3E5a,rebalance_plan_1739542387_0x35911af1B570E26f668905595dEd133D01CD3E5a.json,2025-02-14 14:13:07+00:00,0x35911af1B570E26f668905595dEd133D01CD3E5a,1.0,0x76187c3b976101A4B886b76068ad6b91Eec18D9d,FromIdle,0x35911af1B570E26f668905595dEd133D01CD3E5a,0xC02aaA39b223FE8D0A0e5C4F27eAD9083C756Cc2,0xbA1462f43c6f60ebD1C62735c94E428aD073E01A,0xC8Eb2Cf2f792F77AF0Cd9e203305a585E588179D,dineroETH -> pxethweth,100.0,100.0,99.96645409351481,99.92054877469317,,,,0.07410727949086975,0.07230802055041505,0.07230802055041505,50.0,3.0,0.0,0.0,0.0,0.0019433403765036772,0.0015673927499082474,21845224,22059724,22274224,2025-03-16 13:24:35+00:00,2025-04-15 11:56:11+00:00,True
70,70,0xbA1462f43c6f60ebD1C62735c94E428aD073E01A,0x35911af1B570E26f668905595dEd133D01CD3E5a,21843025,78.30510455917025,rebalance_plan_1739515802_0x35911af1B570E26f668905595dEd133D01CD3E5a.json,,,pxETH/wETH,dineroETH,tokemak,curve,0xC8Eb2Cf2f792F77AF0Cd9e203305a585E588179D,0x35911af1B570E26f668905595dEd133D01CD3E5a,rebalance_plan_1739515802_0x35911af1B570E26f668905595dEd133D01CD3E5a.json,2025-02-14 06:50:02+00:00,0x35911af1B570E26f668905595dEd133D01CD3E5a,1.0,0x76187c3b976101A4B886b76068ad6b91Eec18D9d,FromIdle,0x35911af1B570E26f668905595dEd133D01CD3E5a,0xC02aaA39b223FE8D0A0e5C4F27eAD9083C756Cc2,0xbA1462f43c6f60ebD1C62735c94E428aD073E01A,0xC8Eb2Cf2f792F77AF0Cd9e203305a585E588179D,dineroETH -> pxethweth,78.30510455917025,78.30510455917025,78.30231181739165,78.28154449114551,,,,0.07574390476081028,0.07426507216897445,0.07426507216897445,50.0,3.0,0.0,0.0,0.0,0.002011601234001459,0.0016010538601147761,21843025,22057525,22272025,2025-03-16 06:02:35+00:00,2025-04-15 04:33:11+00:00,True
71,71,0xe4433D00Cf48BFE0C672d9949F2cd2c008bffC04,0x35911af1B570E26f668905595dEd133D01CD3E5a,21841219,64.6057877150592,rebalance_plan_1739493949_0x35911af1B570E26f668905595dEd133D01CD3E5a.json,,,pxETH/stETH,dineroETH,tokemak,curve,0x6951bDC4734b9f7F3E1B74afeBC670c736A0EDB6,0x35911af1B570E26f668905595dEd133D01CD3E5a,rebalance_plan_1739493949_0x35911af1B570E26f668905595dEd133D01CD3E5a.json,2025-02-14 00:45:49+00:00,0x35911af1B570E26f668905595dEd133D01CD3E5a,1.0,0x76187c3b976101A4B886b76068ad6b91Eec18D9d,FromIdle,0x35911af1B570E26f668905595dEd133D01CD3E5a,0xC02aaA39b223FE8D0A0e5C4F27eAD9083C756Cc2,0xe4433D00Cf48BFE0C672d9949F2cd2c008bffC04,0x6951bDC4734b9f7F3E1B74afeBC670c736A0EDB6,dineroETH -> pxsteth,64.6057877150592,64.6057877150592,63.73009273034255,64.56823072749495,,,,0.0786725623146202,0.07785196199960896,0.07785196199960896,50.0,3.0,0.0,0.0,0.0,0.013591454080322363,0.014401474848044327,21841219,22055719,22270219,2025-03-15 23:59:23+00:00,2025-04-14 22:29:59+00:00,True
72,72,0xe4433D00Cf48BFE0C672d9949F2cd2c008bffC04,0x35911af1B570E26f668905595dEd133D01CD3E5a,21839211,85.8031678585588,rebalance_plan_1739469640_0x35911af1B570E26f668905595dEd133D01CD3E5a.json,,,pxETH/stETH,dineroETH,tokemak,curve,0x6951bDC4734b9f7F3E1B74afeBC670c736A0EDB6,0x35911af1B570E26f668905595dEd133D01CD3E5a,rebalance_plan_1739469640_0x35911af1B570E26f668905595dEd133D01CD3E5a.json,2025-02-13 18:00:40+00:00,0x35911af1B570E26f668905595dEd133D01CD3E5a,1.0,0x76187c3b976101A4B886b76068ad6b91Eec18D9d,FromIdle,0x35911af1B570E26f668905595dEd133D01CD3E5a,0xC02aaA39b223FE8D0A0e5C4F27eAD9083C756Cc2,0xe4433D00Cf48BFE0C672d9949F2cd2c008bffC04,0x6951bDC4734b9f7F3E1B74afeBC670c736A0EDB6,dineroETH -> pxsteth,85.8031678585588,85.8031678585588,84.63992717270271,85.75396925192,,,,0.0789688658139916,0.07787857683507288,0.07787857683507288,50.0,3.0,0.0,0.0,0.0,0.013590958574262624,0.014371602849927001,21839211,22053711,22268211,2025-03-15 17:15:47+00:00,2025-04-14 15:46:35+00:00,True
73,73,0xe4433D00Cf48BFE0C672d9949F2cd2c008bffC04,0x35911af1B570E26f668905595dEd133D01CD3E5a,21836533,96.41590924050338,rebalance_plan_1739437240_0x35911af1B570E26f668905595dEd133D01CD3E5a.json,,,pxETH/stETH,dineroETH,tokemak,curve,0x6951bDC4734b9f7F3E1B74afeBC670c736A0EDB6,0x35911af1B570E26f668905595dEd133D01CD3E5a,rebalance_plan_1739437240_0x35911af1B570E26f668905595dEd133D01CD3E5a.json,2025-02-13 09:00:40+00:00,0x35911af1B570E26f668905595dEd133D01CD3E5a,1.0,0x76187c3b976101A4B886b76068ad6b91Eec18D9d,FromIdle,0x35911af1B570E26f668905595dEd133D01CD3E5a,0xC02aaA39b223FE8D0A0e5C4F27eAD9083C756Cc2,0xe4433D00Cf48BFE0C672d9949F2cd2c008bffC04,0x6951bDC4734b9f7F3E1B74afeBC670c736A0EDB6,dineroETH -> pxsteth,96.41590924050338,96.41590924050338,95.13242363997092,96.3832448436182,,,,0.07880150020002602,0.07757671489401564,0.07757671489401564,50.0,3.0,0.0,0.0,0.0,0.013619917397523995,0.014234967887325256,21836533,22051033,22265533,2025-03-15 08:18:23+00:00,2025-04-14 06:47:35+00:00,True
74,74,0xe4433D00Cf48BFE0C672d9949F2cd2c008bffC04,0x35911af1B570E26f668905595dEd133D01CD3E5a,21834492,100.0,rebalance_plan_1739412552_0x35911af1B570E26f668905595dEd133D01CD3E5a.json,,,pxETH/stETH,dineroETH,tokemak,curve,0x6951bDC4734b9f7F3E1B74afeBC670c736A0EDB6,0x35911af1B570E26f668905595dEd133D01CD3E5a,rebalance_plan_1739412552_0x35911af1B570E26f668905595dEd133D01CD3E5a.json,2025-02-13 02:09:12+00:00,0x35911af1B570E26f668905595dEd133D01CD3E5a,1.0,0x76187c3b976101A4B886b76068ad6b91Eec18D9d,FromIdle,0x35911af1B570E26f668905595dEd133D01CD3E5a,0xC02aaA39b223FE8D0A0e5C4F27eAD9083C756Cc2,0xe4433D00Cf48BFE0C672d9949F2cd2c008bffC04,0x6951bDC4734b9f7F3E1B74afeBC670c736A0EDB6,dineroETH -> pxsteth,100.0,100.0,98.67617545672019,99.97157530936033,,,,0.08033172823662255,0.07901960410988602,0.07901960410988602,50.0,3.0,0.0,0.0,0.0,0.013616243707213815,0.014234570559693127,21834492,22048992,22263492,2025-03-15 01:28:23+00:00,2025-04-13 23:58:35+00:00,True
75,75,0xbA1462f43c6f60ebD1C62735c94E428aD073E01A,0x35911af1B570E26f668905595dEd133D01CD3E5a,21832145,53.979848572318964,rebalance_plan_1739384283_0x35911af1B570E26f668905595dEd133D01CD3E5a.json,,,pxETH/wETH,dineroETH,tokemak,curve,0xC8Eb2Cf2f792F77AF0Cd9e203305a585E588179D,0x35911af1B570E26f668905595dEd133D01CD3E5a,rebalance_plan_1739384283_0x35911af1B570E26f668905595dEd133D01CD3E5a.json,2025-02-12 18:18:03+00:00,0x35911af1B570E26f668905595dEd133D01CD3E5a,1.0,0x76187c3b976101A4B886b76068ad6b91Eec18D9d,FromIdle,0x35911af1B570E26f668905595dEd133D01CD3E5a,0xC02aaA39b223FE8D0A0e5C4F27eAD9083C756Cc2,0xbA1462f43c6f60ebD1C62735c94E428aD073E01A,0xC8Eb2Cf2f792F77AF0Cd9e203305a585E588179D,dineroETH -> pxethweth,53.979848572318964,53.979848572318964,54.00438877330177,53.93668135055788,,,,0.07861239719308025,0.07752981276592637,0.07752981276592637,50.0,2.0,0.0,0.0,0.0,0.0020314501961866682,0.00157185272903404,21832145,22046645,22261145,2025-03-14 17:36:11+00:00,2025-04-13 16:07:47+00:00,True
76,76,0xbA1462f43c6f60ebD1C62735c94E428aD073E01A,0x35911af1B570E26f668905595dEd133D01CD3E5a,21819003,4.05560843772695,rebalance_plan_1739225240_0x35911af1B570E26f668905595dEd133D01CD3E5a.json,,,pxETH/wETH,dineroETH,tokemak,curve,0xC8Eb2Cf2f792F77AF0Cd9e203305a585E588179D,0x35911af1B570E26f668905595dEd133D01CD3E5a,rebalance_plan_1739225240_0x35911af1B570E26f668905595dEd133D01CD3E5a.json,2025-02-10 22:07:20+00:00,0x35911af1B570E26f668905595dEd133D01CD3E5a,1.0,0x76187c3b976101A4B886b76068ad6b91Eec18D9d,FromIdle,0x35911af1B570E26f668905595dEd133D01CD3E5a,0xC02aaA39b223FE8D0A0e5C4F27eAD9083C756Cc2,0xbA1462f43c6f60ebD1C62735c94E428aD073E01A,0xC8Eb2Cf2f792F77AF0Cd9e203305a585E588179D,dineroETH -> pxethweth,4.05560843772695,4.05560843772695,4.060260489358083,4.05355014270842,,,,0.09346868402543808,0.09334903707614169,0.09334903707614169,50.0,3.0,0.0,0.0,0.0,0.0022589912725359262,0.0016876288201999046,21819003,22033503,22248003,2025-03-12 21:34:47+00:00,2025-04-11 20:10:59+00:00,True
