,index,destination_in_x,destination_out_x,block,safe_value_out,rebalance_file_path,fee_and_base_out,fee_and_base_in,destination_in_name,destination_out_name,out_exchange_name,in_exchange_name,pool_in,pool_out,file_name,datetime_generated,autopool_vault_address,chain_id,solver_address,rebalance_type,destination_out_y,token_out,destination_in_y,token_in,move_name,amount_out,amount_out_safe_value,min_amount_in,min_amount_in_safe_value,amount_out_spot_value,out_dest_apr,min_amount_in_spot_value,in_dest_apr,in_dest_adj_apr,apr_delta,swap_offset_period,num_candidate_destinations,candidate_destinations_rank,valid,error,error_type,actual_30_day_fee_and_base_out,actual_60_day_fee_and_base_out,actual_30_day_fee_and_base_in,actual_60_day_fee_and_base_in
0,0,0xD96d54E54186116fBC5C76727dd694E92F57f3fD,0x68e93d2f0781864cF6F370Ecc3B7240738DE15f7,26789932,11439.93362683494,rebalance_plan_1765969993_0xd1A6524Fccd465ECa7AF2340B3D7fd2e3bbD792a.json,0.016035894897300045,0.028735085178531693,Wrapped Aave Linea USDC,Wrapped Aave Linea USDT,aave,aave,0xbC3af484919304E005Ca8b735a0d463b876aeB52,0x4D11f27b1c4A5d232a200D2256A4E3d9bAACcF05,rebalance_plan_1765969993_0xd1A6524Fccd465ECa7AF2340B3D7fd2e3bbD792a.json,2025-12-17 11:13:13+00:00,0xd1A6524Fccd465ECa7AF2340B3D7fd2e3bbD792a,59144.0,0xe085D420cdf152Ab504FF05E9Dce440E45D62a03,Pool2Pool,0x68e93d2f0781864cF6F370Ecc3B7240738DE15f7,0x4D11f27b1c4A5d232a200D2256A4E3d9bAACcF05,0xD96d54E54186116fBC5C76727dd694E92F57f3fD,0xbC3af484919304E005Ca8b735a0d463b876aeB52,waLinUSDT -> waLinUSDC,11146.664874,11439.933627,11147.035082,11434.914204,,0.016035894897300045,,0.028735085178531693,0.028735085178531693,0.012699190281231648,20.0,1.0,0.0,False,"ChainData(name='linea', block_autopool_first_deployed=24833829, chain_id=59144, start_unix_timestamp=1761230085, alchemy_network_enum='linea-mainnet')",KeyError,,,,
1,1,0x68e93d2f0781864cF6F370Ecc3B7240738DE15f7,0xD96d54E54186116fBC5C76727dd694E92F57f3fD,26529410,85744.21415551206,rebalance_plan_1765365193_0xd1A6524Fccd465ECa7AF2340B3D7fd2e3bbD792a.json,0.031039762013310924,0.061169494135346524,Wrapped Aave Linea USDT,Wrapped Aave Linea USDC,aave,aave,0x4D11f27b1c4A5d232a200D2256A4E3d9bAACcF05,0xbC3af484919304E005Ca8b735a0d463b876aeB52,rebalance_plan_1765365193_0xd1A6524Fccd465ECa7AF2340B3D7fd2e3bbD792a.json,2025-12-10 11:13:13+00:00,0xd1A6524Fccd465ECa7AF2340B3D7fd2e3bbD792a,59144.0,0xe085D420cdf152Ab504FF05E9Dce440E45D62a03,Pool2Pool,0xD96d54E54186116fBC5C76727dd694E92F57f3fD,0xbC3af484919304E005Ca8b735a0d463b876aeB52,0x68e93d2f0781864cF6F370Ecc3B7240738DE15f7,0x4D11f27b1c4A5d232a200D2256A4E3d9bAACcF05,waLinUSDC -> waLinUSDT,83667.421421,85744.214155,83483.365258,85679.616659,,0.031039762013310924,,0.061169494135346524,0.061169494135346524,0.0301297321220356,20.0,1.0,0.0,False,"ChainData(name='linea', block_autopool_first_deployed=24833829, chain_id=59144, start_unix_timestamp=1761230085, alchemy_network_enum='linea-mainnet')",KeyError,,,,
2,2,0x68e93d2f0781864cF6F370Ecc3B7240738DE15f7,0xd1A6524Fccd465ECa7AF2340B3D7fd2e3bbD792a,26508073,3999.227,rebalance_plan_1765309993_0xd1A6524Fccd465ECa7AF2340B3D7fd2e3bbD792a.json,,0.043538680485556605,Wrapped Aave Linea USDT,lineaUSD,tokemak,aave,0x4D11f27b1c4A5d232a200D2256A4E3d9bAACcF05,0xd1A6524Fccd465ECa7AF2340B3D7fd2e3bbD792a,rebalance_plan_1765309993_0xd1A6524Fccd465ECa7AF2340B3D7fd2e3bbD792a.json,2025-12-09 19:53:13+00:00,0xd1A6524Fccd465ECa7AF2340B3D7fd2e3bbD792a,59144.0,0xe085D420cdf152Ab504FF05E9Dce440E45D62a03,FromIdle,0xd1A6524Fccd465ECa7AF2340B3D7fd2e3bbD792a,0x176211869cA2b568f2A7D4EE941E073a821EE1ff,0x68e93d2f0781864cF6F370Ecc3B7240738DE15f7,0x4D11f27b1c4A5d232a200D2256A4E3d9bAACcF05,lineaUSD -> waLinUSDT,3999.227,3999.227,3894.720645,3996.472645,,,,0.043538680485556605,0.043538680485556605,0.043538680485556605,20.0,1.0,0.0,False,"ChainData(name='linea', block_autopool_first_deployed=24833829, chain_id=59144, start_unix_timestamp=1761230085, alchemy_network_enum='linea-mainnet')",KeyError,0.0,0.0,,
3,3,0xD96d54E54186116fBC5C76727dd694E92F57f3fD,0xd1A6524Fccd465ECa7AF2340B3D7fd2e3bbD792a,26363232,161984.830499,rebalance_plan_1764943994_0xd1A6524Fccd465ECa7AF2340B3D7fd2e3bbD792a.json,,0.028123895585467698,Wrapped Aave Linea USDC,lineaUSD,tokemak,aave,0xbC3af484919304E005Ca8b735a0d463b876aeB52,0xd1A6524Fccd465ECa7AF2340B3D7fd2e3bbD792a,rebalance_plan_1764943994_0xd1A6524Fccd465ECa7AF2340B3D7fd2e3bbD792a.json,2025-12-05 14:13:14+00:00,0xd1A6524Fccd465ECa7AF2340B3D7fd2e3bbD792a,59144.0,0xe085D420cdf152Ab504FF05E9Dce440E45D62a03,FromIdle,0xd1A6524Fccd465ECa7AF2340B3D7fd2e3bbD792a,0x176211869cA2b568f2A7D4EE941E073a821EE1ff,0xD96d54E54186116fBC5C76727dd694E92F57f3fD,0xbC3af484919304E005Ca8b735a0d463b876aeB52,lineaUSD -> waLinUSDC,161984.830499,161984.830499,158037.609031,161960.532775,,,,0.028123895585467698,0.028123895585467698,0.028123895585467698,20.0,0.0,,False,"ChainData(name='linea', block_autopool_first_deployed=24833829, chain_id=59144, start_unix_timestamp=1761230085, alchemy_network_enum='linea-mainnet')",KeyError,0.0,0.0,,
4,4,0x68e93d2f0781864cF6F370Ecc3B7240738DE15f7,0xD96d54E54186116fBC5C76727dd694E92F57f3fD,26100973,6377.632614840576,rebalance_plan_1764293593_0xd1A6524Fccd465ECa7AF2340B3D7fd2e3bbD792a.json,0.032752800578080284,0.043608797766258596,Wrapped Aave Linea USDT,Wrapped Aave Linea USDC,aave,aave,0x4D11f27b1c4A5d232a200D2256A4E3d9bAACcF05,0xbC3af484919304E005Ca8b735a0d463b876aeB52,rebalance_plan_1764293593_0xd1A6524Fccd465ECa7AF2340B3D7fd2e3bbD792a.json,2025-11-28 01:33:13+00:00,0xd1A6524Fccd465ECa7AF2340B3D7fd2e3bbD792a,59144.0,0xe085D420cdf152Ab504FF05E9Dce440E45D62a03,Pool2Pool,0xD96d54E54186116fBC5C76727dd694E92F57f3fD,0xbC3af484919304E005Ca8b735a0d463b876aeB52,0x68e93d2f0781864cF6F370Ecc3B7240738DE15f7,0x4D11f27b1c4A5d232a200D2256A4E3d9bAACcF05,waLinUSDC -> waLinUSDT,6229.714279,6377.632615,6221.383904,6375.573444,,0.032752800578080284,,0.043608797766258596,0.043608797766258596,0.010855997188178312,20.0,1.0,0.0,False,"ChainData(name='linea', block_autopool_first_deployed=24833829, chain_id=59144, start_unix_timestamp=1761230085, alchemy_network_enum='linea-mainnet')",KeyError,,,,
5,5,0x68e93d2f0781864cF6F370Ecc3B7240738DE15f7,0xd1A6524Fccd465ECa7AF2340B3D7fd2e3bbD792a,26035549,25368.234,rebalance_plan_1764138793_0xd1A6524Fccd465ECa7AF2340B3D7fd2e3bbD792a.json,,0.04078012335254032,Wrapped Aave Linea USDT,lineaUSD,tokemak,aave,0x4D11f27b1c4A5d232a200D2256A4E3d9bAACcF05,0xd1A6524Fccd465ECa7AF2340B3D7fd2e3bbD792a,rebalance_plan_1764138793_0xd1A6524Fccd465ECa7AF2340B3D7fd2e3bbD792a.json,2025-11-26 06:33:13+00:00,0xd1A6524Fccd465ECa7AF2340B3D7fd2e3bbD792a,59144.0,0xe085D420cdf152Ab504FF05E9Dce440E45D62a03,FromIdle,0xd1A6524Fccd465ECa7AF2340B3D7fd2e3bbD792a,0x176211869cA2b568f2A7D4EE941E073a821EE1ff,0x68e93d2f0781864cF6F370Ecc3B7240738DE15f7,0x4D11f27b1c4A5d232a200D2256A4E3d9bAACcF05,lineaUSD -> waLinUSDT,25368.234,25368.234,24749.251585,25351.12228,,,,0.04078012335254032,0.04078012335254032,0.04078012335254032,20.0,1.0,0.0,False,"ChainData(name='linea', block_autopool_first_deployed=24833829, chain_id=59144, start_unix_timestamp=1761230085, alchemy_network_enum='linea-mainnet')",KeyError,0.0,0.0,,
6,6,0x68e93d2f0781864cF6F370Ecc3B7240738DE15f7,0xd1A6524Fccd465ECa7AF2340B3D7fd2e3bbD792a,26034503,30000.0,rebalance_plan_1764136393_0xd1A6524Fccd465ECa7AF2340B3D7fd2e3bbD792a.json,,0.04134497777896561,Wrapped Aave Linea USDT,lineaUSD,tokemak,aave,0x4D11f27b1c4A5d232a200D2256A4E3d9bAACcF05,0xd1A6524Fccd465ECa7AF2340B3D7fd2e3bbD792a,rebalance_plan_1764136393_0xd1A6524Fccd465ECa7AF2340B3D7fd2e3bbD792a.json,2025-11-26 05:53:13+00:00,0xd1A6524Fccd465ECa7AF2340B3D7fd2e3bbD792a,59144.0,0xe085D420cdf152Ab504FF05E9Dce440E45D62a03,FromIdle,0xd1A6524Fccd465ECa7AF2340B3D7fd2e3bbD792a,0x176211869cA2b568f2A7D4EE941E073a821EE1ff,0x68e93d2f0781864cF6F370Ecc3B7240738DE15f7,0x4D11f27b1c4A5d232a200D2256A4E3d9bAACcF05,lineaUSD -> waLinUSDT,30000.0,30000.0,29269.122109,29980.79331,,,,0.04134497777896561,0.04134497777896561,0.04134497777896561,20.0,1.0,0.0,False,"ChainData(name='linea', block_autopool_first_deployed=24833829, chain_id=59144, start_unix_timestamp=1761230085, alchemy_network_enum='linea-mainnet')",KeyError,0.0,0.0,,
7,7,0x68e93d2f0781864cF6F370Ecc3B7240738DE15f7,0xd1A6524Fccd465ECa7AF2340B3D7fd2e3bbD792a,26033539,30000.0,rebalance_plan_1764133993_0xd1A6524Fccd465ECa7AF2340B3D7fd2e3bbD792a.json,,0.042109033066089506,Wrapped Aave Linea USDT,lineaUSD,tokemak,aave,0x4D11f27b1c4A5d232a200D2256A4E3d9bAACcF05,0xd1A6524Fccd465ECa7AF2340B3D7fd2e3bbD792a,rebalance_plan_1764133993_0xd1A6524Fccd465ECa7AF2340B3D7fd2e3bbD792a.json,2025-11-26 05:13:13+00:00,0xd1A6524Fccd465ECa7AF2340B3D7fd2e3bbD792a,59144.0,0xe085D420cdf152Ab504FF05E9Dce440E45D62a03,FromIdle,0xd1A6524Fccd465ECa7AF2340B3D7fd2e3bbD792a,0x176211869cA2b568f2A7D4EE941E073a821EE1ff,0x68e93d2f0781864cF6F370Ecc3B7240738DE15f7,0x4D11f27b1c4A5d232a200D2256A4E3d9bAACcF05,lineaUSD -> waLinUSDT,30000.0,30000.0,29270.68124,29982.302547,,,,0.042109033066089506,0.042109033066089506,0.042109033066089506,20.0,1.0,0.0,False,"ChainData(name='linea', block_autopool_first_deployed=24833829, chain_id=59144, start_unix_timestamp=1761230085, alchemy_network_enum='linea-mainnet')",KeyError,0.0,0.0,,
8,8,0x68e93d2f0781864cF6F370Ecc3B7240738DE15f7,0xd1A6524Fccd465ECa7AF2340B3D7fd2e3bbD792a,26032654,30000.0,rebalance_plan_1764131593_0xd1A6524Fccd465ECa7AF2340B3D7fd2e3bbD792a.json,,0.042682781609554556,Wrapped Aave Linea USDT,lineaUSD,tokemak,aave,0x4D11f27b1c4A5d232a200D2256A4E3d9bAACcF05,0xd1A6524Fccd465ECa7AF2340B3D7fd2e3bbD792a,rebalance_plan_1764131593_0xd1A6524Fccd465ECa7AF2340B3D7fd2e3bbD792a.json,2025-11-26 04:33:13+00:00,0xd1A6524Fccd465ECa7AF2340B3D7fd2e3bbD792a,59144.0,0xe085D420cdf152Ab504FF05E9Dce440E45D62a03,FromIdle,0xd1A6524Fccd465ECa7AF2340B3D7fd2e3bbD792a,0x176211869cA2b568f2A7D4EE941E073a821EE1ff,0x68e93d2f0781864cF6F370Ecc3B7240738DE15f7,0x4D11f27b1c4A5d232a200D2256A4E3d9bAACcF05,lineaUSD -> waLinUSDT,30000.0,30000.0,29267.429808,29978.884274,,,,0.042682781609554556,0.042682781609554556,0.042682781609554556,20.0,1.0,0.0,False,"ChainData(name='linea', block_autopool_first_deployed=24833829, chain_id=59144, start_unix_timestamp=1761230085, alchemy_network_enum='linea-mainnet')",KeyError,0.0,0.0,,
9,9,0x68e93d2f0781864cF6F370Ecc3B7240738DE15f7,0xd1A6524Fccd465ECa7AF2340B3D7fd2e3bbD792a,26031661,38456.07825,rebalance_plan_1764129193_0xd1A6524Fccd465ECa7AF2340B3D7fd2e3bbD792a.json,,0.04292473790121125,Wrapped Aave Linea USDT,lineaUSD,tokemak,aave,0x4D11f27b1c4A5d232a200D2256A4E3d9bAACcF05,0xd1A6524Fccd465ECa7AF2340B3D7fd2e3bbD792a,rebalance_plan_1764129193_0xd1A6524Fccd465ECa7AF2340B3D7fd2e3bbD792a.json,2025-11-26 03:53:13+00:00,0xd1A6524Fccd465ECa7AF2340B3D7fd2e3bbD792a,59144.0,0xe085D420cdf152Ab504FF05E9Dce440E45D62a03,FromIdle,0xd1A6524Fccd465ECa7AF2340B3D7fd2e3bbD792a,0x176211869cA2b568f2A7D4EE941E073a821EE1ff,0x68e93d2f0781864cF6F370Ecc3B7240738DE15f7,0x4D11f27b1c4A5d232a200D2256A4E3d9bAACcF05,lineaUSD -> waLinUSDT,38456.07825,38456.07825,37518.27496,38430.184566,,,,0.04292473790121125,0.04292473790121125,0.04292473790121125,20.0,1.0,0.0,False,"ChainData(name='linea', block_autopool_first_deployed=24833829, chain_id=59144, start_unix_timestamp=1761230085, alchemy_network_enum='linea-mainnet')",KeyError,0.0,0.0,,
10,10,0xD96d54E54186116fBC5C76727dd694E92F57f3fD,0xd1A6524Fccd465ECa7AF2340B3D7fd2e3bbD792a,26030667,153824.313,rebalance_plan_1764126793_0xd1A6524Fccd465ECa7AF2340B3D7fd2e3bbD792a.json,,0.038958594706703153,Wrapped Aave Linea USDC,lineaUSD,tokemak,aave,0xbC3af484919304E005Ca8b735a0d463b876aeB52,0xd1A6524Fccd465ECa7AF2340B3D7fd2e3bbD792a,rebalance_plan_1764126793_0xd1A6524Fccd465ECa7AF2340B3D7fd2e3bbD792a.json,2025-11-26 03:13:13+00:00,0xd1A6524Fccd465ECa7AF2340B3D7fd2e3bbD792a,59144.0,0xe085D420cdf152Ab504FF05E9Dce440E45D62a03,FromIdle,0xd1A6524Fccd465ECa7AF2340B3D7fd2e3bbD792a,0x176211869cA2b568f2A7D4EE941E073a821EE1ff,0xD96d54E54186116fBC5C76727dd694E92F57f3fD,0xbC3af484919304E005Ca8b735a0d463b876aeB52,lineaUSD -> waLinUSDC,153824.313,153824.313,150202.564804,153801.239353,,,,0.038958594706703153,0.038958594706703153,0.038958594706703153,20.0,0.0,,False,"ChainData(name='linea', block_autopool_first_deployed=24833829, chain_id=59144, start_unix_timestamp=1761230085, alchemy_network_enum='linea-mainnet')",KeyError,0.0,0.0,,
11,11,0x68e93d2f0781864cF6F370Ecc3B7240738DE15f7,0xd1A6524Fccd465ECa7AF2340B3D7fd2e3bbD792a,26029660,50538.8785,rebalance_plan_1764124393_0xd1A6524Fccd465ECa7AF2340B3D7fd2e3bbD792a.json,,0.043910133381065586,Wrapped Aave Linea USDT,lineaUSD,tokemak,aave,0x4D11f27b1c4A5d232a200D2256A4E3d9bAACcF05,0xd1A6524Fccd465ECa7AF2340B3D7fd2e3bbD792a,rebalance_plan_1764124393_0xd1A6524Fccd465ECa7AF2340B3D7fd2e3bbD792a.json,2025-11-26 02:33:13+00:00,0xd1A6524Fccd465ECa7AF2340B3D7fd2e3bbD792a,59144.0,0xe085D420cdf152Ab504FF05E9Dce440E45D62a03,FromIdle,0xd1A6524Fccd465ECa7AF2340B3D7fd2e3bbD792a,0x176211869cA2b568f2A7D4EE941E073a821EE1ff,0x68e93d2f0781864cF6F370Ecc3B7240738DE15f7,0x4D11f27b1c4A5d232a200D2256A4E3d9bAACcF05,lineaUSD -> waLinUSDT,50538.8785,50538.8785,49311.250451,50509.451962,,,,0.043910133381065586,0.043910133381065586,0.043910133381065586,20.0,1.0,0.0,False,"ChainData(name='linea', block_autopool_first_deployed=24833829, chain_id=59144, start_unix_timestamp=1761230085, alchemy_network_enum='linea-mainnet')",KeyError,0.0,0.0,,
12,12,0xD96d54E54186116fBC5C76727dd694E92F57f3fD,0xd1A6524Fccd465ECa7AF2340B3D7fd2e3bbD792a,26028733,202155.514499,rebalance_plan_1764121993_0xd1A6524Fccd465ECa7AF2340B3D7fd2e3bbD792a.json,,0.03966826685775146,Wrapped Aave Linea USDC,lineaUSD,tokemak,aave,0xbC3af484919304E005Ca8b735a0d463b876aeB52,0xd1A6524Fccd465ECa7AF2340B3D7fd2e3bbD792a,rebalance_plan_1764121993_0xd1A6524Fccd465ECa7AF2340B3D7fd2e3bbD792a.json,2025-11-26 01:53:13+00:00,0xd1A6524Fccd465ECa7AF2340B3D7fd2e3bbD792a,59144.0,0xe085D420cdf152Ab504FF05E9Dce440E45D62a03,FromIdle,0xd1A6524Fccd465ECa7AF2340B3D7fd2e3bbD792a,0x176211869cA2b568f2A7D4EE941E073a821EE1ff,0xD96d54E54186116fBC5C76727dd694E92F57f3fD,0xbC3af484919304E005Ca8b735a0d463b876aeB52,lineaUSD -> waLinUSDC,202155.514499,202155.514499,197396.978938,202125.191172,,,,0.03966826685775146,0.03966826685775146,0.03966826685775146,20.0,0.0,,False,"ChainData(name='linea', block_autopool_first_deployed=24833829, chain_id=59144, start_unix_timestamp=1761230085, alchemy_network_enum='linea-mainnet')",KeyError,0.0,0.0,,
13,13,0x68e93d2f0781864cF6F370Ecc3B7240738DE15f7,0xd1A6524Fccd465ECa7AF2340B3D7fd2e3bbD792a,26027868,30000.0,rebalance_plan_1764119593_0xd1A6524Fccd465ECa7AF2340B3D7fd2e3bbD792a.json,,0.044529999906942154,Wrapped Aave Linea USDT,lineaUSD,tokemak,aave,0x4D11f27b1c4A5d232a200D2256A4E3d9bAACcF05,0xd1A6524Fccd465ECa7AF2340B3D7fd2e3bbD792a,rebalance_plan_1764119593_0xd1A6524Fccd465ECa7AF2340B3D7fd2e3bbD792a.json,2025-11-26 01:13:13+00:00,0xd1A6524Fccd465ECa7AF2340B3D7fd2e3bbD792a,59144.0,0xe085D420cdf152Ab504FF05E9Dce440E45D62a03,FromIdle,0xd1A6524Fccd465ECa7AF2340B3D7fd2e3bbD792a,0x176211869cA2b568f2A7D4EE941E073a821EE1ff,0x68e93d2f0781864cF6F370Ecc3B7240738DE15f7,0x4D11f27b1c4A5d232a200D2256A4E3d9bAACcF05,lineaUSD -> waLinUSDT,30000.0,30000.0,29272.648095,29983.731825,,,,0.044529999906942154,0.044529999906942154,0.044529999906942154,20.0,1.0,0.0,False,"ChainData(name='linea', block_autopool_first_deployed=24833829, chain_id=59144, start_unix_timestamp=1761230085, alchemy_network_enum='linea-mainnet')",KeyError,0.0,0.0,,
14,14,0x68e93d2f0781864cF6F370Ecc3B7240738DE15f7,0xd1A6524Fccd465ECa7AF2340B3D7fd2e3bbD792a,26024618,2999.573,rebalance_plan_1764109994_0xd1A6524Fccd465ECa7AF2340B3D7fd2e3bbD792a.json,,0.04458263683435317,Wrapped Aave Linea USDT,lineaUSD,tokemak,aave,0x4D11f27b1c4A5d232a200D2256A4E3d9bAACcF05,0xd1A6524Fccd465ECa7AF2340B3D7fd2e3bbD792a,rebalance_plan_1764109994_0xd1A6524Fccd465ECa7AF2340B3D7fd2e3bbD792a.json,2025-11-25 22:33:14+00:00,0xd1A6524Fccd465ECa7AF2340B3D7fd2e3bbD792a,59144.0,0xe085D420cdf152Ab504FF05E9Dce440E45D62a03,FromIdle,0xd1A6524Fccd465ECa7AF2340B3D7fd2e3bbD792a,0x176211869cA2b568f2A7D4EE941E073a821EE1ff,0x68e93d2f0781864cF6F370Ecc3B7240738DE15f7,0x4D11f27b1c4A5d232a200D2256A4E3d9bAACcF05,lineaUSD -> waLinUSDT,2999.573,2999.573,2926.906687,2997.965388,,,,0.04458263683435317,0.04458263683435317,0.04458263683435317,20.0,1.0,0.0,False,"ChainData(name='linea', block_autopool_first_deployed=24833829, chain_id=59144, start_unix_timestamp=1761230085, alchemy_network_enum='linea-mainnet')",KeyError,0.0,0.0,,
15,15,0x68e93d2f0781864cF6F370Ecc3B7240738DE15f7,0xd1A6524Fccd465ECa7AF2340B3D7fd2e3bbD792a,26023397,20548.938,rebalance_plan_1764106394_0xd1A6524Fccd465ECa7AF2340B3D7fd2e3bbD792a.json,,0.04500109397695248,Wrapped Aave Linea USDT,lineaUSD,tokemak,aave,0x4D11f27b1c4A5d232a200D2256A4E3d9bAACcF05,0xd1A6524Fccd465ECa7AF2340B3D7fd2e3bbD792a,rebalance_plan_1764106394_0xd1A6524Fccd465ECa7AF2340B3D7fd2e3bbD792a.json,2025-11-25 21:33:14+00:00,0xd1A6524Fccd465ECa7AF2340B3D7fd2e3bbD792a,59144.0,0xe085D420cdf152Ab504FF05E9Dce440E45D62a03,FromIdle,0xd1A6524Fccd465ECa7AF2340B3D7fd2e3bbD792a,0x176211869cA2b568f2A7D4EE941E073a821EE1ff,0x68e93d2f0781864cF6F370Ecc3B7240738DE15f7,0x4D11f27b1c4A5d232a200D2256A4E3d9bAACcF05,lineaUSD -> waLinUSDT,20548.938,20548.938,20051.245145,20537.943961,,,,0.04500109397695248,0.04500109397695248,0.04500109397695248,20.0,1.0,0.0,False,"ChainData(name='linea', block_autopool_first_deployed=24833829, chain_id=59144, start_unix_timestamp=1761230085, alchemy_network_enum='linea-mainnet')",KeyError,0.0,0.0,,
16,16,0xD96d54E54186116fBC5C76727dd694E92F57f3fD,0x68e93d2f0781864cF6F370Ecc3B7240738DE15f7,25949338,2076.5192445229955,rebalance_plan_1763917993_0xd1A6524Fccd465ECa7AF2340B3D7fd2e3bbD792a.json,0.02108910779667435,0.032560623550825,Wrapped Aave Linea USDC,Wrapped Aave Linea USDT,aave,aave,0xbC3af484919304E005Ca8b735a0d463b876aeB52,0x4D11f27b1c4A5d232a200D2256A4E3d9bAACcF05,rebalance_plan_1763917993_0xd1A6524Fccd465ECa7AF2340B3D7fd2e3bbD792a.json,2025-11-23 17:13:13+00:00,0xd1A6524Fccd465ECa7AF2340B3D7fd2e3bbD792a,59144.0,0xe085D420cdf152Ab504FF05E9Dce440E45D62a03,Pool2Pool,0x68e93d2f0781864cF6F370Ecc3B7240738DE15f7,0x4D11f27b1c4A5d232a200D2256A4E3d9bAACcF05,0xD96d54E54186116fBC5C76727dd694E92F57f3fD,0xbC3af484919304E005Ca8b735a0d463b876aeB52,waLinUSDT -> waLinUSDC,2028.954465,2076.519245,2027.682776,2075.799348,,0.02108910779667435,,0.032560623550825,0.032560623550825,0.01147151575415065,20.0,1.0,0.0,False,"ChainData(name='linea', block_autopool_first_deployed=24833829, chain_id=59144, start_unix_timestamp=1761230085, alchemy_network_enum='linea-mainnet')",KeyError,,,,
17,17,0x68e93d2f0781864cF6F370Ecc3B7240738DE15f7,0xd1A6524Fccd465ECa7AF2340B3D7fd2e3bbD792a,25888130,2962.036,rebalance_plan_1763748794_0xd1A6524Fccd465ECa7AF2340B3D7fd2e3bbD792a.json,,0.023171521831389114,Wrapped Aave Linea USDT,lineaUSD,tokemak,aave,0x4D11f27b1c4A5d232a200D2256A4E3d9bAACcF05,0xd1A6524Fccd465ECa7AF2340B3D7fd2e3bbD792a,rebalance_plan_1763748794_0xd1A6524Fccd465ECa7AF2340B3D7fd2e3bbD792a.json,2025-11-21 18:13:14+00:00,0xd1A6524Fccd465ECa7AF2340B3D7fd2e3bbD792a,59144.0,0xe085D420cdf152Ab504FF05E9Dce440E45D62a03,FromIdle,0xd1A6524Fccd465ECa7AF2340B3D7fd2e3bbD792a,0x176211869cA2b568f2A7D4EE941E073a821EE1ff,0x68e93d2f0781864cF6F370Ecc3B7240738DE15f7,0x4D11f27b1c4A5d232a200D2256A4E3d9bAACcF05,lineaUSD -> waLinUSDT,2962.036,2962.036,2893.235327,2959.190428,,,,0.023171521831389114,0.023171521831389114,0.023171521831389114,20.0,1.0,0.0,False,"ChainData(name='linea', block_autopool_first_deployed=24833829, chain_id=59144, start_unix_timestamp=1761230085, alchemy_network_enum='linea-mainnet')",KeyError,0.0,0.0,,
18,18,0x68e93d2f0781864cF6F370Ecc3B7240738DE15f7,0xd1A6524Fccd465ECa7AF2340B3D7fd2e3bbD792a,25831471,9096.071,rebalance_plan_1763608394_0xd1A6524Fccd465ECa7AF2340B3D7fd2e3bbD792a.json,,0.027096328993774735,Wrapped Aave Linea USDT,lineaUSD,tokemak,aave,0x4D11f27b1c4A5d232a200D2256A4E3d9bAACcF05,0xd1A6524Fccd465ECa7AF2340B3D7fd2e3bbD792a,rebalance_plan_1763608394_0xd1A6524Fccd465ECa7AF2340B3D7fd2e3bbD792a.json,2025-11-20 03:13:14+00:00,0xd1A6524Fccd465ECa7AF2340B3D7fd2e3bbD792a,59144.0,0xe085D420cdf152Ab504FF05E9Dce440E45D62a03,FromIdle,0xd1A6524Fccd465ECa7AF2340B3D7fd2e3bbD792a,0x176211869cA2b568f2A7D4EE941E073a821EE1ff,0x68e93d2f0781864cF6F370Ecc3B7240738DE15f7,0x4D11f27b1c4A5d232a200D2256A4E3d9bAACcF05,lineaUSD -> waLinUSDT,9096.071,9096.071,8882.772063,9091.336396,,,,0.027096328993774735,0.027096328993774735,0.027096328993774735,20.0,1.0,0.0,False,"ChainData(name='linea', block_autopool_first_deployed=24833829, chain_id=59144, start_unix_timestamp=1761230085, alchemy_network_enum='linea-mainnet')",KeyError,0.0,0.0,,
19,19,0xD96d54E54186116fBC5C76727dd694E92F57f3fD,0x68e93d2f0781864cF6F370Ecc3B7240738DE15f7,25571140,25407.75865598667,rebalance_plan_1762949594_0xd1A6524Fccd465ECa7AF2340B3D7fd2e3bbD792a.json,0.02058458186353343,0.04268853179338901,Wrapped Aave Linea USDC,Wrapped Aave Linea USDT,aave,aave,0xbC3af484919304E005Ca8b735a0d463b876aeB52,0x4D11f27b1c4A5d232a200D2256A4E3d9bAACcF05,rebalance_plan_1762949594_0xd1A6524Fccd465ECa7AF2340B3D7fd2e3bbD792a.json,2025-11-12 12:13:14+00:00,0xd1A6524Fccd465ECa7AF2340B3D7fd2e3bbD792a,59144.0,0xe085D420cdf152Ab504FF05E9Dce440E45D62a03,Pool2Pool,0x68e93d2f0781864cF6F370Ecc3B7240738DE15f7,0x4D11f27b1c4A5d232a200D2256A4E3d9bAACcF05,0xD96d54E54186116fBC5C76727dd694E92F57f3fD,0xbC3af484919304E005Ca8b735a0d463b876aeB52,waLinUSDT -> waLinUSDC,24840.258119,25407.758656,24833.149601,25391.919168,,0.02058458186353343,,0.04268853179338901,0.04268853179338901,0.02210394992985558,20.0,1.0,0.0,False,"ChainData(name='linea', block_autopool_first_deployed=24833829, chain_id=59144, start_unix_timestamp=1761230085, alchemy_network_enum='linea-mainnet')",KeyError,,,,
20,20,0x68e93d2f0781864cF6F370Ecc3B7240738DE15f7,0xd1A6524Fccd465ECa7AF2340B3D7fd2e3bbD792a,25511337,20102.104,rebalance_plan_1762816394_0xd1A6524Fccd465ECa7AF2340B3D7fd2e3bbD792a.json,,0.01643187395637374,Wrapped Aave Linea USDT,lineaUSD,tokemak,aave,0x4D11f27b1c4A5d232a200D2256A4E3d9bAACcF05,0xd1A6524Fccd465ECa7AF2340B3D7fd2e3bbD792a,rebalance_plan_1762816394_0xd1A6524Fccd465ECa7AF2340B3D7fd2e3bbD792a.json,2025-11-10 23:13:14+00:00,0xd1A6524Fccd465ECa7AF2340B3D7fd2e3bbD792a,59144.0,0xe085D420cdf152Ab504FF05E9Dce440E45D62a03,FromIdle,0xd1A6524Fccd465ECa7AF2340B3D7fd2e3bbD792a,0x176211869cA2b568f2A7D4EE941E073a821EE1ff,0x68e93d2f0781864cF6F370Ecc3B7240738DE15f7,0x4D11f27b1c4A5d232a200D2256A4E3d9bAACcF05,lineaUSD -> waLinUSDT,20102.104,20102.104,19633.73082,20089.840063,,,,0.01643187395637374,0.01643187395637374,0.01643187395637374,20.0,1.0,0.0,False,"ChainData(name='linea', block_autopool_first_deployed=24833829, chain_id=59144, start_unix_timestamp=1761230085, alchemy_network_enum='linea-mainnet')",KeyError,0.0,0.0,,
21,21,0x68e93d2f0781864cF6F370Ecc3B7240738DE15f7,0xd1A6524Fccd465ECa7AF2340B3D7fd2e3bbD792a,25510216,30000.0,rebalance_plan_1762813994_0xd1A6524Fccd465ECa7AF2340B3D7fd2e3bbD792a.json,,0.016472663911954014,Wrapped Aave Linea USDT,lineaUSD,tokemak,aave,0x4D11f27b1c4A5d232a200D2256A4E3d9bAACcF05,0xd1A6524Fccd465ECa7AF2340B3D7fd2e3bbD792a,rebalance_plan_1762813994_0xd1A6524Fccd465ECa7AF2340B3D7fd2e3bbD792a.json,2025-11-10 22:33:14+00:00,0xd1A6524Fccd465ECa7AF2340B3D7fd2e3bbD792a,59144.0,0xe085D420cdf152Ab504FF05E9Dce440E45D62a03,FromIdle,0xd1A6524Fccd465ECa7AF2340B3D7fd2e3bbD792a,0x176211869cA2b568f2A7D4EE941E073a821EE1ff,0x68e93d2f0781864cF6F370Ecc3B7240738DE15f7,0x4D11f27b1c4A5d232a200D2256A4E3d9bAACcF05,lineaUSD -> waLinUSDT,30000.0,30000.0,29301.344439,29981.982454,,,,0.016472663911954014,0.016472663911954014,0.016472663911954014,20.0,1.0,0.0,False,"ChainData(name='linea', block_autopool_first_deployed=24833829, chain_id=59144, start_unix_timestamp=1761230085, alchemy_network_enum='linea-mainnet')",KeyError,0.0,0.0,,
22,22,0x68e93d2f0781864cF6F370Ecc3B7240738DE15f7,0xd1A6524Fccd465ECa7AF2340B3D7fd2e3bbD792a,25496404,13648.247999,rebalance_plan_1762785194_0xd1A6524Fccd465ECa7AF2340B3D7fd2e3bbD792a.json,,0.016707393670510464,Wrapped Aave Linea USDT,lineaUSD,tokemak,aave,0x4D11f27b1c4A5d232a200D2256A4E3d9bAACcF05,0xd1A6524Fccd465ECa7AF2340B3D7fd2e3bbD792a,rebalance_plan_1762785194_0xd1A6524Fccd465ECa7AF2340B3D7fd2e3bbD792a.json,2025-11-10 14:33:14+00:00,0xd1A6524Fccd465ECa7AF2340B3D7fd2e3bbD792a,59144.0,0xe085D420cdf152Ab504FF05E9Dce440E45D62a03,FromIdle,0xd1A6524Fccd465ECa7AF2340B3D7fd2e3bbD792a,0x176211869cA2b568f2A7D4EE941E073a821EE1ff,0x68e93d2f0781864cF6F370Ecc3B7240738DE15f7,0x4D11f27b1c4A5d232a200D2256A4E3d9bAACcF05,lineaUSD -> waLinUSDT,13648.247999,13648.247999,13330.411834,13639.862708,,,,0.016707393670510464,0.016707393670510464,0.016707393670510464,20.0,1.0,0.0,False,"ChainData(name='linea', block_autopool_first_deployed=24833829, chain_id=59144, start_unix_timestamp=1761230085, alchemy_network_enum='linea-mainnet')",KeyError,0.0,0.0,,
23,23,0x68e93d2f0781864cF6F370Ecc3B7240738DE15f7,0xd1A6524Fccd465ECa7AF2340B3D7fd2e3bbD792a,25495242,30000.0,rebalance_plan_1762782794_0xd1A6524Fccd465ECa7AF2340B3D7fd2e3bbD792a.json,,0.018196487517086996,Wrapped Aave Linea USDT,lineaUSD,tokemak,aave,0x4D11f27b1c4A5d232a200D2256A4E3d9bAACcF05,0xd1A6524Fccd465ECa7AF2340B3D7fd2e3bbD792a,rebalance_plan_1762782794_0xd1A6524Fccd465ECa7AF2340B3D7fd2e3bbD792a.json,2025-11-10 13:53:14+00:00,0xd1A6524Fccd465ECa7AF2340B3D7fd2e3bbD792a,59144.0,0xe085D420cdf152Ab504FF05E9Dce440E45D62a03,FromIdle,0xd1A6524Fccd465ECa7AF2340B3D7fd2e3bbD792a,0x176211869cA2b568f2A7D4EE941E073a821EE1ff,0x68e93d2f0781864cF6F370Ecc3B7240738DE15f7,0x4D11f27b1c4A5d232a200D2256A4E3d9bAACcF05,lineaUSD -> waLinUSDT,30000.0,30000.0,29300.805452,29980.932882,,,,0.018196487517086996,0.018196487517086996,0.018196487517086996,20.0,1.0,0.0,False,"ChainData(name='linea', block_autopool_first_deployed=24833829, chain_id=59144, start_unix_timestamp=1761230085, alchemy_network_enum='linea-mainnet')",KeyError,0.0,0.0,,
24,24,0x68e93d2f0781864cF6F370Ecc3B7240738DE15f7,0xd1A6524Fccd465ECa7AF2340B3D7fd2e3bbD792a,25396981,1345.804,rebalance_plan_1762552813_0xd1A6524Fccd465ECa7AF2340B3D7fd2e3bbD792a.json,,0.08533311005010091,Wrapped Aave Linea USDT,lineaUSD,tokemak,aave,0x4D11f27b1c4A5d232a200D2256A4E3d9bAACcF05,0xd1A6524Fccd465ECa7AF2340B3D7fd2e3bbD792a,rebalance_plan_1762552813_0xd1A6524Fccd465ECa7AF2340B3D7fd2e3bbD792a.json,2025-11-07 22:00:13+00:00,0xd1A6524Fccd465ECa7AF2340B3D7fd2e3bbD792a,59144.0,0xe085D420cdf152Ab504FF05E9Dce440E45D62a03,FromIdle,0xd1A6524Fccd465ECa7AF2340B3D7fd2e3bbD792a,0x176211869cA2b568f2A7D4EE941E073a821EE1ff,0x68e93d2f0781864cF6F370Ecc3B7240738DE15f7,0x4D11f27b1c4A5d232a200D2256A4E3d9bAACcF05,lineaUSD -> waLinUSDT,1345.804,1345.804,1316.323686,1345.686636,,,,0.08533311005010091,0.08533311005010091,0.08533311005010091,20.0,1.0,0.0,False,"ChainData(name='linea', block_autopool_first_deployed=24833829, chain_id=59144, start_unix_timestamp=1761230085, alchemy_network_enum='linea-mainnet')",KeyError,0.0,0.0,,
25,25,0x68e93d2f0781864cF6F370Ecc3B7240738DE15f7,0xD2F243A4E0311950c11122851179eDb04c5D4471,25356761,1.013856e-06,,,,Wrapped Aave Linea USDT,EVK Vault eUSDT-1,euler,aave,0x4D11f27b1c4A5d232a200D2256A4E3d9bAACcF05,0xCBeF9be95738290188B25ca9A6Dd2bEc417a578c,,,,,,,,,,,,,,,,,,,,,,,,,False,"ChainData(name='linea', block_autopool_first_deployed=24833829, chain_id=59144, start_unix_timestamp=1761230085, alchemy_network_enum='linea-mainnet')",KeyError,,,,
26,26,0x68e93d2f0781864cF6F370Ecc3B7240738DE15f7,0xD2F243A4E0311950c11122851179eDb04c5D4471,25356244,89523.34612186751,rebalance_plan_1762453484_0xd1A6524Fccd465ECa7AF2340B3D7fd2e3bbD792a.json,,0.04825573632842861,Wrapped Aave Linea USDT,EVK Vault eUSDT-1,euler,aave,0x4D11f27b1c4A5d232a200D2256A4E3d9bAACcF05,0xCBeF9be95738290188B25ca9A6Dd2bEc417a578c,rebalance_plan_1762453484_0xd1A6524Fccd465ECa7AF2340B3D7fd2e3bbD792a.json,2025-11-06 18:24:44+00:00,0xd1A6524Fccd465ECa7AF2340B3D7fd2e3bbD792a,59144.0,0xe085D420cdf152Ab504FF05E9Dce440E45D62a03,Pool2Pool,0xD2F243A4E0311950c11122851179eDb04c5D4471,0xCBeF9be95738290188B25ca9A6Dd2bEc417a578c,0x68e93d2f0781864cF6F370Ecc3B7240738DE15f7,0x4D11f27b1c4A5d232a200D2256A4E3d9bAACcF05,eUSDT-1 -> waLinUSDT,88300.647062,89523.346122,87548.490431,89509.919922,,0.0870562404875474,,0.04825573632842861,0.04825573632842861,-0.03880050415911879,20.0,0.0,,False,"ChainData(name='linea', block_autopool_first_deployed=24833829, chain_id=59144, start_unix_timestamp=1761230085, alchemy_network_enum='linea-mainnet')",KeyError,,,,
27,27,0xD96d54E54186116fBC5C76727dd694E92F57f3fD,0xd1A6524Fccd465ECa7AF2340B3D7fd2e3bbD792a,25321089,234541.501,rebalance_plan_1762375705_0xd1A6524Fccd465ECa7AF2340B3D7fd2e3bbD792a.json,,0.03892443491077276,Wrapped Aave Linea USDC,lineaUSD,tokemak,aave,0xbC3af484919304E005Ca8b735a0d463b876aeB52,0xd1A6524Fccd465ECa7AF2340B3D7fd2e3bbD792a,rebalance_plan_1762375705_0xd1A6524Fccd465ECa7AF2340B3D7fd2e3bbD792a.json,2025-11-05 20:48:25+00:00,0xd1A6524Fccd465ECa7AF2340B3D7fd2e3bbD792a,59144.0,0xe085D420cdf152Ab504FF05E9Dce440E45D62a03,FromIdle,0xd1A6524Fccd465ECa7AF2340B3D7fd2e3bbD792a,0x176211869cA2b568f2A7D4EE941E073a821EE1ff,0xD96d54E54186116fBC5C76727dd694E92F57f3fD,0xbC3af484919304E005Ca8b735a0d463b876aeB52,lineaUSD -> waLinUSDC,234541.501,234541.501,229584.02445,234506.319774,,,,0.03892443491077276,0.03892443491077276,0.03892443491077276,20.0,1.0,0.0,False,"ChainData(name='linea', block_autopool_first_deployed=24833829, chain_id=59144, start_unix_timestamp=1761230085, alchemy_network_enum='linea-mainnet')",KeyError,0.0,0.0,,
28,28,0xD96d54E54186116fBC5C76727dd694E92F57f3fD,0x9d2868bAfEaA293dAa7B5d1e6d1DD6B1a2239e3A,25265578,201022.10765549963,rebalance_plan_1762254702_0xd1A6524Fccd465ECa7AF2340B3D7fd2e3bbD792a.json,0.1312793274212071,0.043411415889635784,Wrapped Aave Linea USDC,EVK Vault eUSDC-1,euler,aave,0xbC3af484919304E005Ca8b735a0d463b876aeB52,0xfB6448B96637d90FcF2E4Ad2c622A487d0496e6f,rebalance_plan_1762254702_0xd1A6524Fccd465ECa7AF2340B3D7fd2e3bbD792a.json,2025-11-04 11:11:42+00:00,0xd1A6524Fccd465ECa7AF2340B3D7fd2e3bbD792a,59144.0,0xe085D420cdf152Ab504FF05E9Dce440E45D62a03,Pool2Pool,0x9d2868bAfEaA293dAa7B5d1e6d1DD6B1a2239e3A,0xfB6448B96637d90FcF2E4Ad2c622A487d0496e6f,0xD96d54E54186116fBC5C76727dd694E92F57f3fD,0xbC3af484919304E005Ca8b735a0d463b876aeB52,eUSDC-1 -> waLinUSDC,198913.426422,201022.107655,196802.35326,200992.093387,,0.1312793274212071,,0.043411415889635784,0.043411415889635784,-0.08786791153157131,20.0,0.0,,False,"ChainData(name='linea', block_autopool_first_deployed=24833829, chain_id=59144, start_unix_timestamp=1761230085, alchemy_network_enum='linea-mainnet')",KeyError,,,,
29,29,0xD96d54E54186116fBC5C76727dd694E92F57f3fD,0x9d2868bAfEaA293dAa7B5d1e6d1DD6B1a2239e3A,25264937,67006.97139164704,rebalance_plan_1762253243_0xd1A6524Fccd465ECa7AF2340B3D7fd2e3bbD792a.json,0.07701768303640677,0.04342321507206863,Wrapped Aave Linea USDC,EVK Vault eUSDC-1,euler,aave,0xbC3af484919304E005Ca8b735a0d463b876aeB52,0xfB6448B96637d90FcF2E4Ad2c622A487d0496e6f,rebalance_plan_1762253243_0xd1A6524Fccd465ECa7AF2340B3D7fd2e3bbD792a.json,2025-11-04 10:47:23+00:00,0xd1A6524Fccd465ECa7AF2340B3D7fd2e3bbD792a,59144.0,0xe085D420cdf152Ab504FF05E9Dce440E45D62a03,Pool2Pool,0x9d2868bAfEaA293dAa7B5d1e6d1DD6B1a2239e3A,0xfB6448B96637d90FcF2E4Ad2c622A487d0496e6f,0xD96d54E54186116fBC5C76727dd694E92F57f3fD,0xbC3af484919304E005Ca8b735a0d463b876aeB52,eUSDC-1 -> waLinUSDC,66304.475474,67006.971391,65600.587819,66996.966894,,0.07701768303640677,,0.04342321507206863,0.04342321507206863,-0.03359446796433814,20.0,0.0,,False,"ChainData(name='linea', block_autopool_first_deployed=24833829, chain_id=59144, start_unix_timestamp=1761230085, alchemy_network_enum='linea-mainnet')",KeyError,,,,
30,30,0xD2F243A4E0311950c11122851179eDb04c5D4471,0x9d2868bAfEaA293dAa7B5d1e6d1DD6B1a2239e3A,25263212,96010.29518946302,rebalance_plan_1762249538_0xd1A6524Fccd465ECa7AF2340B3D7fd2e3bbD792a.json,0.5413176801025886,0.6018185135141851,EVK Vault eUSDT-1,EVK Vault eUSDC-1,euler,euler,0xCBeF9be95738290188B25ca9A6Dd2bEc417a578c,0xfB6448B96637d90FcF2E4Ad2c622A487d0496e6f,rebalance_plan_1762249538_0xd1A6524Fccd465ECa7AF2340B3D7fd2e3bbD792a.json,2025-11-04 09:45:38+00:00,0xd1A6524Fccd465ECa7AF2340B3D7fd2e3bbD792a,59144.0,0xe085D420cdf152Ab504FF05E9Dce440E45D62a03,Pool2Pool,0x9d2868bAfEaA293dAa7B5d1e6d1DD6B1a2239e3A,0xfB6448B96637d90FcF2E4Ad2c622A487d0496e6f,0xD2F243A4E0311950c11122851179eDb04c5D4471,0xCBeF9be95738290188B25ca9A6Dd2bEc417a578c,eUSDC-1 -> eUSDT-1,95008.055215,96010.29519,94959.970343,95955.066157,,0.5413176801025886,,0.6018185135141851,0.6018185135141851,0.06050083341159651,20.0,1.0,0.0,False,"ChainData(name='linea', block_autopool_first_deployed=24833829, chain_id=59144, start_unix_timestamp=1761230085, alchemy_network_enum='linea-mainnet')",KeyError,,,,
31,31,0x9d2868bAfEaA293dAa7B5d1e6d1DD6B1a2239e3A,0xD96d54E54186116fBC5C76727dd694E92F57f3fD,25261510,8975.710183940066,rebalance_plan_1762245938_0xd1A6524Fccd465ECa7AF2340B3D7fd2e3bbD792a.json,0.04230005509305709,0.09802211351733692,EVK Vault eUSDC-1,Wrapped Aave Linea USDC,aave,euler,0xfB6448B96637d90FcF2E4Ad2c622A487d0496e6f,0xbC3af484919304E005Ca8b735a0d463b876aeB52,rebalance_plan_1762245938_0xd1A6524Fccd465ECa7AF2340B3D7fd2e3bbD792a.json,2025-11-04 08:45:38+00:00,0xd1A6524Fccd465ECa7AF2340B3D7fd2e3bbD792a,59144.0,0xe085D420cdf152Ab504FF05E9Dce440E45D62a03,Pool2Pool,0xD96d54E54186116fBC5C76727dd694E92F57f3fD,0xbC3af484919304E005Ca8b735a0d463b876aeB52,0x9d2868bAfEaA293dAa7B5d1e6d1DD6B1a2239e3A,0xfB6448B96637d90FcF2E4Ad2c622A487d0496e6f,waLinUSDC -> eUSDC-1,8792.233848,8975.710183,8877.408765,8974.3688,,0.04230005509305709,,0.09802211351733692,0.09802211351733692,0.055722058424279824,20.0,0.0,,False,"ChainData(name='linea', block_autopool_first_deployed=24833829, chain_id=59144, start_unix_timestamp=1761230085, alchemy_network_enum='linea-mainnet')",KeyError,,,,
32,32,0x9d2868bAfEaA293dAa7B5d1e6d1DD6B1a2239e3A,0xD96d54E54186116fBC5C76727dd694E92F57f3fD,25260413,29985.020178132865,rebalance_plan_1762243538_0xd1A6524Fccd465ECa7AF2340B3D7fd2e3bbD792a.json,0.07393177453215352,0.11969090946300626,EVK Vault eUSDC-1,Wrapped Aave Linea USDC,aave,euler,0xfB6448B96637d90FcF2E4Ad2c622A487d0496e6f,0xbC3af484919304E005Ca8b735a0d463b876aeB52,rebalance_plan_1762243538_0xd1A6524Fccd465ECa7AF2340B3D7fd2e3bbD792a.json,2025-11-04 08:05:38+00:00,0xd1A6524Fccd465ECa7AF2340B3D7fd2e3bbD792a,59144.0,0xe085D420cdf152Ab504FF05E9Dce440E45D62a03,Pool2Pool,0xD96d54E54186116fBC5C76727dd694E92F57f3fD,0xbC3af484919304E005Ca8b735a0d463b876aeB52,0x9d2868bAfEaA293dAa7B5d1e6d1DD6B1a2239e3A,0xfB6448B96637d90FcF2E4Ad2c622A487d0496e6f,waLinUSDC -> eUSDC-1,29372.198626,29985.020178,29656.831797,29980.509745,,0.07393177453215352,,0.11969090946300626,0.11969090946300626,0.045759134930852735,20.0,0.0,,False,"ChainData(name='linea', block_autopool_first_deployed=24833829, chain_id=59144, start_unix_timestamp=1761230085, alchemy_network_enum='linea-mainnet')",KeyError,,,,
33,33,0x9d2868bAfEaA293dAa7B5d1e6d1DD6B1a2239e3A,0xD96d54E54186116fBC5C76727dd694E92F57f3fD,25259318,29985.020089905578,rebalance_plan_1762241138_0xd1A6524Fccd465ECa7AF2340B3D7fd2e3bbD792a.json,0.075907124285134,0.6035216162088978,EVK Vault eUSDC-1,Wrapped Aave Linea USDC,aave,euler,0xfB6448B96637d90FcF2E4Ad2c622A487d0496e6f,0xbC3af484919304E005Ca8b735a0d463b876aeB52,rebalance_plan_1762241138_0xd1A6524Fccd465ECa7AF2340B3D7fd2e3bbD792a.json,2025-11-04 07:25:38+00:00,0xd1A6524Fccd465ECa7AF2340B3D7fd2e3bbD792a,59144.0,0xe085D420cdf152Ab504FF05E9Dce440E45D62a03,Pool2Pool,0xD96d54E54186116fBC5C76727dd694E92F57f3fD,0xbC3af484919304E005Ca8b735a0d463b876aeB52,0x9d2868bAfEaA293dAa7B5d1e6d1DD6B1a2239e3A,0xfB6448B96637d90FcF2E4Ad2c622A487d0496e6f,waLinUSDC -> eUSDC-1,29372.371172,29985.02009,29657.183806,29980.509745,,0.075907124285134,,0.6035216162088978,0.6035216162088978,0.5276144919237638,20.0,0.0,,False,"ChainData(name='linea', block_autopool_first_deployed=24833829, chain_id=59144, start_unix_timestamp=1761230085, alchemy_network_enum='linea-mainnet')",KeyError,,,,
34,34,0x9d2868bAfEaA293dAa7B5d1e6d1DD6B1a2239e3A,0xD96d54E54186116fBC5C76727dd694E92F57f3fD,25258265,39759.94616522141,rebalance_plan_1762238738_0xd1A6524Fccd465ECa7AF2340B3D7fd2e3bbD792a.json,0.07393000921537432,0.6436380026059333,EVK Vault eUSDC-1,Wrapped Aave Linea USDC,aave,euler,0xfB6448B96637d90FcF2E4Ad2c622A487d0496e6f,0xbC3af484919304E005Ca8b735a0d463b876aeB52,rebalance_plan_1762238738_0xd1A6524Fccd465ECa7AF2340B3D7fd2e3bbD792a.json,2025-11-04 06:45:38+00:00,0xd1A6524Fccd465ECa7AF2340B3D7fd2e3bbD792a,59144.0,0xe085D420cdf152Ab504FF05E9Dce440E45D62a03,Pool2Pool,0xD96d54E54186116fBC5C76727dd694E92F57f3fD,0xbC3af484919304E005Ca8b735a0d463b876aeB52,0x9d2868bAfEaA293dAa7B5d1e6d1DD6B1a2239e3A,0xfB6448B96637d90FcF2E4Ad2c622A487d0496e6f,waLinUSDC -> eUSDC-1,38947.806504,39759.946166,39327.10421,39754.004515,,0.07393000921537432,,0.6436380026059333,0.6436380026059333,0.569707993390559,20.0,0.0,,False,"ChainData(name='linea', block_autopool_first_deployed=24833829, chain_id=59144, start_unix_timestamp=1761230085, alchemy_network_enum='linea-mainnet')",KeyError,,,,
35,35,0x9d2868bAfEaA293dAa7B5d1e6d1DD6B1a2239e3A,0xD96d54E54186116fBC5C76727dd694E92F57f3fD,25257157,66959.1931464166,rebalance_plan_1762236338_0xd1A6524Fccd465ECa7AF2340B3D7fd2e3bbD792a.json,0.07213484670672483,0.5878550088417617,EVK Vault eUSDC-1,Wrapped Aave Linea USDC,aave,euler,0xfB6448B96637d90FcF2E4Ad2c622A487d0496e6f,0xbC3af484919304E005Ca8b735a0d463b876aeB52,rebalance_plan_1762236338_0xd1A6524Fccd465ECa7AF2340B3D7fd2e3bbD792a.json,2025-11-04 06:05:38+00:00,0xd1A6524Fccd465ECa7AF2340B3D7fd2e3bbD792a,59144.0,0xe085D420cdf152Ab504FF05E9Dce440E45D62a03,Pool2Pool,0xD96d54E54186116fBC5C76727dd694E92F57f3fD,0xbC3af484919304E005Ca8b735a0d463b876aeB52,0x9d2868bAfEaA293dAa7B5d1e6d1DD6B1a2239e3A,0xfB6448B96637d90FcF2E4Ad2c622A487d0496e6f,waLinUSDC -> eUSDC-1,65591.865126,66959.193147,66233.263711,66949.18709,,0.07213484670672483,,0.5878550088417617,0.5878550088417617,0.5157201621350368,20.0,0.0,,False,"ChainData(name='linea', block_autopool_first_deployed=24833829, chain_id=59144, start_unix_timestamp=1761230085, alchemy_network_enum='linea-mainnet')",KeyError,,,,
36,36,0x9d2868bAfEaA293dAa7B5d1e6d1DD6B1a2239e3A,0xD96d54E54186116fBC5C76727dd694E92F57f3fD,25256029,89278.4869161213,rebalance_plan_1762233938_0xd1A6524Fccd465ECa7AF2340B3D7fd2e3bbD792a.json,0.07641666954054573,0.6140011558984203,EVK Vault eUSDC-1,Wrapped Aave Linea USDC,aave,euler,0xfB6448B96637d90FcF2E4Ad2c622A487d0496e6f,0xbC3af484919304E005Ca8b735a0d463b876aeB52,rebalance_plan_1762233938_0xd1A6524Fccd465ECa7AF2340B3D7fd2e3bbD792a.json,2025-11-04 05:25:38+00:00,0xd1A6524Fccd465ECa7AF2340B3D7fd2e3bbD792a,59144.0,0xe085D420cdf152Ab504FF05E9Dce440E45D62a03,Pool2Pool,0xD96d54E54186116fBC5C76727dd694E92F57f3fD,0xbC3af484919304E005Ca8b735a0d463b876aeB52,0x9d2868bAfEaA293dAa7B5d1e6d1DD6B1a2239e3A,0xfB6448B96637d90FcF2E4Ad2c622A487d0496e6f,waLinUSDC -> eUSDC-1,87455.820168,89278.486916,88314.343389,89265.058392,,0.07641666954054573,,0.6140011558984203,0.6140011558984203,0.5375844863578746,20.0,0.0,,False,"ChainData(name='linea', block_autopool_first_deployed=24833829, chain_id=59144, start_unix_timestamp=1761230085, alchemy_network_enum='linea-mainnet')",KeyError,,,,
37,37,0x9d2868bAfEaA293dAa7B5d1e6d1DD6B1a2239e3A,0xD96d54E54186116fBC5C76727dd694E92F57f3fD,25255038,119037.28290928787,rebalance_plan_1762231538_0xd1A6524Fccd465ECa7AF2340B3D7fd2e3bbD792a.json,0.08212625133955159,0.7027799274857115,EVK Vault eUSDC-1,Wrapped Aave Linea USDC,aave,euler,0xfB6448B96637d90FcF2E4Ad2c622A487d0496e6f,0xbC3af484919304E005Ca8b735a0d463b876aeB52,rebalance_plan_1762231538_0xd1A6524Fccd465ECa7AF2340B3D7fd2e3bbD792a.json,2025-11-04 04:45:38+00:00,0xd1A6524Fccd465ECa7AF2340B3D7fd2e3bbD792a,59144.0,0xe085D420cdf152Ab504FF05E9Dce440E45D62a03,Pool2Pool,0xD96d54E54186116fBC5C76727dd694E92F57f3fD,0xbC3af484919304E005Ca8b735a0d463b876aeB52,0x9d2868bAfEaA293dAa7B5d1e6d1DD6B1a2239e3A,0xfB6448B96637d90FcF2E4Ad2c622A487d0496e6f,waLinUSDC -> eUSDC-1,116607.760225,119037.166301,117757.241205,119019.378664,,0.08212625133955159,,0.7027799274857115,0.7027799274857115,0.6206536761461598,20.0,0.0,,False,"ChainData(name='linea', block_autopool_first_deployed=24833829, chain_id=59144, start_unix_timestamp=1761230085, alchemy_network_enum='linea-mainnet')",KeyError,,,,
38,38,0xD96d54E54186116fBC5C76727dd694E92F57f3fD,0xd1A6524Fccd465ECa7AF2340B3D7fd2e3bbD792a,25247731,1047.951,rebalance_plan_1762213538_0xd1A6524Fccd465ECa7AF2340B3D7fd2e3bbD792a.json,,0.06706147187209996,Wrapped Aave Linea USDC,lineaUSD,tokemak,aave,0xbC3af484919304E005Ca8b735a0d463b876aeB52,0xd1A6524Fccd465ECa7AF2340B3D7fd2e3bbD792a,rebalance_plan_1762213538_0xd1A6524Fccd465ECa7AF2340B3D7fd2e3bbD792a.json,2025-11-03 23:45:38+00:00,0xd1A6524Fccd465ECa7AF2340B3D7fd2e3bbD792a,59144.0,0xe085D420cdf152Ab504FF05E9Dce440E45D62a03,FromIdle,0xd1A6524Fccd465ECa7AF2340B3D7fd2e3bbD792a,0x176211869cA2b568f2A7D4EE941E073a821EE1ff,0xD96d54E54186116fBC5C76727dd694E92F57f3fD,0xbC3af484919304E005Ca8b735a0d463b876aeB52,lineaUSD -> waLinUSDC,1047.951,1047.951,1026.041638,1047.793807,,,,0.06706147187209996,0.06706147187209996,0.06706147187209996,20.0,3.0,0.0,False,"ChainData(name='linea', block_autopool_first_deployed=24833829, chain_id=59144, start_unix_timestamp=1761230085, alchemy_network_enum='linea-mainnet')",KeyError,0.0,0.0,,
39,39,0xD96d54E54186116fBC5C76727dd694E92F57f3fD,0x9d2868bAfEaA293dAa7B5d1e6d1DD6B1a2239e3A,25243707,25978.36604651904,rebalance_plan_1762203938_0xd1A6524Fccd465ECa7AF2340B3D7fd2e3bbD792a.json,0.06592467879548587,0.07883876769948538,Wrapped Aave Linea USDC,EVK Vault eUSDC-1,euler,aave,0xbC3af484919304E005Ca8b735a0d463b876aeB52,0xfB6448B96637d90FcF2E4Ad2c622A487d0496e6f,rebalance_plan_1762203938_0xd1A6524Fccd465ECa7AF2340B3D7fd2e3bbD792a.json,2025-11-03 21:05:38+00:00,0xd1A6524Fccd465ECa7AF2340B3D7fd2e3bbD792a,59144.0,0xe085D420cdf152Ab504FF05E9Dce440E45D62a03,Pool2Pool,0x9d2868bAfEaA293dAa7B5d1e6d1DD6B1a2239e3A,0xfB6448B96637d90FcF2E4Ad2c622A487d0496e6f,0xD96d54E54186116fBC5C76727dd694E92F57f3fD,0xbC3af484919304E005Ca8b735a0d463b876aeB52,eUSDC-1 -> waLinUSDC,25715.043996,25978.366047,25435.809861,25974.466208,,0.06592467879548587,,0.07883876769948538,0.07883876769948538,0.012914088903999504,20.0,0.0,,False,"ChainData(name='linea', block_autopool_first_deployed=24833829, chain_id=59144, start_unix_timestamp=1761230085, alchemy_network_enum='linea-mainnet')",KeyError,,,,
40,40,0xD96d54E54186116fBC5C76727dd694E92F57f3fD,0x9d2868bAfEaA293dAa7B5d1e6d1DD6B1a2239e3A,25242662,29985.010981129395,rebalance_plan_1762201539_0xd1A6524Fccd465ECa7AF2340B3D7fd2e3bbD792a.json,0.06576261581558408,0.08424871511389363,Wrapped Aave Linea USDC,EVK Vault eUSDC-1,euler,aave,0xbC3af484919304E005Ca8b735a0d463b876aeB52,0xfB6448B96637d90FcF2E4Ad2c622A487d0496e6f,rebalance_plan_1762201539_0xd1A6524Fccd465ECa7AF2340B3D7fd2e3bbD792a.json,2025-11-03 20:25:39+00:00,0xd1A6524Fccd465ECa7AF2340B3D7fd2e3bbD792a,59144.0,0xe085D420cdf152Ab504FF05E9Dce440E45D62a03,Pool2Pool,0x9d2868bAfEaA293dAa7B5d1e6d1DD6B1a2239e3A,0xfB6448B96637d90FcF2E4Ad2c622A487d0496e6f,0xD96d54E54186116fBC5C76727dd694E92F57f3fD,0xbC3af484919304E005Ca8b735a0d463b876aeB52,eUSDC-1 -> waLinUSDC,29681.223657,29985.010982,29358.94888,29980.509745,,0.06576261581558408,,0.08424871511389363,0.08424871511389363,0.01848609929830955,20.0,0.0,,False,"ChainData(name='linea', block_autopool_first_deployed=24833829, chain_id=59144, start_unix_timestamp=1761230085, alchemy_network_enum='linea-mainnet')",KeyError,,,,
41,41,0xD96d54E54186116fBC5C76727dd694E92F57f3fD,0x9d2868bAfEaA293dAa7B5d1e6d1DD6B1a2239e3A,25241637,29985.010907082007,rebalance_plan_1762199139_0xd1A6524Fccd465ECa7AF2340B3D7fd2e3bbD792a.json,0.06610925628289792,0.08788939013816809,Wrapped Aave Linea USDC,EVK Vault eUSDC-1,euler,aave,0xbC3af484919304E005Ca8b735a0d463b876aeB52,0xfB6448B96637d90FcF2E4Ad2c622A487d0496e6f,rebalance_plan_1762199139_0xd1A6524Fccd465ECa7AF2340B3D7fd2e3bbD792a.json,2025-11-03 19:45:39+00:00,0xd1A6524Fccd465ECa7AF2340B3D7fd2e3bbD792a,59144.0,0xe085D420cdf152Ab504FF05E9Dce440E45D62a03,Pool2Pool,0x9d2868bAfEaA293dAa7B5d1e6d1DD6B1a2239e3A,0xfB6448B96637d90FcF2E4Ad2c622A487d0496e6f,0xD96d54E54186116fBC5C76727dd694E92F57f3fD,0xbC3af484919304E005Ca8b735a0d463b876aeB52,eUSDC-1 -> waLinUSDC,29681.370487,29985.010907,29359.150113,29980.509745,,0.06610925628289792,,0.08788939013816809,0.08788939013816809,0.021780133855270167,20.0,0.0,,False,"ChainData(name='linea', block_autopool_first_deployed=24833829, chain_id=59144, start_unix_timestamp=1761230085, alchemy_network_enum='linea-mainnet')",KeyError,,,,
42,42,0xD96d54E54186116fBC5C76727dd694E92F57f3fD,0x9d2868bAfEaA293dAa7B5d1e6d1DD6B1a2239e3A,25240562,29985.01083358677,rebalance_plan_1762196738_0xd1A6524Fccd465ECa7AF2340B3D7fd2e3bbD792a.json,0.05516219327270464,0.0896522925690577,Wrapped Aave Linea USDC,EVK Vault eUSDC-1,euler,aave,0xbC3af484919304E005Ca8b735a0d463b876aeB52,0xfB6448B96637d90FcF2E4Ad2c622A487d0496e6f,rebalance_plan_1762196738_0xd1A6524Fccd465ECa7AF2340B3D7fd2e3bbD792a.json,2025-11-03 19:05:38+00:00,0xd1A6524Fccd465ECa7AF2340B3D7fd2e3bbD792a,59144.0,0xe085D420cdf152Ab504FF05E9Dce440E45D62a03,Pool2Pool,0x9d2868bAfEaA293dAa7B5d1e6d1DD6B1a2239e3A,0xfB6448B96637d90FcF2E4Ad2c622A487d0496e6f,0xD96d54E54186116fBC5C76727dd694E92F57f3fD,0xbC3af484919304E005Ca8b735a0d463b876aeB52,eUSDC-1 -> waLinUSDC,29681.517319,29985.010833,29359.351349,29980.509745,,0.05516219327270464,,0.0896522925690577,0.0896522925690577,0.034490099296353056,20.0,0.0,,False,"ChainData(name='linea', block_autopool_first_deployed=24833829, chain_id=59144, start_unix_timestamp=1761230085, alchemy_network_enum='linea-mainnet')",KeyError,,,,
43,43,0xD96d54E54186116fBC5C76727dd694E92F57f3fD,0x9d2868bAfEaA293dAa7B5d1e6d1DD6B1a2239e3A,25239555,38643.9980096004,rebalance_plan_1762194338_0xd1A6524Fccd465ECa7AF2340B3D7fd2e3bbD792a.json,0.06817740104327262,0.09133048409634295,Wrapped Aave Linea USDC,EVK Vault eUSDC-1,euler,aave,0xbC3af484919304E005Ca8b735a0d463b876aeB52,0xfB6448B96637d90FcF2E4Ad2c622A487d0496e6f,rebalance_plan_1762194338_0xd1A6524Fccd465ECa7AF2340B3D7fd2e3bbD792a.json,2025-11-03 18:25:38+00:00,0xd1A6524Fccd465ECa7AF2340B3D7fd2e3bbD792a,59144.0,0xe085D420cdf152Ab504FF05E9Dce440E45D62a03,Pool2Pool,0x9d2868bAfEaA293dAa7B5d1e6d1DD6B1a2239e3A,0xfB6448B96637d90FcF2E4Ad2c622A487d0496e6f,0xD96d54E54186116fBC5C76727dd694E92F57f3fD,0xbC3af484919304E005Ca8b735a0d463b876aeB52,eUSDC-1 -> waLinUSDC,38253.05182,38643.998009,37837.921782,38638.197204,,0.06817740104327262,,0.09133048409634295,0.09133048409634295,0.02315308305307033,20.0,0.0,,False,"ChainData(name='linea', block_autopool_first_deployed=24833829, chain_id=59144, start_unix_timestamp=1761230085, alchemy_network_enum='linea-mainnet')",KeyError,,,,
44,44,0xD96d54E54186116fBC5C76727dd694E92F57f3fD,0xd1A6524Fccd465ECa7AF2340B3D7fd2e3bbD792a,25238490,11525.463,rebalance_plan_1762191938_0xd1A6524Fccd465ECa7AF2340B3D7fd2e3bbD792a.json,,0.0936700724508195,Wrapped Aave Linea USDC,lineaUSD,tokemak,aave,0xbC3af484919304E005Ca8b735a0d463b876aeB52,0xd1A6524Fccd465ECa7AF2340B3D7fd2e3bbD792a,rebalance_plan_1762191938_0xd1A6524Fccd465ECa7AF2340B3D7fd2e3bbD792a.json,2025-11-03 17:45:38+00:00,0xd1A6524Fccd465ECa7AF2340B3D7fd2e3bbD792a,59144.0,0xe085D420cdf152Ab504FF05E9Dce440E45D62a03,FromIdle,0xd1A6524Fccd465ECa7AF2340B3D7fd2e3bbD792a,0x176211869cA2b568f2A7D4EE941E073a821EE1ff,0xD96d54E54186116fBC5C76727dd694E92F57f3fD,0xbC3af484919304E005Ca8b735a0d463b876aeB52,lineaUSD -> waLinUSDC,11525.463,11525.463,11285.131627,11523.73418,,,,0.0936700724508195,0.0936700724508195,0.0936700724508195,20.0,3.0,0.0,False,"ChainData(name='linea', block_autopool_first_deployed=24833829, chain_id=59144, start_unix_timestamp=1761230085, alchemy_network_enum='linea-mainnet')",KeyError,0.0,0.0,,
45,45,0xD96d54E54186116fBC5C76727dd694E92F57f3fD,0x9d2868bAfEaA293dAa7B5d1e6d1DD6B1a2239e3A,25237409,51524.718630301344,rebalance_plan_1762189539_0xd1A6524Fccd465ECa7AF2340B3D7fd2e3bbD792a.json,0.06783394258592781,0.09457938635749939,Wrapped Aave Linea USDC,EVK Vault eUSDC-1,euler,aave,0xbC3af484919304E005Ca8b735a0d463b876aeB52,0xfB6448B96637d90FcF2E4Ad2c622A487d0496e6f,rebalance_plan_1762189539_0xd1A6524Fccd465ECa7AF2340B3D7fd2e3bbD792a.json,2025-11-03 17:05:39+00:00,0xd1A6524Fccd465ECa7AF2340B3D7fd2e3bbD792a,59144.0,0xe085D420cdf152Ab504FF05E9Dce440E45D62a03,Pool2Pool,0x9d2868bAfEaA293dAa7B5d1e6d1DD6B1a2239e3A,0xfB6448B96637d90FcF2E4Ad2c622A487d0496e6f,0xD96d54E54186116fBC5C76727dd694E92F57f3fD,0xbC3af484919304E005Ca8b735a0d463b876aeB52,eUSDC-1 -> waLinUSDC,51004.069093,51524.71863,50450.655005,51516.984621,,0.06783394258592781,,0.09457938635749939,0.09457938635749939,0.026745443771571578,20.0,0.0,,False,"ChainData(name='linea', block_autopool_first_deployed=24833829, chain_id=59144, start_unix_timestamp=1761230085, alchemy_network_enum='linea-mainnet')",KeyError,,,,
46,46,0xD96d54E54186116fBC5C76727dd694E92F57f3fD,0x9d2868bAfEaA293dAa7B5d1e6d1DD6B1a2239e3A,25236298,68699.28481293777,rebalance_plan_1762187139_0xd1A6524Fccd465ECa7AF2340B3D7fd2e3bbD792a.json,0.06682690569902114,0.09671018359267095,Wrapped Aave Linea USDC,EVK Vault eUSDC-1,euler,aave,0xbC3af484919304E005Ca8b735a0d463b876aeB52,0xfB6448B96637d90FcF2E4Ad2c622A487d0496e6f,rebalance_plan_1762187139_0xd1A6524Fccd465ECa7AF2340B3D7fd2e3bbD792a.json,2025-11-03 16:25:39+00:00,0xd1A6524Fccd465ECa7AF2340B3D7fd2e3bbD792a,59144.0,0xe085D420cdf152Ab504FF05E9Dce440E45D62a03,Pool2Pool,0x9d2868bAfEaA293dAa7B5d1e6d1DD6B1a2239e3A,0xfB6448B96637d90FcF2E4Ad2c622A487d0496e6f,0xD96d54E54186116fBC5C76727dd694E92F57f3fD,0xbC3af484919304E005Ca8b735a0d463b876aeB52,eUSDC-1 -> waLinUSDC,68005.425457,68699.284813,67267.668315,68688.973022,,0.06682690569902114,,0.09671018359267095,0.09671018359267095,0.029883277893649807,20.0,0.0,,False,"ChainData(name='linea', block_autopool_first_deployed=24833829, chain_id=59144, start_unix_timestamp=1761230085, alchemy_network_enum='linea-mainnet')",KeyError,,,,
47,47,0xD96d54E54186116fBC5C76727dd694E92F57f3fD,0x9d2868bAfEaA293dAa7B5d1e6d1DD6B1a2239e3A,25235153,91598.59304842076,rebalance_plan_1762184738_0xd1A6524Fccd465ECa7AF2340B3D7fd2e3bbD792a.json,0.0619509819102723,0.10137000631262932,Wrapped Aave Linea USDC,EVK Vault eUSDC-1,euler,aave,0xbC3af484919304E005Ca8b735a0d463b876aeB52,0xfB6448B96637d90FcF2E4Ad2c622A487d0496e6f,rebalance_plan_1762184738_0xd1A6524Fccd465ECa7AF2340B3D7fd2e3bbD792a.json,2025-11-03 15:45:38+00:00,0xd1A6524Fccd465ECa7AF2340B3D7fd2e3bbD792a,59144.0,0xe085D420cdf152Ab504FF05E9Dce440E45D62a03,Pool2Pool,0x9d2868bAfEaA293dAa7B5d1e6d1DD6B1a2239e3A,0xfB6448B96637d90FcF2E4Ad2c622A487d0496e6f,0xD96d54E54186116fBC5C76727dd694E92F57f3fD,0xbC3af484919304E005Ca8b735a0d463b876aeB52,eUSDC-1 -> waLinUSDC,90673.90061,91598.593048,89690.483327,91584.844288,,0.0619509819102723,,0.10137000631262932,0.10137000631262932,0.03941902440235703,20.0,0.0,,False,"ChainData(name='linea', block_autopool_first_deployed=24833829, chain_id=59144, start_unix_timestamp=1761230085, alchemy_network_enum='linea-mainnet')",KeyError,,,,
48,48,0xD96d54E54186116fBC5C76727dd694E92F57f3fD,0x9d2868bAfEaA293dAa7B5d1e6d1DD6B1a2239e3A,25234013,122130.85290455018,rebalance_plan_1762182339_0xd1A6524Fccd465ECa7AF2340B3D7fd2e3bbD792a.json,0.05923954287186924,0.10834762654886872,Wrapped Aave Linea USDC,EVK Vault eUSDC-1,euler,aave,0xbC3af484919304E005Ca8b735a0d463b876aeB52,0xfB6448B96637d90FcF2E4Ad2c622A487d0496e6f,rebalance_plan_1762182339_0xd1A6524Fccd465ECa7AF2340B3D7fd2e3bbD792a.json,2025-11-03 15:05:39+00:00,0xd1A6524Fccd465ECa7AF2340B3D7fd2e3bbD792a,59144.0,0xe085D420cdf152Ab504FF05E9Dce440E45D62a03,Pool2Pool,0x9d2868bAfEaA293dAa7B5d1e6d1DD6B1a2239e3A,0xfB6448B96637d90FcF2E4Ad2c622A487d0496e6f,0xD96d54E54186116fBC5C76727dd694E92F57f3fD,0xbC3af484919304E005Ca8b735a0d463b876aeB52,eUSDC-1 -> waLinUSDC,120898.534146,122130.852905,119587.890524,122112.521617,,0.05923954287186924,,0.10834762654886872,0.10834762654886872,0.049108083676999474,20.0,0.0,,False,"ChainData(name='linea', block_autopool_first_deployed=24833829, chain_id=59144, start_unix_timestamp=1761230085, alchemy_network_enum='linea-mainnet')",KeyError,,,,
49,49,0x9d2868bAfEaA293dAa7B5d1e6d1DD6B1a2239e3A,0xd1A6524Fccd465ECa7AF2340B3D7fd2e3bbD792a,25218850,3466.541999,rebalance_plan_1762149938_0xd1A6524Fccd465ECa7AF2340B3D7fd2e3bbD792a.json,,0.1302925285746382,EVK Vault eUSDC-1,lineaUSD,tokemak,euler,0xfB6448B96637d90FcF2E4Ad2c622A487d0496e6f,0xd1A6524Fccd465ECa7AF2340B3D7fd2e3bbD792a,rebalance_plan_1762149938_0xd1A6524Fccd465ECa7AF2340B3D7fd2e3bbD792a.json,2025-11-03 06:05:38+00:00,0xd1A6524Fccd465ECa7AF2340B3D7fd2e3bbD792a,59144.0,0xe085D420cdf152Ab504FF05E9Dce440E45D62a03,FromIdle,0xd1A6524Fccd465ECa7AF2340B3D7fd2e3bbD792a,0x176211869cA2b568f2A7D4EE941E073a821EE1ff,0x9d2868bAfEaA293dAa7B5d1e6d1DD6B1a2239e3A,0xfB6448B96637d90FcF2E4Ad2c622A487d0496e6f,lineaUSD -> eUSDC-1,3466.541999,3466.541999,3430.328892,3466.022018,,,,0.1302925285746382,0.1302925285746382,0.1302925285746382,20.0,3.0,0.0,False,"ChainData(name='linea', block_autopool_first_deployed=24833829, chain_id=59144, start_unix_timestamp=1761230085, alchemy_network_enum='linea-mainnet')",KeyError,0.0,0.0,,
50,50,0x9d2868bAfEaA293dAa7B5d1e6d1DD6B1a2239e3A,0xd1A6524Fccd465ECa7AF2340B3D7fd2e3bbD792a,25211014,1678.373,rebalance_plan_1762131938_0xd1A6524Fccd465ECa7AF2340B3D7fd2e3bbD792a.json,,0.06586380881459414,EVK Vault eUSDC-1,lineaUSD,tokemak,euler,0xfB6448B96637d90FcF2E4Ad2c622A487d0496e6f,0xd1A6524Fccd465ECa7AF2340B3D7fd2e3bbD792a,rebalance_plan_1762131938_0xd1A6524Fccd465ECa7AF2340B3D7fd2e3bbD792a.json,2025-11-03 01:05:38+00:00,0xd1A6524Fccd465ECa7AF2340B3D7fd2e3bbD792a,59144.0,0xe085D420cdf152Ab504FF05E9Dce440E45D62a03,FromIdle,0xd1A6524Fccd465ECa7AF2340B3D7fd2e3bbD792a,0x176211869cA2b568f2A7D4EE941E073a821EE1ff,0x9d2868bAfEaA293dAa7B5d1e6d1DD6B1a2239e3A,0xfB6448B96637d90FcF2E4Ad2c622A487d0496e6f,lineaUSD -> eUSDC-1,1678.373,1678.373,1660.912256,1678.121244,,,,0.06586380881459414,0.06586380881459414,0.06586380881459414,20.0,3.0,0.0,False,"ChainData(name='linea', block_autopool_first_deployed=24833829, chain_id=59144, start_unix_timestamp=1761230085, alchemy_network_enum='linea-mainnet')",KeyError,0.0,0.0,,
51,51,0x9d2868bAfEaA293dAa7B5d1e6d1DD6B1a2239e3A,0xd1A6524Fccd465ECa7AF2340B3D7fd2e3bbD792a,25183955,15255.105999,rebalance_plan_1762069538_0xd1A6524Fccd465ECa7AF2340B3D7fd2e3bbD792a.json,,0.06470581184404534,EVK Vault eUSDC-1,lineaUSD,tokemak,euler,0xfB6448B96637d90FcF2E4Ad2c622A487d0496e6f,0xd1A6524Fccd465ECa7AF2340B3D7fd2e3bbD792a,rebalance_plan_1762069538_0xd1A6524Fccd465ECa7AF2340B3D7fd2e3bbD792a.json,2025-11-02 07:45:38+00:00,0xd1A6524Fccd465ECa7AF2340B3D7fd2e3bbD792a,59144.0,0xe085D420cdf152Ab504FF05E9Dce440E45D62a03,FromIdle,0xd1A6524Fccd465ECa7AF2340B3D7fd2e3bbD792a,0x176211869cA2b568f2A7D4EE941E073a821EE1ff,0x9d2868bAfEaA293dAa7B5d1e6d1DD6B1a2239e3A,0xfB6448B96637d90FcF2E4Ad2c622A487d0496e6f,lineaUSD -> eUSDC-1,15255.105999,15255.105999,15098.313988,15252.817734,,,,0.06470581184404534,0.06470581184404534,0.06470581184404534,20.0,3.0,0.0,False,"ChainData(name='linea', block_autopool_first_deployed=24833829, chain_id=59144, start_unix_timestamp=1761230085, alchemy_network_enum='linea-mainnet')",KeyError,0.0,0.0,,
52,52,0x9d2868bAfEaA293dAa7B5d1e6d1DD6B1a2239e3A,0xd1A6524Fccd465ECa7AF2340B3D7fd2e3bbD792a,25182430,2001.373,rebalance_plan_1762065938_0xd1A6524Fccd465ECa7AF2340B3D7fd2e3bbD792a.json,,0.06505494367658632,EVK Vault eUSDC-1,lineaUSD,tokemak,euler,0xfB6448B96637d90FcF2E4Ad2c622A487d0496e6f,0xd1A6524Fccd465ECa7AF2340B3D7fd2e3bbD792a,rebalance_plan_1762065938_0xd1A6524Fccd465ECa7AF2340B3D7fd2e3bbD792a.json,2025-11-02 06:45:38+00:00,0xd1A6524Fccd465ECa7AF2340B3D7fd2e3bbD792a,59144.0,0xe085D420cdf152Ab504FF05E9Dce440E45D62a03,FromIdle,0xd1A6524Fccd465ECa7AF2340B3D7fd2e3bbD792a,0x176211869cA2b568f2A7D4EE941E073a821EE1ff,0x9d2868bAfEaA293dAa7B5d1e6d1DD6B1a2239e3A,0xfB6448B96637d90FcF2E4Ad2c622A487d0496e6f,lineaUSD -> eUSDC-1,2001.373,2001.373,1980.818568,2001.072794,,,,0.06505494367658632,0.06505494367658632,0.06505494367658632,20.0,3.0,0.0,False,"ChainData(name='linea', block_autopool_first_deployed=24833829, chain_id=59144, start_unix_timestamp=1761230085, alchemy_network_enum='linea-mainnet')",KeyError,0.0,0.0,,
53,53,0x9d2868bAfEaA293dAa7B5d1e6d1DD6B1a2239e3A,0xd1A6524Fccd465ECa7AF2340B3D7fd2e3bbD792a,25127994,5000.0,rebalance_plan_1761936338_0xd1A6524Fccd465ECa7AF2340B3D7fd2e3bbD792a.json,,0.06107767712840356,EVK Vault eUSDC-1,lineaUSD,tokemak,euler,0xfB6448B96637d90FcF2E4Ad2c622A487d0496e6f,0xd1A6524Fccd465ECa7AF2340B3D7fd2e3bbD792a,rebalance_plan_1761936338_0xd1A6524Fccd465ECa7AF2340B3D7fd2e3bbD792a.json,2025-10-31 18:45:38+00:00,0xd1A6524Fccd465ECa7AF2340B3D7fd2e3bbD792a,59144.0,0xe085D420cdf152Ab504FF05E9Dce440E45D62a03,FromIdle,0xd1A6524Fccd465ECa7AF2340B3D7fd2e3bbD792a,0x176211869cA2b568f2A7D4EE941E073a821EE1ff,0x9d2868bAfEaA293dAa7B5d1e6d1DD6B1a2239e3A,0xfB6448B96637d90FcF2E4Ad2c622A487d0496e6f,lineaUSD -> eUSDC-1,5000.0,5000.0,4949.947503,4999.25,,,,0.06107767712840356,0.06107767712840356,0.06107767712840356,20.0,3.0,0.0,False,"ChainData(name='linea', block_autopool_first_deployed=24833829, chain_id=59144, start_unix_timestamp=1761230085, alchemy_network_enum='linea-mainnet')",KeyError,0.0,0.0,,
54,54,0x9d2868bAfEaA293dAa7B5d1e6d1DD6B1a2239e3A,0xd1A6524Fccd465ECa7AF2340B3D7fd2e3bbD792a,25126942,30000.0,rebalance_plan_1761933938_0xd1A6524Fccd465ECa7AF2340B3D7fd2e3bbD792a.json,,0.060964521134487006,EVK Vault eUSDC-1,lineaUSD,tokemak,euler,0xfB6448B96637d90FcF2E4Ad2c622A487d0496e6f,0xd1A6524Fccd465ECa7AF2340B3D7fd2e3bbD792a,rebalance_plan_1761933938_0xd1A6524Fccd465ECa7AF2340B3D7fd2e3bbD792a.json,2025-10-31 18:05:38+00:00,0xd1A6524Fccd465ECa7AF2340B3D7fd2e3bbD792a,59144.0,0xe085D420cdf152Ab504FF05E9Dce440E45D62a03,FromIdle,0xd1A6524Fccd465ECa7AF2340B3D7fd2e3bbD792a,0x176211869cA2b568f2A7D4EE941E073a821EE1ff,0x9d2868bAfEaA293dAa7B5d1e6d1DD6B1a2239e3A,0xfB6448B96637d90FcF2E4Ad2c622A487d0496e6f,lineaUSD -> eUSDC-1,30000.0,30000.0,29699.802635,29995.5,,,,0.060964521134487006,0.060964521134487006,0.060964521134487006,20.0,3.0,0.0,False,"ChainData(name='linea', block_autopool_first_deployed=24833829, chain_id=59144, start_unix_timestamp=1761230085, alchemy_network_enum='linea-mainnet')",KeyError,0.0,0.0,,
55,55,0x9d2868bAfEaA293dAa7B5d1e6d1DD6B1a2239e3A,0xd1A6524Fccd465ECa7AF2340B3D7fd2e3bbD792a,25125849,30000.0,rebalance_plan_1761931538_0xd1A6524Fccd465ECa7AF2340B3D7fd2e3bbD792a.json,,0.061028570136465975,EVK Vault eUSDC-1,lineaUSD,tokemak,euler,0xfB6448B96637d90FcF2E4Ad2c622A487d0496e6f,0xd1A6524Fccd465ECa7AF2340B3D7fd2e3bbD792a,rebalance_plan_1761931538_0xd1A6524Fccd465ECa7AF2340B3D7fd2e3bbD792a.json,2025-10-31 17:25:38+00:00,0xd1A6524Fccd465ECa7AF2340B3D7fd2e3bbD792a,59144.0,0xe085D420cdf152Ab504FF05E9Dce440E45D62a03,FromIdle,0xd1A6524Fccd465ECa7AF2340B3D7fd2e3bbD792a,0x176211869cA2b568f2A7D4EE941E073a821EE1ff,0x9d2868bAfEaA293dAa7B5d1e6d1DD6B1a2239e3A,0xfB6448B96637d90FcF2E4Ad2c622A487d0496e6f,lineaUSD -> eUSDC-1,30000.0,30000.0,29699.949656,29995.5,,,,0.061028570136465975,0.061028570136465975,0.061028570136465975,20.0,3.0,0.0,False,"ChainData(name='linea', block_autopool_first_deployed=24833829, chain_id=59144, start_unix_timestamp=1761230085, alchemy_network_enum='linea-mainnet')",KeyError,0.0,0.0,,
56,56,0x9d2868bAfEaA293dAa7B5d1e6d1DD6B1a2239e3A,0xd1A6524Fccd465ECa7AF2340B3D7fd2e3bbD792a,25104601,10444.885,rebalance_plan_1761885938_0xd1A6524Fccd465ECa7AF2340B3D7fd2e3bbD792a.json,,0.06323700795473215,EVK Vault eUSDC-1,lineaUSD,tokemak,euler,0xfB6448B96637d90FcF2E4Ad2c622A487d0496e6f,0xd1A6524Fccd465ECa7AF2340B3D7fd2e3bbD792a,rebalance_plan_1761885938_0xd1A6524Fccd465ECa7AF2340B3D7fd2e3bbD792a.json,2025-10-31 04:45:38+00:00,0xd1A6524Fccd465ECa7AF2340B3D7fd2e3bbD792a,59144.0,0xe085D420cdf152Ab504FF05E9Dce440E45D62a03,FromIdle,0xd1A6524Fccd465ECa7AF2340B3D7fd2e3bbD792a,0x176211869cA2b568f2A7D4EE941E073a821EE1ff,0x9d2868bAfEaA293dAa7B5d1e6d1DD6B1a2239e3A,0xfB6448B96637d90FcF2E4Ad2c622A487d0496e6f,lineaUSD -> eUSDC-1,10444.885,10444.885,10341.360559,10443.318267,,,,0.06323700795473215,0.06323700795473215,0.06323700795473215,20.0,3.0,0.0,False,"ChainData(name='linea', block_autopool_first_deployed=24833829, chain_id=59144, start_unix_timestamp=1761230085, alchemy_network_enum='linea-mainnet')",KeyError,0.0,0.0,,
57,57,0x9d2868bAfEaA293dAa7B5d1e6d1DD6B1a2239e3A,0xd1A6524Fccd465ECa7AF2340B3D7fd2e3bbD792a,25087083,1000.19,rebalance_plan_1761846339_0xd1A6524Fccd465ECa7AF2340B3D7fd2e3bbD792a.json,,0.06039333731064921,EVK Vault eUSDC-1,lineaUSD,tokemak,euler,0xfB6448B96637d90FcF2E4Ad2c622A487d0496e6f,0xd1A6524Fccd465ECa7AF2340B3D7fd2e3bbD792a,rebalance_plan_1761846339_0xd1A6524Fccd465ECa7AF2340B3D7fd2e3bbD792a.json,2025-10-30 17:45:39+00:00,0xd1A6524Fccd465ECa7AF2340B3D7fd2e3bbD792a,59144.0,0xe085D420cdf152Ab504FF05E9Dce440E45D62a03,FromIdle,0xd1A6524Fccd465ECa7AF2340B3D7fd2e3bbD792a,0x176211869cA2b568f2A7D4EE941E073a821EE1ff,0x9d2868bAfEaA293dAa7B5d1e6d1DD6B1a2239e3A,0xfB6448B96637d90FcF2E4Ad2c622A487d0496e6f,lineaUSD -> eUSDC-1,1000.19,1000.19,990.354086,1000.039971,,,,0.06039333731064921,0.06039333731064921,0.06039333731064921,20.0,3.0,0.0,False,"ChainData(name='linea', block_autopool_first_deployed=24833829, chain_id=59144, start_unix_timestamp=1761230085, alchemy_network_enum='linea-mainnet')",KeyError,0.0,0.0,,
58,58,0x9d2868bAfEaA293dAa7B5d1e6d1DD6B1a2239e3A,0xd1A6524Fccd465ECa7AF2340B3D7fd2e3bbD792a,25076197,10000.0,rebalance_plan_1761823538_0xd1A6524Fccd465ECa7AF2340B3D7fd2e3bbD792a.json,,0.06064671001116705,EVK Vault eUSDC-1,lineaUSD,tokemak,euler,0xfB6448B96637d90FcF2E4Ad2c622A487d0496e6f,0xd1A6524Fccd465ECa7AF2340B3D7fd2e3bbD792a,rebalance_plan_1761823538_0xd1A6524Fccd465ECa7AF2340B3D7fd2e3bbD792a.json,2025-10-30 11:25:38+00:00,0xd1A6524Fccd465ECa7AF2340B3D7fd2e3bbD792a,59144.0,0xe085D420cdf152Ab504FF05E9Dce440E45D62a03,FromIdle,0xd1A6524Fccd465ECa7AF2340B3D7fd2e3bbD792a,0x176211869cA2b568f2A7D4EE941E073a821EE1ff,0x9d2868bAfEaA293dAa7B5d1e6d1DD6B1a2239e3A,0xfB6448B96637d90FcF2E4Ad2c622A487d0496e6f,lineaUSD -> eUSDC-1,10000.0,10000.0,9902.090981,9998.5,,,,0.06064671001116705,0.06064671001116705,0.06064671001116705,20.0,3.0,0.0,False,"ChainData(name='linea', block_autopool_first_deployed=24833829, chain_id=59144, start_unix_timestamp=1761230085, alchemy_network_enum='linea-mainnet')",KeyError,0.0,0.0,,
59,59,0x9d2868bAfEaA293dAa7B5d1e6d1DD6B1a2239e3A,0xd1A6524Fccd465ECa7AF2340B3D7fd2e3bbD792a,25075031,30000.0,rebalance_plan_1761821139_0xd1A6524Fccd465ECa7AF2340B3D7fd2e3bbD792a.json,,0.059673805690376815,EVK Vault eUSDC-1,lineaUSD,tokemak,euler,0xfB6448B96637d90FcF2E4Ad2c622A487d0496e6f,0xd1A6524Fccd465ECa7AF2340B3D7fd2e3bbD792a,rebalance_plan_1761821139_0xd1A6524Fccd465ECa7AF2340B3D7fd2e3bbD792a.json,2025-10-30 10:45:39+00:00,0xd1A6524Fccd465ECa7AF2340B3D7fd2e3bbD792a,59144.0,0xe085D420cdf152Ab504FF05E9Dce440E45D62a03,FromIdle,0xd1A6524Fccd465ECa7AF2340B3D7fd2e3bbD792a,0x176211869cA2b568f2A7D4EE941E073a821EE1ff,0x9d2868bAfEaA293dAa7B5d1e6d1DD6B1a2239e3A,0xfB6448B96637d90FcF2E4Ad2c622A487d0496e6f,lineaUSD -> eUSDC-1,30000.0,30000.0,29706.390612,29995.5,,,,0.059673805690376815,0.059673805690376815,0.059673805690376815,20.0,3.0,0.0,False,"ChainData(name='linea', block_autopool_first_deployed=24833829, chain_id=59144, start_unix_timestamp=1761230085, alchemy_network_enum='linea-mainnet')",KeyError,0.0,0.0,,
60,60,0x9d2868bAfEaA293dAa7B5d1e6d1DD6B1a2239e3A,0xd1A6524Fccd465ECa7AF2340B3D7fd2e3bbD792a,25073869,30000.0,rebalance_plan_1761818738_0xd1A6524Fccd465ECa7AF2340B3D7fd2e3bbD792a.json,,0.06004815857910285,EVK Vault eUSDC-1,lineaUSD,tokemak,euler,0xfB6448B96637d90FcF2E4Ad2c622A487d0496e6f,0xd1A6524Fccd465ECa7AF2340B3D7fd2e3bbD792a,rebalance_plan_1761818738_0xd1A6524Fccd465ECa7AF2340B3D7fd2e3bbD792a.json,2025-10-30 10:05:38+00:00,0xd1A6524Fccd465ECa7AF2340B3D7fd2e3bbD792a,59144.0,0xe085D420cdf152Ab504FF05E9Dce440E45D62a03,FromIdle,0xd1A6524Fccd465ECa7AF2340B3D7fd2e3bbD792a,0x176211869cA2b568f2A7D4EE941E073a821EE1ff,0x9d2868bAfEaA293dAa7B5d1e6d1DD6B1a2239e3A,0xfB6448B96637d90FcF2E4Ad2c622A487d0496e6f,lineaUSD -> eUSDC-1,30000.0,30000.0,29706.537698,29995.5,,,,0.06004815857910285,0.06004815857910285,0.06004815857910285,20.0,3.0,0.0,False,"ChainData(name='linea', block_autopool_first_deployed=24833829, chain_id=59144, start_unix_timestamp=1761230085, alchemy_network_enum='linea-mainnet')",KeyError,0.0,0.0,,
61,61,0x9d2868bAfEaA293dAa7B5d1e6d1DD6B1a2239e3A,0xd1A6524Fccd465ECa7AF2340B3D7fd2e3bbD792a,25072715,30000.0,rebalance_plan_1761816338_0xd1A6524Fccd465ECa7AF2340B3D7fd2e3bbD792a.json,,0.05992504650375011,EVK Vault eUSDC-1,lineaUSD,tokemak,euler,0xfB6448B96637d90FcF2E4Ad2c622A487d0496e6f,0xd1A6524Fccd465ECa7AF2340B3D7fd2e3bbD792a,rebalance_plan_1761816338_0xd1A6524Fccd465ECa7AF2340B3D7fd2e3bbD792a.json,2025-10-30 09:25:38+00:00,0xd1A6524Fccd465ECa7AF2340B3D7fd2e3bbD792a,59144.0,0xe085D420cdf152Ab504FF05E9Dce440E45D62a03,FromIdle,0xd1A6524Fccd465ECa7AF2340B3D7fd2e3bbD792a,0x176211869cA2b568f2A7D4EE941E073a821EE1ff,0x9d2868bAfEaA293dAa7B5d1e6d1DD6B1a2239e3A,0xfB6448B96637d90FcF2E4Ad2c622A487d0496e6f,lineaUSD -> eUSDC-1,30000.0,30000.0,29706.684786,29995.5,,,,0.05992504650375011,0.05992504650375011,0.05992504650375011,20.0,3.0,0.0,False,"ChainData(name='linea', block_autopool_first_deployed=24833829, chain_id=59144, start_unix_timestamp=1761230085, alchemy_network_enum='linea-mainnet')",KeyError,0.0,0.0,,
62,62,0x9d2868bAfEaA293dAa7B5d1e6d1DD6B1a2239e3A,0xd1A6524Fccd465ECa7AF2340B3D7fd2e3bbD792a,25071576,15105.16,rebalance_plan_1761813938_0xd1A6524Fccd465ECa7AF2340B3D7fd2e3bbD792a.json,,0.060407843764024964,EVK Vault eUSDC-1,lineaUSD,tokemak,euler,0xfB6448B96637d90FcF2E4Ad2c622A487d0496e6f,0xd1A6524Fccd465ECa7AF2340B3D7fd2e3bbD792a,rebalance_plan_1761813938_0xd1A6524Fccd465ECa7AF2340B3D7fd2e3bbD792a.json,2025-10-30 08:45:38+00:00,0xd1A6524Fccd465ECa7AF2340B3D7fd2e3bbD792a,59144.0,0xe085D420cdf152Ab504FF05E9Dce440E45D62a03,FromIdle,0xd1A6524Fccd465ECa7AF2340B3D7fd2e3bbD792a,0x176211869cA2b568f2A7D4EE941E073a821EE1ff,0x9d2868bAfEaA293dAa7B5d1e6d1DD6B1a2239e3A,0xfB6448B96637d90FcF2E4Ad2c622A487d0496e6f,lineaUSD -> eUSDC-1,15105.16,15105.16,14957.533473,15102.894226,,,,0.060407843764024964,0.060407843764024964,0.060407843764024964,20.0,3.0,0.0,False,"ChainData(name='linea', block_autopool_first_deployed=24833829, chain_id=59144, start_unix_timestamp=1761230085, alchemy_network_enum='linea-mainnet')",KeyError,0.0,0.0,,
63,63,0x9d2868bAfEaA293dAa7B5d1e6d1DD6B1a2239e3A,0xd1A6524Fccd465ECa7AF2340B3D7fd2e3bbD792a,25070437,30000.0,rebalance_plan_1761811538_0xd1A6524Fccd465ECa7AF2340B3D7fd2e3bbD792a.json,,0.06004177256284888,EVK Vault eUSDC-1,lineaUSD,tokemak,euler,0xfB6448B96637d90FcF2E4Ad2c622A487d0496e6f,0xd1A6524Fccd465ECa7AF2340B3D7fd2e3bbD792a,rebalance_plan_1761811538_0xd1A6524Fccd465ECa7AF2340B3D7fd2e3bbD792a.json,2025-10-30 08:05:38+00:00,0xd1A6524Fccd465ECa7AF2340B3D7fd2e3bbD792a,59144.0,0xe085D420cdf152Ab504FF05E9Dce440E45D62a03,FromIdle,0xd1A6524Fccd465ECa7AF2340B3D7fd2e3bbD792a,0x176211869cA2b568f2A7D4EE941E073a821EE1ff,0x9d2868bAfEaA293dAa7B5d1e6d1DD6B1a2239e3A,0xfB6448B96637d90FcF2E4Ad2c622A487d0496e6f,lineaUSD -> eUSDC-1,30000.0,30000.0,29706.949548,29995.5,,,,0.06004177256284888,0.06004177256284888,0.06004177256284888,20.0,3.0,0.0,False,"ChainData(name='linea', block_autopool_first_deployed=24833829, chain_id=59144, start_unix_timestamp=1761230085, alchemy_network_enum='linea-mainnet')",KeyError,0.0,0.0,,
64,64,0x9d2868bAfEaA293dAa7B5d1e6d1DD6B1a2239e3A,0xd1A6524Fccd465ECa7AF2340B3D7fd2e3bbD792a,25045932,8003.727999,rebalance_plan_1761758738_0xd1A6524Fccd465ECa7AF2340B3D7fd2e3bbD792a.json,,0.05979557416030455,EVK Vault eUSDC-1,lineaUSD,tokemak,euler,0xfB6448B96637d90FcF2E4Ad2c622A487d0496e6f,0xd1A6524Fccd465ECa7AF2340B3D7fd2e3bbD792a,rebalance_plan_1761758738_0xd1A6524Fccd465ECa7AF2340B3D7fd2e3bbD792a.json,2025-10-29 17:25:38+00:00,0xd1A6524Fccd465ECa7AF2340B3D7fd2e3bbD792a,59144.0,0xe085D420cdf152Ab504FF05E9Dce440E45D62a03,FromIdle,0xd1A6524Fccd465ECa7AF2340B3D7fd2e3bbD792a,0x176211869cA2b568f2A7D4EE941E073a821EE1ff,0x9d2868bAfEaA293dAa7B5d1e6d1DD6B1a2239e3A,0xfB6448B96637d90FcF2E4Ad2c622A487d0496e6f,lineaUSD -> eUSDC-1,8003.727999,8003.727999,7926.361126,8002.52744,,,,0.05979557416030455,0.05979557416030455,0.05979557416030455,20.0,3.0,0.0,False,"ChainData(name='linea', block_autopool_first_deployed=24833829, chain_id=59144, start_unix_timestamp=1761230085, alchemy_network_enum='linea-mainnet')",KeyError,0.0,0.0,,
65,65,0x9d2868bAfEaA293dAa7B5d1e6d1DD6B1a2239e3A,0xd1A6524Fccd465ECa7AF2340B3D7fd2e3bbD792a,25044768,30000.0,rebalance_plan_1761756338_0xd1A6524Fccd465ECa7AF2340B3D7fd2e3bbD792a.json,,0.05987528671162009,EVK Vault eUSDC-1,lineaUSD,tokemak,euler,0xfB6448B96637d90FcF2E4Ad2c622A487d0496e6f,0xd1A6524Fccd465ECa7AF2340B3D7fd2e3bbD792a,rebalance_plan_1761756338_0xd1A6524Fccd465ECa7AF2340B3D7fd2e3bbD792a.json,2025-10-29 16:45:38+00:00,0xd1A6524Fccd465ECa7AF2340B3D7fd2e3bbD792a,59144.0,0xe085D420cdf152Ab504FF05E9Dce440E45D62a03,FromIdle,0xd1A6524Fccd465ECa7AF2340B3D7fd2e3bbD792a,0x176211869cA2b568f2A7D4EE941E073a821EE1ff,0x9d2868bAfEaA293dAa7B5d1e6d1DD6B1a2239e3A,0xfB6448B96637d90FcF2E4Ad2c622A487d0496e6f,lineaUSD -> eUSDC-1,30000.0,30000.0,29710.156482,29995.5,,,,0.05987528671162009,0.05987528671162009,0.05987528671162009,20.0,3.0,0.0,False,"ChainData(name='linea', block_autopool_first_deployed=24833829, chain_id=59144, start_unix_timestamp=1761230085, alchemy_network_enum='linea-mainnet')",KeyError,0.0,0.0,,
66,66,0x9d2868bAfEaA293dAa7B5d1e6d1DD6B1a2239e3A,0xd1A6524Fccd465ECa7AF2340B3D7fd2e3bbD792a,25032579,19994.607999,rebalance_plan_1761731138_0xd1A6524Fccd465ECa7AF2340B3D7fd2e3bbD792a.json,,0.06264771468942844,EVK Vault eUSDC-1,lineaUSD,tokemak,euler,0xfB6448B96637d90FcF2E4Ad2c622A487d0496e6f,0xd1A6524Fccd465ECa7AF2340B3D7fd2e3bbD792a,rebalance_plan_1761731138_0xd1A6524Fccd465ECa7AF2340B3D7fd2e3bbD792a.json,2025-10-29 09:45:38+00:00,0xd1A6524Fccd465ECa7AF2340B3D7fd2e3bbD792a,59144.0,0xe085D420cdf152Ab504FF05E9Dce440E45D62a03,FromIdle,0xd1A6524Fccd465ECa7AF2340B3D7fd2e3bbD792a,0x176211869cA2b568f2A7D4EE941E073a821EE1ff,0x9d2868bAfEaA293dAa7B5d1e6d1DD6B1a2239e3A,0xfB6448B96637d90FcF2E4Ad2c622A487d0496e6f,lineaUSD -> eUSDC-1,19994.607999,19994.607999,19802.392073,19991.608808,,,,0.06264771468942844,0.06264771468942844,0.06264771468942844,20.0,3.0,0.0,False,"ChainData(name='linea', block_autopool_first_deployed=24833829, chain_id=59144, start_unix_timestamp=1761230085, alchemy_network_enum='linea-mainnet')",KeyError,0.0,0.0,,
67,67,0x9d2868bAfEaA293dAa7B5d1e6d1DD6B1a2239e3A,0xd1A6524Fccd465ECa7AF2340B3D7fd2e3bbD792a,25027857,26554.98,rebalance_plan_1761721538_0xd1A6524Fccd465ECa7AF2340B3D7fd2e3bbD792a.json,,0.06231608270478562,EVK Vault eUSDC-1,lineaUSD,tokemak,euler,0xfB6448B96637d90FcF2E4Ad2c622A487d0496e6f,0xd1A6524Fccd465ECa7AF2340B3D7fd2e3bbD792a,rebalance_plan_1761721538_0xd1A6524Fccd465ECa7AF2340B3D7fd2e3bbD792a.json,2025-10-29 07:05:38+00:00,0xd1A6524Fccd465ECa7AF2340B3D7fd2e3bbD792a,59144.0,0xe085D420cdf152Ab504FF05E9Dce440E45D62a03,FromIdle,0xd1A6524Fccd465ECa7AF2340B3D7fd2e3bbD792a,0x176211869cA2b568f2A7D4EE941E073a821EE1ff,0x9d2868bAfEaA293dAa7B5d1e6d1DD6B1a2239e3A,0xfB6448B96637d90FcF2E4Ad2c622A487d0496e6f,lineaUSD -> eUSDC-1,26554.98,26554.98,26300.191596,26550.996753,,,,0.06231608270478562,0.06231608270478562,0.06231608270478562,20.0,3.0,0.0,False,"ChainData(name='linea', block_autopool_first_deployed=24833829, chain_id=59144, start_unix_timestamp=1761230085, alchemy_network_enum='linea-mainnet')",KeyError,0.0,0.0,,
68,68,0x9d2868bAfEaA293dAa7B5d1e6d1DD6B1a2239e3A,0xd1A6524Fccd465ECa7AF2340B3D7fd2e3bbD792a,25015291,20291.105,rebalance_plan_1761695139_0xd1A6524Fccd465ECa7AF2340B3D7fd2e3bbD792a.json,,0.06292568855259673,EVK Vault eUSDC-1,lineaUSD,tokemak,euler,0xfB6448B96637d90FcF2E4Ad2c622A487d0496e6f,0xd1A6524Fccd465ECa7AF2340B3D7fd2e3bbD792a,rebalance_plan_1761695139_0xd1A6524Fccd465ECa7AF2340B3D7fd2e3bbD792a.json,2025-10-28 23:45:39+00:00,0xd1A6524Fccd465ECa7AF2340B3D7fd2e3bbD792a,59144.0,0xe085D420cdf152Ab504FF05E9Dce440E45D62a03,FromIdle,0xd1A6524Fccd465ECa7AF2340B3D7fd2e3bbD792a,0x176211869cA2b568f2A7D4EE941E073a821EE1ff,0x9d2868bAfEaA293dAa7B5d1e6d1DD6B1a2239e3A,0xfB6448B96637d90FcF2E4Ad2c622A487d0496e6f,lineaUSD -> eUSDC-1,20291.105,20291.105,20097.471911,20288.061334,,,,0.06292568855259673,0.06292568855259673,0.06292568855259673,20.0,3.0,0.0,False,"ChainData(name='linea', block_autopool_first_deployed=24833829, chain_id=59144, start_unix_timestamp=1761230085, alchemy_network_enum='linea-mainnet')",KeyError,0.0,0.0,,
69,69,0x9d2868bAfEaA293dAa7B5d1e6d1DD6B1a2239e3A,0xd1A6524Fccd465ECa7AF2340B3D7fd2e3bbD792a,25014225,30000.0,rebalance_plan_1761692738_0xd1A6524Fccd465ECa7AF2340B3D7fd2e3bbD792a.json,,0.06312809282879739,EVK Vault eUSDC-1,lineaUSD,tokemak,euler,0xfB6448B96637d90FcF2E4Ad2c622A487d0496e6f,0xd1A6524Fccd465ECa7AF2340B3D7fd2e3bbD792a,rebalance_plan_1761692738_0xd1A6524Fccd465ECa7AF2340B3D7fd2e3bbD792a.json,2025-10-28 23:05:38+00:00,0xd1A6524Fccd465ECa7AF2340B3D7fd2e3bbD792a,59144.0,0xe085D420cdf152Ab504FF05E9Dce440E45D62a03,FromIdle,0xd1A6524Fccd465ECa7AF2340B3D7fd2e3bbD792a,0x176211869cA2b568f2A7D4EE941E073a821EE1ff,0x9d2868bAfEaA293dAa7B5d1e6d1DD6B1a2239e3A,0xfB6448B96637d90FcF2E4Ad2c622A487d0496e6f,lineaUSD -> eUSDC-1,30000.0,30000.0,29713.864443,29995.5,,,,0.06312809282879739,0.06312809282879739,0.06312809282879739,20.0,3.0,0.0,False,"ChainData(name='linea', block_autopool_first_deployed=24833829, chain_id=59144, start_unix_timestamp=1761230085, alchemy_network_enum='linea-mainnet')",KeyError,0.0,0.0,,
70,70,0x9d2868bAfEaA293dAa7B5d1e6d1DD6B1a2239e3A,0xd1A6524Fccd465ECa7AF2340B3D7fd2e3bbD792a,24981213,15740.006,rebalance_plan_1761619539_0xd1A6524Fccd465ECa7AF2340B3D7fd2e3bbD792a.json,,0.06391134479947613,EVK Vault eUSDC-1,lineaUSD,tokemak,euler,0xfB6448B96637d90FcF2E4Ad2c622A487d0496e6f,0xd1A6524Fccd465ECa7AF2340B3D7fd2e3bbD792a,rebalance_plan_1761619539_0xd1A6524Fccd465ECa7AF2340B3D7fd2e3bbD792a.json,2025-10-28 02:45:39+00:00,0xd1A6524Fccd465ECa7AF2340B3D7fd2e3bbD792a,59144.0,0xe085D420cdf152Ab504FF05E9Dce440E45D62a03,FromIdle,0xd1A6524Fccd465ECa7AF2340B3D7fd2e3bbD792a,0x176211869cA2b568f2A7D4EE941E073a821EE1ff,0x9d2868bAfEaA293dAa7B5d1e6d1DD6B1a2239e3A,0xfB6448B96637d90FcF2E4Ad2c622A487d0496e6f,lineaUSD -> eUSDC-1,15740.006,15740.006,15592.135006,15737.644999,,,,0.06391134479947613,0.06391134479947613,0.06391134479947613,20.0,3.0,0.0,False,"ChainData(name='linea', block_autopool_first_deployed=24833829, chain_id=59144, start_unix_timestamp=1761230085, alchemy_network_enum='linea-mainnet')",KeyError,0.0,0.0,,
71,71,0x9d2868bAfEaA293dAa7B5d1e6d1DD6B1a2239e3A,0xd1A6524Fccd465ECa7AF2340B3D7fd2e3bbD792a,24980174,30000.0,rebalance_plan_1761617139_0xd1A6524Fccd465ECa7AF2340B3D7fd2e3bbD792a.json,,0.06396236898599078,EVK Vault eUSDC-1,lineaUSD,tokemak,euler,0xfB6448B96637d90FcF2E4Ad2c622A487d0496e6f,0xd1A6524Fccd465ECa7AF2340B3D7fd2e3bbD792a,rebalance_plan_1761617139_0xd1A6524Fccd465ECa7AF2340B3D7fd2e3bbD792a.json,2025-10-28 02:05:39+00:00,0xd1A6524Fccd465ECa7AF2340B3D7fd2e3bbD792a,59144.0,0xe085D420cdf152Ab504FF05E9Dce440E45D62a03,FromIdle,0xd1A6524Fccd465ECa7AF2340B3D7fd2e3bbD792a,0x176211869cA2b568f2A7D4EE941E073a821EE1ff,0x9d2868bAfEaA293dAa7B5d1e6d1DD6B1a2239e3A,0xfB6448B96637d90FcF2E4Ad2c622A487d0496e6f,lineaUSD -> eUSDC-1,30000.0,30000.0,29718.30933,29995.5,,,,0.06396236898599078,0.06396236898599078,0.06396236898599078,20.0,3.0,0.0,False,"ChainData(name='linea', block_autopool_first_deployed=24833829, chain_id=59144, start_unix_timestamp=1761230085, alchemy_network_enum='linea-mainnet')",KeyError,0.0,0.0,,
72,72,0x9d2868bAfEaA293dAa7B5d1e6d1DD6B1a2239e3A,0xd1A6524Fccd465ECa7AF2340B3D7fd2e3bbD792a,24979271,30000.0,rebalance_plan_1761614739_0xd1A6524Fccd465ECa7AF2340B3D7fd2e3bbD792a.json,,0.06389308186557587,EVK Vault eUSDC-1,lineaUSD,tokemak,euler,0xfB6448B96637d90FcF2E4Ad2c622A487d0496e6f,0xd1A6524Fccd465ECa7AF2340B3D7fd2e3bbD792a,rebalance_plan_1761614739_0xd1A6524Fccd465ECa7AF2340B3D7fd2e3bbD792a.json,2025-10-28 01:25:39+00:00,0xd1A6524Fccd465ECa7AF2340B3D7fd2e3bbD792a,59144.0,0xe085D420cdf152Ab504FF05E9Dce440E45D62a03,FromIdle,0xd1A6524Fccd465ECa7AF2340B3D7fd2e3bbD792a,0x176211869cA2b568f2A7D4EE941E073a821EE1ff,0x9d2868bAfEaA293dAa7B5d1e6d1DD6B1a2239e3A,0xfB6448B96637d90FcF2E4Ad2c622A487d0496e6f,lineaUSD -> eUSDC-1,30000.0,30000.0,29718.456534,29995.5,,,,0.06389308186557587,0.06389308186557587,0.06389308186557587,20.0,3.0,0.0,False,"ChainData(name='linea', block_autopool_first_deployed=24833829, chain_id=59144, start_unix_timestamp=1761230085, alchemy_network_enum='linea-mainnet')",KeyError,0.0,0.0,,
73,73,0x9d2868bAfEaA293dAa7B5d1e6d1DD6B1a2239e3A,0xd1A6524Fccd465ECa7AF2340B3D7fd2e3bbD792a,24976198,5003.962,rebalance_plan_1761606339_0xd1A6524Fccd465ECa7AF2340B3D7fd2e3bbD792a.json,,0.06361186000827831,EVK Vault eUSDC-1,lineaUSD,tokemak,euler,0xfB6448B96637d90FcF2E4Ad2c622A487d0496e6f,0xd1A6524Fccd465ECa7AF2340B3D7fd2e3bbD792a,rebalance_plan_1761606339_0xd1A6524Fccd465ECa7AF2340B3D7fd2e3bbD792a.json,2025-10-27 23:05:39+00:00,0xd1A6524Fccd465ECa7AF2340B3D7fd2e3bbD792a,59144.0,0xe085D420cdf152Ab504FF05E9Dce440E45D62a03,FromIdle,0xd1A6524Fccd465ECa7AF2340B3D7fd2e3bbD792a,0x176211869cA2b568f2A7D4EE941E073a821EE1ff,0x9d2868bAfEaA293dAa7B5d1e6d1DD6B1a2239e3A,0xfB6448B96637d90FcF2E4Ad2c622A487d0496e6f,lineaUSD -> eUSDC-1,5003.962,5003.962,4957.08439,5003.211405,,,,0.06361186000827831,0.06361186000827831,0.06361186000827831,20.0,3.0,0.0,False,"ChainData(name='linea', block_autopool_first_deployed=24833829, chain_id=59144, start_unix_timestamp=1761230085, alchemy_network_enum='linea-mainnet')",KeyError,0.0,0.0,,
74,74,0x9d2868bAfEaA293dAa7B5d1e6d1DD6B1a2239e3A,0xd1A6524Fccd465ECa7AF2340B3D7fd2e3bbD792a,24975317,30000.0,rebalance_plan_1761603938_0xd1A6524Fccd465ECa7AF2340B3D7fd2e3bbD792a.json,,0.0637534052220353,EVK Vault eUSDC-1,lineaUSD,tokemak,euler,0xfB6448B96637d90FcF2E4Ad2c622A487d0496e6f,0xd1A6524Fccd465ECa7AF2340B3D7fd2e3bbD792a,rebalance_plan_1761603938_0xd1A6524Fccd465ECa7AF2340B3D7fd2e3bbD792a.json,2025-10-27 22:25:38+00:00,0xd1A6524Fccd465ECa7AF2340B3D7fd2e3bbD792a,59144.0,0xe085D420cdf152Ab504FF05E9Dce440E45D62a03,FromIdle,0xd1A6524Fccd465ECa7AF2340B3D7fd2e3bbD792a,0x176211869cA2b568f2A7D4EE941E073a821EE1ff,0x9d2868bAfEaA293dAa7B5d1e6d1DD6B1a2239e3A,0xfB6448B96637d90FcF2E4Ad2c622A487d0496e6f,lineaUSD -> eUSDC-1,30000.0,30000.0,29719.104251,29995.5,,,,0.0637534052220353,0.0637534052220353,0.0637534052220353,20.0,3.0,0.0,False,"ChainData(name='linea', block_autopool_first_deployed=24833829, chain_id=59144, start_unix_timestamp=1761230085, alchemy_network_enum='linea-mainnet')",KeyError,0.0,0.0,,
75,75,0x9d2868bAfEaA293dAa7B5d1e6d1DD6B1a2239e3A,0xd1A6524Fccd465ECa7AF2340B3D7fd2e3bbD792a,24974436,30000.0,rebalance_plan_1761601538_0xd1A6524Fccd465ECa7AF2340B3D7fd2e3bbD792a.json,,0.06399499014103943,EVK Vault eUSDC-1,lineaUSD,tokemak,euler,0xfB6448B96637d90FcF2E4Ad2c622A487d0496e6f,0xd1A6524Fccd465ECa7AF2340B3D7fd2e3bbD792a,rebalance_plan_1761601538_0xd1A6524Fccd465ECa7AF2340B3D7fd2e3bbD792a.json,2025-10-27 21:45:38+00:00,0xd1A6524Fccd465ECa7AF2340B3D7fd2e3bbD792a,59144.0,0xe085D420cdf152Ab504FF05E9Dce440E45D62a03,FromIdle,0xd1A6524Fccd465ECa7AF2340B3D7fd2e3bbD792a,0x176211869cA2b568f2A7D4EE941E073a821EE1ff,0x9d2868bAfEaA293dAa7B5d1e6d1DD6B1a2239e3A,0xfB6448B96637d90FcF2E4Ad2c622A487d0496e6f,lineaUSD -> eUSDC-1,30000.0,30000.0,29719.251464,29995.5,,,,0.06399499014103943,0.06399499014103943,0.06399499014103943,20.0,3.0,0.0,False,"ChainData(name='linea', block_autopool_first_deployed=24833829, chain_id=59144, start_unix_timestamp=1761230085, alchemy_network_enum='linea-mainnet')",KeyError,0.0,0.0,,
76,76,0x9d2868bAfEaA293dAa7B5d1e6d1DD6B1a2239e3A,0xd1A6524Fccd465ECa7AF2340B3D7fd2e3bbD792a,24973547,30000.0,rebalance_plan_1761599139_0xd1A6524Fccd465ECa7AF2340B3D7fd2e3bbD792a.json,,0.060892986106544165,EVK Vault eUSDC-1,lineaUSD,tokemak,euler,0xfB6448B96637d90FcF2E4Ad2c622A487d0496e6f,0xd1A6524Fccd465ECa7AF2340B3D7fd2e3bbD792a,rebalance_plan_1761599139_0xd1A6524Fccd465ECa7AF2340B3D7fd2e3bbD792a.json,2025-10-27 21:05:39+00:00,0xd1A6524Fccd465ECa7AF2340B3D7fd2e3bbD792a,59144.0,0xe085D420cdf152Ab504FF05E9Dce440E45D62a03,FromIdle,0xd1A6524Fccd465ECa7AF2340B3D7fd2e3bbD792a,0x176211869cA2b568f2A7D4EE941E073a821EE1ff,0x9d2868bAfEaA293dAa7B5d1e6d1DD6B1a2239e3A,0xfB6448B96637d90FcF2E4Ad2c622A487d0496e6f,lineaUSD -> eUSDC-1,30000.0,30000.0,29719.398677,29995.5,,,,0.060892986106544165,0.060892986106544165,0.060892986106544165,20.0,3.0,0.0,False,"ChainData(name='linea', block_autopool_first_deployed=24833829, chain_id=59144, start_unix_timestamp=1761230085, alchemy_network_enum='linea-mainnet')",KeyError,0.0,0.0,,
77,77,0x9d2868bAfEaA293dAa7B5d1e6d1DD6B1a2239e3A,0xd1A6524Fccd465ECa7AF2340B3D7fd2e3bbD792a,24973010,30668.976,rebalance_plan_1761597764_0xd1A6524Fccd465ECa7AF2340B3D7fd2e3bbD792a.json,,0.06105283138170137,EVK Vault eUSDC-1,lineaUSD,tokemak,euler,0xfB6448B96637d90FcF2E4Ad2c622A487d0496e6f,0xd1A6524Fccd465ECa7AF2340B3D7fd2e3bbD792a,rebalance_plan_1761597764_0xd1A6524Fccd465ECa7AF2340B3D7fd2e3bbD792a.json,2025-10-27 20:42:44+00:00,0xd1A6524Fccd465ECa7AF2340B3D7fd2e3bbD792a,59144.0,0xe085D420cdf152Ab504FF05E9Dce440E45D62a03,FromIdle,0xd1A6524Fccd465ECa7AF2340B3D7fd2e3bbD792a,0x176211869cA2b568f2A7D4EE941E073a821EE1ff,0x9d2868bAfEaA293dAa7B5d1e6d1DD6B1a2239e3A,0xfB6448B96637d90FcF2E4Ad2c622A487d0496e6f,lineaUSD -> eUSDC-1,30668.976,30668.976,30382.207791,30664.375653,,,,0.06105283138170137,0.06105283138170137,0.06105283138170137,20.0,3.0,0.0,False,"ChainData(name='linea', block_autopool_first_deployed=24833829, chain_id=59144, start_unix_timestamp=1761230085, alchemy_network_enum='linea-mainnet')",KeyError,0.0,0.0,,
78,78,0x9d2868bAfEaA293dAa7B5d1e6d1DD6B1a2239e3A,0xd1A6524Fccd465ECa7AF2340B3D7fd2e3bbD792a,24900770,1461.1,rebalance_plan_1761407242_0xd1A6524Fccd465ECa7AF2340B3D7fd2e3bbD792a.json,,0.06369193773863571,EVK Vault eUSDC-1,lineaUSD,tokemak,euler,0xfB6448B96637d90FcF2E4Ad2c622A487d0496e6f,0xd1A6524Fccd465ECa7AF2340B3D7fd2e3bbD792a,rebalance_plan_1761407242_0xd1A6524Fccd465ECa7AF2340B3D7fd2e3bbD792a.json,2025-10-25 15:47:22+00:00,0xd1A6524Fccd465ECa7AF2340B3D7fd2e3bbD792a,59144.0,0xe085D420cdf152Ab504FF05E9Dce440E45D62a03,FromIdle,0xd1A6524Fccd465ECa7AF2340B3D7fd2e3bbD792a,0x176211869cA2b568f2A7D4EE941E073a821EE1ff,0x9d2868bAfEaA293dAa7B5d1e6d1DD6B1a2239e3A,0xfB6448B96637d90FcF2E4Ad2c622A487d0496e6f,lineaUSD -> eUSDC-1,1461.1,1461.1,1447.981763,1460.880835,,,,0.06369193773863571,0.06369193773863571,0.06369193773863571,20.0,3.0,0.0,False,"ChainData(name='linea', block_autopool_first_deployed=24833829, chain_id=59144, start_unix_timestamp=1761230085, alchemy_network_enum='linea-mainnet')",KeyError,0.0,0.0,,
